,restarts,conflicts,decisions,propagations,CPU time,Result,cnf_id,sample_id,file,final GPU time,refinement CPU time,refinement GPU time,GPU time,time
0,2.0,1455329.0,1660864.0,81116165.0,59.9815,INDETERMINATE,0,0,data/test/3sat/400/3sat_0.cnf,0.3171875476837158,0.0,0.0,0.3171875476837158,60.29868754768371
1,1.0,73715.0,85712.0,4316774.0,2.85384,SATISFIABLE,1,0,data/test/3sat/400/3sat_1.cnf,0.3171875476837158,0.0,0.0,0.3171875476837158,3.1710275476837158
2,2.0,1521246.0,1736836.0,85828493.0,59.9742,INDETERMINATE,2,0,data/test/3sat/400/3sat_10.cnf,0.3171875476837158,0.0,0.0,0.3171875476837158,60.29138754768372
3,1.0,3392.0,4166.0,213902.0,0.063538,SATISFIABLE,3,0,data/test/3sat/400/3sat_100.cnf,0.3171875476837158,0.0,0.0,0.3171875476837158,0.3807255476837158
4,2.0,1456000.0,1663873.0,81784486.0,59.9655,INDETERMINATE,4,0,data/test/3sat/400/3sat_101.cnf,0.3171875476837158,0.0,0.0,0.3171875476837158,60.282687547683715
5,2.0,1492001.0,1726008.0,85315676.0,59.9617,INDETERMINATE,5,0,data/test/3sat/400/3sat_102.cnf,0.3171875476837158,0.0,0.0,0.3171875476837158,60.278887547683716
6,2.0,1503918.0,1728846.0,85453333.0,59.9804,INDETERMINATE,6,0,data/test/3sat/400/3sat_103.cnf,0.3171875476837158,0.0,0.0,0.3171875476837158,60.29758754768372
7,2.0,1462874.0,1671227.0,81322625.0,59.9795,INDETERMINATE,7,0,data/test/3sat/400/3sat_104.cnf,0.3171875476837158,0.0,0.0,0.3171875476837158,60.29668754768372
8,2.0,1529186.0,1739748.0,87500942.0,59.981,INDETERMINATE,8,0,data/test/3sat/400/3sat_105.cnf,0.3171875476837158,0.0,0.0,0.3171875476837158,60.29818754768372
9,2.0,1429648.0,1634844.0,79662130.0,59.9603,INDETERMINATE,9,0,data/test/3sat/400/3sat_106.cnf,0.3171875476837158,0.0,0.0,0.3171875476837158,60.27748754768371
10,2.0,1384155.0,1590380.0,78943774.0,59.9817,INDETERMINATE,10,0,data/test/3sat/400/3sat_107.cnf,0.35352444648742676,0.0,0.0,0.35352444648742676,60.33522444648742
11,2.0,1474405.0,1698348.0,82567742.0,59.9873,INDETERMINATE,11,0,data/test/3sat/400/3sat_108.cnf,0.35352444648742676,0.0,0.0,0.35352444648742676,60.340824446487424
12,2.0,1528910.0,1751879.0,85650189.0,59.9873,INDETERMINATE,12,0,data/test/3sat/400/3sat_109.cnf,0.35352444648742676,0.0,0.0,0.35352444648742676,60.340824446487424
13,1.0,40661.0,47692.0,2496556.0,1.37723,SATISFIABLE,13,0,data/test/3sat/400/3sat_11.cnf,0.35352444648742676,0.0,0.0,0.35352444648742676,1.7307544464874267
14,2.0,1478325.0,1696679.0,85490518.0,59.9577,INDETERMINATE,14,0,data/test/3sat/400/3sat_110.cnf,0.35352444648742676,0.0,0.0,0.35352444648742676,60.31122444648743
15,2.0,1460000.0,1674860.0,85241793.0,59.9793,INDETERMINATE,15,0,data/test/3sat/400/3sat_111.cnf,0.35352444648742676,0.0,0.0,0.35352444648742676,60.33282444648743
16,2.0,1500570.0,1705637.0,86751475.0,59.9739,INDETERMINATE,16,0,data/test/3sat/400/3sat_112.cnf,0.35352444648742676,0.0,0.0,0.35352444648742676,60.32742444648743
17,2.0,1399205.0,1587695.0,80256455.0,59.9807,INDETERMINATE,17,0,data/test/3sat/400/3sat_113.cnf,0.35352444648742676,0.0,0.0,0.35352444648742676,60.334224446487426
18,2.0,1450881.0,1666113.0,82087415.0,59.9764,INDETERMINATE,18,0,data/test/3sat/400/3sat_114.cnf,0.35352444648742676,0.0,0.0,0.35352444648742676,60.329924446487425
19,2.0,1389123.0,1586142.0,78488939.0,59.9907,INDETERMINATE,19,0,data/test/3sat/400/3sat_115.cnf,0.35352444648742676,0.0,0.0,0.35352444648742676,60.344224446487424
20,2.0,1480529.0,1685179.0,82659555.0,59.9749,INDETERMINATE,20,0,data/test/3sat/400/3sat_116.cnf,0.37392711639404297,0.0,0.0,0.37392711639404297,60.34882711639404
21,2.0,1469021.0,1681607.0,82055340.0,59.9879,INDETERMINATE,21,0,data/test/3sat/400/3sat_117.cnf,0.37392711639404297,0.0,0.0,0.37392711639404297,60.361827116394046
22,2.0,1453635.0,1661781.0,81812875.0,59.961,INDETERMINATE,22,0,data/test/3sat/400/3sat_118.cnf,0.37392711639404297,0.0,0.0,0.37392711639404297,60.33492711639404
23,2.0,1507626.0,1724027.0,83438219.0,59.9857,INDETERMINATE,23,0,data/test/3sat/400/3sat_119.cnf,0.37392711639404297,0.0,0.0,0.37392711639404297,60.359627116394044
24,2.0,1439394.0,1646155.0,80849442.0,59.9676,INDETERMINATE,24,0,data/test/3sat/400/3sat_12.cnf,0.37392711639404297,0.0,0.0,0.37392711639404297,60.34152711639404
25,1.0,75813.0,87762.0,4687360.0,3.09677,SATISFIABLE,25,0,data/test/3sat/400/3sat_120.cnf,0.37392711639404297,0.0,0.0,0.37392711639404297,3.4706971163940428
26,1.0,47329.0,54623.0,2823769.0,1.39819,SATISFIABLE,26,0,data/test/3sat/400/3sat_121.cnf,0.37392711639404297,0.0,0.0,0.37392711639404297,1.772117116394043
27,2.0,1514729.0,1732825.0,86586049.0,59.9887,INDETERMINATE,27,0,data/test/3sat/400/3sat_122.cnf,0.37392711639404297,0.0,0.0,0.37392711639404297,60.362627116394044
28,2.0,1486524.0,1691169.0,84692276.0,59.9779,INDETERMINATE,28,0,data/test/3sat/400/3sat_123.cnf,0.37392711639404297,0.0,0.0,0.37392711639404297,60.35182711639404
29,1.0,654.0,900.0,43163.0,0.01593,SATISFIABLE,29,0,data/test/3sat/400/3sat_124.cnf,0.37392711639404297,0.0,0.0,0.37392711639404297,0.38985711639404297
30,1.0,87018.0,101016.0,5296049.0,3.10003,SATISFIABLE,30,0,data/test/3sat/400/3sat_125.cnf,0.3416781425476074,0.0,0.0,0.3416781425476074,3.4417081425476073
31,2.0,1485117.0,1698137.0,85139931.0,59.9791,INDETERMINATE,31,0,data/test/3sat/400/3sat_126.cnf,0.3416781425476074,0.0,0.0,0.3416781425476074,60.32077814254761
32,2.0,1421667.0,1645784.0,83279608.0,59.9823,INDETERMINATE,32,0,data/test/3sat/400/3sat_127.cnf,0.3416781425476074,0.0,0.0,0.3416781425476074,60.32397814254761
33,2.0,972401.0,1117185.0,56912346.0,34.8454,SATISFIABLE,33,0,data/test/3sat/400/3sat_128.cnf,0.3416781425476074,0.0,0.0,0.3416781425476074,35.187078142547605
34,1.0,28034.0,33114.0,1750425.0,0.802398,SATISFIABLE,34,0,data/test/3sat/400/3sat_129.cnf,0.3416781425476074,0.0,0.0,0.3416781425476074,1.1440761425476074
35,2.0,1476414.0,1697717.0,84789171.0,59.9911,INDETERMINATE,35,0,data/test/3sat/400/3sat_13.cnf,0.3416781425476074,0.0,0.0,0.3416781425476074,60.33277814254761
36,2.0,121568.0,139021.0,7304329.0,4.53361,SATISFIABLE,36,0,data/test/3sat/400/3sat_130.cnf,0.3416781425476074,0.0,0.0,0.3416781425476074,4.875288142547608
37,1.0,82086.0,96037.0,5035591.0,3.30567,SATISFIABLE,37,0,data/test/3sat/400/3sat_131.cnf,0.3416781425476074,0.0,0.0,0.3416781425476074,3.6473481425476075
38,1.0,4890.0,5982.0,303741.0,0.103007,SATISFIABLE,38,0,data/test/3sat/400/3sat_132.cnf,0.3416781425476074,0.0,0.0,0.3416781425476074,0.44468514254760744
39,2.0,1443652.0,1668868.0,84025910.0,59.9725,INDETERMINATE,39,0,data/test/3sat/400/3sat_133.cnf,0.3416781425476074,0.0,0.0,0.3416781425476074,60.314178142547604
40,2.0,1436127.0,1643733.0,80302967.0,59.9855,INDETERMINATE,40,0,data/test/3sat/400/3sat_134.cnf,0.3286159038543701,0.0,0.0,0.3286159038543701,60.31411590385437
41,2.0,1543177.0,1756593.0,86155837.0,59.9824,INDETERMINATE,41,0,data/test/3sat/400/3sat_135.cnf,0.3286159038543701,0.0,0.0,0.3286159038543701,60.31101590385437
42,2.0,1430774.0,1640766.0,84018644.0,59.9883,INDETERMINATE,42,0,data/test/3sat/400/3sat_136.cnf,0.3286159038543701,0.0,0.0,0.3286159038543701,60.31691590385437
43,2.0,1458789.0,1653676.0,78742032.0,59.9795,INDETERMINATE,43,0,data/test/3sat/400/3sat_137.cnf,0.3286159038543701,0.0,0.0,0.3286159038543701,60.30811590385437
44,2.0,1556171.0,1770424.0,89910086.0,59.994,INDETERMINATE,44,0,data/test/3sat/400/3sat_138.cnf,0.3286159038543701,0.0,0.0,0.3286159038543701,60.32261590385437
45,2.0,1541823.0,1771652.0,88032295.0,59.9916,INDETERMINATE,45,0,data/test/3sat/400/3sat_139.cnf,0.3286159038543701,0.0,0.0,0.3286159038543701,60.32021590385437
46,2.0,133587.0,154405.0,8365184.0,5.25882,SATISFIABLE,46,0,data/test/3sat/400/3sat_14.cnf,0.3286159038543701,0.0,0.0,0.3286159038543701,5.58743590385437
47,2.0,1244295.0,1419655.0,73705026.0,49.3209,SATISFIABLE,47,0,data/test/3sat/400/3sat_140.cnf,0.3286159038543701,0.0,0.0,0.3286159038543701,49.64951590385437
48,1.0,71109.0,82102.0,4299119.0,2.89969,SATISFIABLE,48,0,data/test/3sat/400/3sat_141.cnf,0.3286159038543701,0.0,0.0,0.3286159038543701,3.22830590385437
49,1.0,61037.0,70865.0,3765471.0,2.08493,SATISFIABLE,49,0,data/test/3sat/400/3sat_142.cnf,0.3286159038543701,0.0,0.0,0.3286159038543701,2.41354590385437
50,2.0,1442018.0,1655969.0,82919834.0,59.9699,INDETERMINATE,50,0,data/test/3sat/400/3sat_143.cnf,0.32368946075439453,0.0,0.0,0.32368946075439453,60.2935894607544
51,2.0,1356852.0,1541255.0,75574985.0,60.0001,INDETERMINATE,51,0,data/test/3sat/400/3sat_144.cnf,0.32368946075439453,0.0,0.0,0.32368946075439453,60.3237894607544
52,2.0,1409864.0,1630382.0,80606840.0,59.9954,INDETERMINATE,52,0,data/test/3sat/400/3sat_145.cnf,0.32368946075439453,0.0,0.0,0.32368946075439453,60.31908946075439
53,2.0,1462969.0,1674611.0,82095687.0,59.983,INDETERMINATE,53,0,data/test/3sat/400/3sat_146.cnf,0.32368946075439453,0.0,0.0,0.32368946075439453,60.30668946075439
54,2.0,392510.0,450448.0,23393708.0,13.2297,SATISFIABLE,54,0,data/test/3sat/400/3sat_147.cnf,0.32368946075439453,0.0,0.0,0.32368946075439453,13.553389460754394
55,2.0,1482671.0,1703879.0,86640268.0,59.9727,INDETERMINATE,55,0,data/test/3sat/400/3sat_148.cnf,0.32368946075439453,0.0,0.0,0.32368946075439453,60.2963894607544
56,1.0,97366.0,112279.0,5819460.0,3.86708,SATISFIABLE,56,0,data/test/3sat/400/3sat_149.cnf,0.32368946075439453,0.0,0.0,0.32368946075439453,4.190769460754394
57,2.0,1463507.0,1663083.0,83260056.0,59.9771,INDETERMINATE,57,0,data/test/3sat/400/3sat_15.cnf,0.32368946075439453,0.0,0.0,0.32368946075439453,60.300789460754395
58,1.0,16970.0,19929.0,1057698.0,0.401526,SATISFIABLE,58,0,data/test/3sat/400/3sat_150.cnf,0.32368946075439453,0.0,0.0,0.32368946075439453,0.7252154607543946
59,2.0,1456939.0,1654925.0,84010057.0,59.9811,INDETERMINATE,59,0,data/test/3sat/400/3sat_151.cnf,0.32368946075439453,0.0,0.0,0.32368946075439453,60.30478946075439
60,2.0,1489621.0,1715222.0,83539853.0,59.9657,INDETERMINATE,60,0,data/test/3sat/400/3sat_152.cnf,0.33208417892456055,0.0,0.0,0.33208417892456055,60.29778417892456
61,2.0,1411817.0,1609374.0,79227476.0,59.978,INDETERMINATE,61,0,data/test/3sat/400/3sat_153.cnf,0.33208417892456055,0.0,0.0,0.33208417892456055,60.31008417892456
62,1.0,42118.0,49122.0,2596236.0,1.42878,SATISFIABLE,62,0,data/test/3sat/400/3sat_154.cnf,0.33208417892456055,0.0,0.0,0.33208417892456055,1.7608641789245605
63,2.0,1463140.0,1667067.0,81799179.0,59.9937,INDETERMINATE,63,0,data/test/3sat/400/3sat_155.cnf,0.33208417892456055,0.0,0.0,0.33208417892456055,60.32578417892456
64,2.0,1426372.0,1627308.0,80951408.0,59.967,INDETERMINATE,64,0,data/test/3sat/400/3sat_156.cnf,0.33208417892456055,0.0,0.0,0.33208417892456055,60.29908417892456
65,1.0,75250.0,88905.0,4657000.0,2.99803,SATISFIABLE,65,0,data/test/3sat/400/3sat_157.cnf,0.33208417892456055,0.0,0.0,0.33208417892456055,3.3301141789245605
66,2.0,1444641.0,1636714.0,80438696.0,59.9744,INDETERMINATE,66,0,data/test/3sat/400/3sat_158.cnf,0.33208417892456055,0.0,0.0,0.33208417892456055,60.30648417892456
67,2.0,1449744.0,1665340.0,83450453.0,59.9633,INDETERMINATE,67,0,data/test/3sat/400/3sat_159.cnf,0.33208417892456055,0.0,0.0,0.33208417892456055,60.29538417892456
68,2.0,1519433.0,1726059.0,87252725.0,59.9584,INDETERMINATE,68,0,data/test/3sat/400/3sat_16.cnf,0.33208417892456055,0.0,0.0,0.33208417892456055,60.29048417892456
69,2.0,1477658.0,1692128.0,82482269.0,59.9842,INDETERMINATE,69,0,data/test/3sat/400/3sat_160.cnf,0.33208417892456055,0.0,0.0,0.33208417892456055,60.31628417892456
70,2.0,1518333.0,1729278.0,87873282.0,59.969,INDETERMINATE,70,0,data/test/3sat/400/3sat_161.cnf,0.31345534324645996,0.0,0.0,0.31345534324645996,60.28245534324646
71,2.0,1356093.0,1533756.0,76463153.0,59.9788,INDETERMINATE,71,0,data/test/3sat/400/3sat_162.cnf,0.31345534324645996,0.0,0.0,0.31345534324645996,60.29225534324646
72,2.0,1414302.0,1606131.0,79680624.0,59.9877,INDETERMINATE,72,0,data/test/3sat/400/3sat_163.cnf,0.31345534324645996,0.0,0.0,0.31345534324645996,60.30115534324646
73,2.0,1462654.0,1678548.0,85075030.0,59.9639,INDETERMINATE,73,0,data/test/3sat/400/3sat_164.cnf,0.31345534324645996,0.0,0.0,0.31345534324645996,60.27735534324646
74,1.0,7043.0,8408.0,453223.0,0.1432,SATISFIABLE,74,0,data/test/3sat/400/3sat_165.cnf,0.31345534324645996,0.0,0.0,0.31345534324645996,0.45665534324645995
75,2.0,1539604.0,1760121.0,86928100.0,59.9755,INDETERMINATE,75,0,data/test/3sat/400/3sat_166.cnf,0.31345534324645996,0.0,0.0,0.31345534324645996,60.28895534324646
76,2.0,399529.0,460797.0,23951550.0,13.2756,SATISFIABLE,76,0,data/test/3sat/400/3sat_167.cnf,0.31345534324645996,0.0,0.0,0.31345534324645996,13.58905534324646
77,2.0,1406177.0,1590030.0,80526134.0,59.9547,INDETERMINATE,77,0,data/test/3sat/400/3sat_168.cnf,0.31345534324645996,0.0,0.0,0.31345534324645996,60.26815534324646
78,2.0,1430453.0,1642031.0,82627578.0,59.9867,INDETERMINATE,78,0,data/test/3sat/400/3sat_169.cnf,0.31345534324645996,0.0,0.0,0.31345534324645996,60.30015534324646
79,2.0,1352004.0,1549057.0,76038394.0,59.966,INDETERMINATE,79,0,data/test/3sat/400/3sat_17.cnf,0.31345534324645996,0.0,0.0,0.31345534324645996,60.27945534324646
80,2.0,1384061.0,1579477.0,77056910.0,59.9826,INDETERMINATE,80,0,data/test/3sat/400/3sat_170.cnf,0.3113737106323242,0.0,0.0,0.3113737106323242,60.29397371063232
81,2.0,1382286.0,1574989.0,78578006.0,59.9821,INDETERMINATE,81,0,data/test/3sat/400/3sat_171.cnf,0.3113737106323242,0.0,0.0,0.3113737106323242,60.29347371063233
82,2.0,1427188.0,1647612.0,82971037.0,59.9884,INDETERMINATE,82,0,data/test/3sat/400/3sat_172.cnf,0.3113737106323242,0.0,0.0,0.3113737106323242,60.29977371063232
83,2.0,1412490.0,1614738.0,81120905.0,59.9728,INDETERMINATE,83,0,data/test/3sat/400/3sat_173.cnf,0.3113737106323242,0.0,0.0,0.3113737106323242,60.284173710632324
84,2.0,1429114.0,1622372.0,80423150.0,59.9691,INDETERMINATE,84,0,data/test/3sat/400/3sat_174.cnf,0.3113737106323242,0.0,0.0,0.3113737106323242,60.28047371063232
85,2.0,1547911.0,1755972.0,85585961.0,59.9734,INDETERMINATE,85,0,data/test/3sat/400/3sat_175.cnf,0.3113737106323242,0.0,0.0,0.3113737106323242,60.28477371063232
86,1.0,44850.0,52377.0,2659490.0,1.5127,SATISFIABLE,86,0,data/test/3sat/400/3sat_176.cnf,0.3113737106323242,0.0,0.0,0.3113737106323242,1.8240737106323242
87,2.0,1432642.0,1623278.0,82383054.0,59.9731,INDETERMINATE,87,0,data/test/3sat/400/3sat_177.cnf,0.3113737106323242,0.0,0.0,0.3113737106323242,60.28447371063233
88,2.0,1505911.0,1742378.0,87279880.0,59.9635,INDETERMINATE,88,0,data/test/3sat/400/3sat_178.cnf,0.3113737106323242,0.0,0.0,0.3113737106323242,60.27487371063233
89,2.0,1515054.0,1724902.0,87080710.0,59.9716,INDETERMINATE,89,0,data/test/3sat/400/3sat_179.cnf,0.3113737106323242,0.0,0.0,0.3113737106323242,60.28297371063233
90,2.0,1411436.0,1613490.0,81175625.0,59.9619,INDETERMINATE,90,0,data/test/3sat/400/3sat_18.cnf,0.30816650390625,0.0,0.0,0.30816650390625,60.27006650390625
91,2.0,479866.0,551097.0,28918715.0,16.9212,SATISFIABLE,91,0,data/test/3sat/400/3sat_180.cnf,0.30816650390625,0.0,0.0,0.30816650390625,17.22936650390625
92,1.0,52050.0,59791.0,3130772.0,1.92294,SATISFIABLE,92,0,data/test/3sat/400/3sat_181.cnf,0.30816650390625,0.0,0.0,0.30816650390625,2.23110650390625
93,2.0,1475476.0,1690307.0,81500862.0,59.9725,INDETERMINATE,93,0,data/test/3sat/400/3sat_182.cnf,0.30816650390625,0.0,0.0,0.30816650390625,60.28066650390625
94,2.0,1469525.0,1678258.0,82434242.0,59.9773,INDETERMINATE,94,0,data/test/3sat/400/3sat_183.cnf,0.30816650390625,0.0,0.0,0.30816650390625,60.28546650390625
95,2.0,1466882.0,1670996.0,84065074.0,59.9692,INDETERMINATE,95,0,data/test/3sat/400/3sat_184.cnf,0.30816650390625,0.0,0.0,0.30816650390625,60.27736650390625
96,2.0,1578302.0,1784942.0,88608416.0,59.9882,INDETERMINATE,96,0,data/test/3sat/400/3sat_185.cnf,0.30816650390625,0.0,0.0,0.30816650390625,60.29636650390625
97,2.0,1360027.0,1553911.0,74265357.0,59.9776,INDETERMINATE,97,0,data/test/3sat/400/3sat_186.cnf,0.30816650390625,0.0,0.0,0.30816650390625,60.28576650390625
98,2.0,1348149.0,1553646.0,76050379.0,59.9732,INDETERMINATE,98,0,data/test/3sat/400/3sat_187.cnf,0.30816650390625,0.0,0.0,0.30816650390625,60.28136650390625
99,2.0,1541104.0,1760086.0,88115812.0,59.9785,INDETERMINATE,99,0,data/test/3sat/400/3sat_188.cnf,0.30816650390625,0.0,0.0,0.30816650390625,60.28666650390625
100,2.0,1379286.0,1576809.0,79213508.0,59.9842,INDETERMINATE,100,0,data/test/3sat/400/3sat_189.cnf,0.34957122802734375,0.0,0.0,0.34957122802734375,60.333771228027345
101,1.0,89648.0,102340.0,5281405.0,3.7725,SATISFIABLE,101,0,data/test/3sat/400/3sat_19.cnf,0.34957122802734375,0.0,0.0,0.34957122802734375,4.122071228027344
102,1.0,1353.0,1762.0,87323.0,0.022714,SATISFIABLE,102,0,data/test/3sat/400/3sat_190.cnf,0.34957122802734375,0.0,0.0,0.34957122802734375,0.37228522802734376
103,2.0,1443189.0,1638890.0,81398431.0,59.975,INDETERMINATE,103,0,data/test/3sat/400/3sat_191.cnf,0.34957122802734375,0.0,0.0,0.34957122802734375,60.324571228027345
104,2.0,1401973.0,1617487.0,79144417.0,59.9523,INDETERMINATE,104,0,data/test/3sat/400/3sat_192.cnf,0.34957122802734375,0.0,0.0,0.34957122802734375,60.301871228027345
105,2.0,1388201.0,1584409.0,80363715.0,59.961,INDETERMINATE,105,0,data/test/3sat/400/3sat_193.cnf,0.34957122802734375,0.0,0.0,0.34957122802734375,60.31057122802734
106,2.0,1376446.0,1562835.0,78433144.0,59.9888,INDETERMINATE,106,0,data/test/3sat/400/3sat_194.cnf,0.34957122802734375,0.0,0.0,0.34957122802734375,60.33837122802734
107,2.0,1495851.0,1706960.0,87300292.0,59.9829,INDETERMINATE,107,0,data/test/3sat/400/3sat_195.cnf,0.34957122802734375,0.0,0.0,0.34957122802734375,60.332471228027345
108,2.0,885139.0,1017689.0,51832819.0,30.9734,SATISFIABLE,108,0,data/test/3sat/400/3sat_196.cnf,0.34957122802734375,0.0,0.0,0.34957122802734375,31.322971228027345
109,2.0,1478246.0,1685453.0,82894575.0,59.9762,INDETERMINATE,109,0,data/test/3sat/400/3sat_197.cnf,0.34957122802734375,0.0,0.0,0.34957122802734375,60.32577122802734
110,2.0,1429055.0,1634927.0,82761984.0,59.9852,INDETERMINATE,110,0,data/test/3sat/400/3sat_198.cnf,0.4176971912384033,0.0,0.0,0.4176971912384033,60.4028971912384
111,2.0,1414770.0,1620769.0,78974641.0,59.963,INDETERMINATE,111,0,data/test/3sat/400/3sat_199.cnf,0.4176971912384033,0.0,0.0,0.4176971912384033,60.380697191238404
112,2.0,1447518.0,1652406.0,84072379.0,59.9693,INDETERMINATE,112,0,data/test/3sat/400/3sat_2.cnf,0.4176971912384033,0.0,0.0,0.4176971912384033,60.3869971912384
113,2.0,361980.0,419239.0,21758927.0,12.3471,SATISFIABLE,113,0,data/test/3sat/400/3sat_20.cnf,0.4176971912384033,0.0,0.0,0.4176971912384033,12.764797191238403
114,2.0,1449625.0,1677978.0,84377045.0,59.9583,INDETERMINATE,114,0,data/test/3sat/400/3sat_21.cnf,0.4176971912384033,0.0,0.0,0.4176971912384033,60.375997191238405
115,1.0,41448.0,48376.0,2524622.0,1.34187,SATISFIABLE,115,0,data/test/3sat/400/3sat_22.cnf,0.4176971912384033,0.0,0.0,0.4176971912384033,1.7595671912384032
116,2.0,1391556.0,1592153.0,77260880.0,59.9707,INDETERMINATE,116,0,data/test/3sat/400/3sat_23.cnf,0.4176971912384033,0.0,0.0,0.4176971912384033,60.388397191238404
117,1.0,97677.0,112677.0,5872880.0,4.09343,SATISFIABLE,117,0,data/test/3sat/400/3sat_24.cnf,0.4176971912384033,0.0,0.0,0.4176971912384033,4.511127191238403
118,1.0,41249.0,47888.0,2486997.0,1.17217,SATISFIABLE,118,0,data/test/3sat/400/3sat_25.cnf,0.4176971912384033,0.0,0.0,0.4176971912384033,1.5898671912384033
119,2.0,1386068.0,1582370.0,79433331.0,59.975,INDETERMINATE,119,0,data/test/3sat/400/3sat_26.cnf,0.4176971912384033,0.0,0.0,0.4176971912384033,60.392697191238405
120,1.0,9470.0,11447.0,605518.0,0.188583,SATISFIABLE,120,0,data/test/3sat/400/3sat_27.cnf,0.32419323921203613,0.0,0.0,0.32419323921203613,0.5127762392120361
121,2.0,1511551.0,1730113.0,85649051.0,59.9726,INDETERMINATE,121,0,data/test/3sat/400/3sat_28.cnf,0.32419323921203613,0.0,0.0,0.32419323921203613,60.296793239212036
122,2.0,1515190.0,1726487.0,87140940.0,59.9806,INDETERMINATE,122,0,data/test/3sat/400/3sat_29.cnf,0.32419323921203613,0.0,0.0,0.32419323921203613,60.30479323921204
123,2.0,1517115.0,1739589.0,89277348.0,59.9801,INDETERMINATE,123,0,data/test/3sat/400/3sat_3.cnf,0.32419323921203613,0.0,0.0,0.32419323921203613,60.304293239212036
124,2.0,1448847.0,1652657.0,83775297.0,59.9745,INDETERMINATE,124,0,data/test/3sat/400/3sat_30.cnf,0.32419323921203613,0.0,0.0,0.32419323921203613,60.298693239212035
125,2.0,1338970.0,1530913.0,75099722.0,59.9854,INDETERMINATE,125,0,data/test/3sat/400/3sat_31.cnf,0.32419323921203613,0.0,0.0,0.32419323921203613,60.309593239212035
126,2.0,1420042.0,1606142.0,79992315.0,59.9596,INDETERMINATE,126,0,data/test/3sat/400/3sat_32.cnf,0.32419323921203613,0.0,0.0,0.32419323921203613,60.28379323921204
127,2.0,1419581.0,1628684.0,80944240.0,59.9744,INDETERMINATE,127,0,data/test/3sat/400/3sat_33.cnf,0.32419323921203613,0.0,0.0,0.32419323921203613,60.29859323921204
128,2.0,1533179.0,1750965.0,88825114.0,59.9631,INDETERMINATE,128,0,data/test/3sat/400/3sat_34.cnf,0.32419323921203613,0.0,0.0,0.32419323921203613,60.28729323921203
129,2.0,1506269.0,1729729.0,82975914.0,59.9882,INDETERMINATE,129,0,data/test/3sat/400/3sat_35.cnf,0.32419323921203613,0.0,0.0,0.32419323921203613,60.312393239212035
130,2.0,1457752.0,1668196.0,81846800.0,59.9776,INDETERMINATE,130,0,data/test/3sat/400/3sat_36.cnf,0.3246304988861084,0.0,0.0,0.3246304988861084,60.30223049888611
131,2.0,1466569.0,1664508.0,82551432.0,59.9568,INDETERMINATE,131,0,data/test/3sat/400/3sat_37.cnf,0.3246304988861084,0.0,0.0,0.3246304988861084,60.28143049888611
132,2.0,1481158.0,1691473.0,84573874.0,59.9896,INDETERMINATE,132,0,data/test/3sat/400/3sat_38.cnf,0.3246304988861084,0.0,0.0,0.3246304988861084,60.31423049888611
133,2.0,1450436.0,1668800.0,81197501.0,59.965,INDETERMINATE,133,0,data/test/3sat/400/3sat_39.cnf,0.3246304988861084,0.0,0.0,0.3246304988861084,60.28963049888611
134,2.0,1494908.0,1706275.0,83990846.0,59.9585,INDETERMINATE,134,0,data/test/3sat/400/3sat_4.cnf,0.3246304988861084,0.0,0.0,0.3246304988861084,60.28313049888611
135,2.0,1525917.0,1743620.0,86833449.0,59.9768,INDETERMINATE,135,0,data/test/3sat/400/3sat_40.cnf,0.3246304988861084,0.0,0.0,0.3246304988861084,60.301430498886106
136,2.0,1354640.0,1538204.0,75415402.0,59.969,INDETERMINATE,136,0,data/test/3sat/400/3sat_41.cnf,0.3246304988861084,0.0,0.0,0.3246304988861084,60.29363049888611
137,2.0,1557782.0,1770144.0,84615553.0,59.9771,INDETERMINATE,137,0,data/test/3sat/400/3sat_42.cnf,0.3246304988861084,0.0,0.0,0.3246304988861084,60.30173049888611
138,2.0,1435781.0,1632654.0,81977374.0,59.971,INDETERMINATE,138,0,data/test/3sat/400/3sat_43.cnf,0.3246304988861084,0.0,0.0,0.3246304988861084,60.295630498886105
139,2.0,1439094.0,1648121.0,83141392.0,59.9748,INDETERMINATE,139,0,data/test/3sat/400/3sat_44.cnf,0.3246304988861084,0.0,0.0,0.3246304988861084,60.29943049888611
140,2.0,1508384.0,1700589.0,84202012.0,59.9807,INDETERMINATE,140,0,data/test/3sat/400/3sat_45.cnf,0.3225421905517578,0.0,0.0,0.3225421905517578,60.30324219055176
141,2.0,977212.0,1110702.0,56336677.0,37.0045,SATISFIABLE,141,0,data/test/3sat/400/3sat_46.cnf,0.3225421905517578,0.0,0.0,0.3225421905517578,37.32704219055176
142,1.0,63966.0,73444.0,4017900.0,2.55969,SATISFIABLE,142,0,data/test/3sat/400/3sat_47.cnf,0.3225421905517578,0.0,0.0,0.3225421905517578,2.8822321905517576
143,2.0,1457108.0,1666985.0,81333592.0,59.9696,INDETERMINATE,143,0,data/test/3sat/400/3sat_48.cnf,0.3225421905517578,0.0,0.0,0.3225421905517578,60.29214219055176
144,2.0,1411529.0,1618027.0,81612800.0,59.9792,INDETERMINATE,144,0,data/test/3sat/400/3sat_49.cnf,0.3225421905517578,0.0,0.0,0.3225421905517578,60.30174219055176
145,2.0,1425622.0,1632954.0,80630099.0,59.9858,INDETERMINATE,145,0,data/test/3sat/400/3sat_5.cnf,0.3225421905517578,0.0,0.0,0.3225421905517578,60.308342190551755
146,2.0,1387068.0,1586640.0,79710143.0,59.9967,INDETERMINATE,146,0,data/test/3sat/400/3sat_50.cnf,0.3225421905517578,0.0,0.0,0.3225421905517578,60.319242190551755
147,2.0,1460330.0,1670367.0,83072576.0,59.99,INDETERMINATE,147,0,data/test/3sat/400/3sat_51.cnf,0.3225421905517578,0.0,0.0,0.3225421905517578,60.31254219055176
148,2.0,1562715.0,1804292.0,87993010.0,59.9848,INDETERMINATE,148,0,data/test/3sat/400/3sat_52.cnf,0.3225421905517578,0.0,0.0,0.3225421905517578,60.30734219055176
149,2.0,1446271.0,1649063.0,78536442.0,59.963,INDETERMINATE,149,0,data/test/3sat/400/3sat_53.cnf,0.3225421905517578,0.0,0.0,0.3225421905517578,60.28554219055176
150,2.0,612353.0,699215.0,35959808.0,21.7856,SATISFIABLE,150,0,data/test/3sat/400/3sat_54.cnf,0.3172457218170166,0.0,0.0,0.3172457218170166,22.102845721817015
151,2.0,1543752.0,1761212.0,87045601.0,59.9624,INDETERMINATE,151,0,data/test/3sat/400/3sat_55.cnf,0.3172457218170166,0.0,0.0,0.3172457218170166,60.27964572181702
152,2.0,1399819.0,1580824.0,80070883.0,59.9856,INDETERMINATE,152,0,data/test/3sat/400/3sat_56.cnf,0.3172457218170166,0.0,0.0,0.3172457218170166,60.302845721817015
153,2.0,1462951.0,1663087.0,81865298.0,59.9747,INDETERMINATE,153,0,data/test/3sat/400/3sat_57.cnf,0.3172457218170166,0.0,0.0,0.3172457218170166,60.291945721817015
154,2.0,1574051.0,1795632.0,93278722.0,59.9875,INDETERMINATE,154,0,data/test/3sat/400/3sat_58.cnf,0.3172457218170166,0.0,0.0,0.3172457218170166,60.304745721817014
155,2.0,1494181.0,1711234.0,84106099.0,59.9904,INDETERMINATE,155,0,data/test/3sat/400/3sat_59.cnf,0.3172457218170166,0.0,0.0,0.3172457218170166,60.30764572181702
156,2.0,1487877.0,1687185.0,83125413.0,59.9615,INDETERMINATE,156,0,data/test/3sat/400/3sat_6.cnf,0.3172457218170166,0.0,0.0,0.3172457218170166,60.27874572181702
157,2.0,1398936.0,1592002.0,80445098.0,59.9802,INDETERMINATE,157,0,data/test/3sat/400/3sat_60.cnf,0.3172457218170166,0.0,0.0,0.3172457218170166,60.29744572181702
158,2.0,1448597.0,1637078.0,81346576.0,59.9779,INDETERMINATE,158,0,data/test/3sat/400/3sat_61.cnf,0.3172457218170166,0.0,0.0,0.3172457218170166,60.295145721817015
159,2.0,1522887.0,1726940.0,87769517.0,59.9807,INDETERMINATE,159,0,data/test/3sat/400/3sat_62.cnf,0.3172457218170166,0.0,0.0,0.3172457218170166,60.297945721817015
160,2.0,138136.0,157894.0,8130882.0,5.01237,SATISFIABLE,160,0,data/test/3sat/400/3sat_63.cnf,0.3337230682373047,0.0,0.0,0.3337230682373047,5.3460930682373045
161,2.0,1438182.0,1627443.0,80314441.0,59.9776,INDETERMINATE,161,0,data/test/3sat/400/3sat_64.cnf,0.3337230682373047,0.0,0.0,0.3337230682373047,60.31132306823731
162,1.0,224.0,339.0,14565.0,0.004391,SATISFIABLE,162,0,data/test/3sat/400/3sat_65.cnf,0.3337230682373047,0.0,0.0,0.3337230682373047,0.33811406823730467
163,2.0,1390205.0,1595503.0,80214908.0,59.9801,INDETERMINATE,163,0,data/test/3sat/400/3sat_66.cnf,0.3337230682373047,0.0,0.0,0.3337230682373047,60.313823068237305
164,2.0,1487836.0,1701026.0,85776591.0,59.9994,INDETERMINATE,164,0,data/test/3sat/400/3sat_67.cnf,0.3337230682373047,0.0,0.0,0.3337230682373047,60.333123068237306
165,2.0,1447434.0,1656290.0,81967103.0,59.9906,INDETERMINATE,165,0,data/test/3sat/400/3sat_68.cnf,0.3337230682373047,0.0,0.0,0.3337230682373047,60.324323068237305
166,2.0,1460185.0,1673994.0,86978548.0,59.9799,INDETERMINATE,166,0,data/test/3sat/400/3sat_69.cnf,0.3337230682373047,0.0,0.0,0.3337230682373047,60.313623068237305
167,2.0,1513785.0,1708657.0,83788768.0,59.9794,INDETERMINATE,167,0,data/test/3sat/400/3sat_7.cnf,0.3337230682373047,0.0,0.0,0.3337230682373047,60.3131230682373
168,1.0,2512.0,3124.0,152890.0,0.047542,SATISFIABLE,168,0,data/test/3sat/400/3sat_70.cnf,0.3337230682373047,0.0,0.0,0.3337230682373047,0.38126506823730466
169,2.0,1452664.0,1662800.0,82803295.0,59.9589,INDETERMINATE,169,0,data/test/3sat/400/3sat_71.cnf,0.3337230682373047,0.0,0.0,0.3337230682373047,60.292623068237305
170,2.0,1459222.0,1669817.0,82106163.0,59.9799,INDETERMINATE,170,0,data/test/3sat/400/3sat_72.cnf,0.42113685607910156,0.0,0.0,0.42113685607910156,60.4010368560791
171,2.0,1458248.0,1662147.0,83513716.0,59.9793,INDETERMINATE,171,0,data/test/3sat/400/3sat_73.cnf,0.42113685607910156,0.0,0.0,0.42113685607910156,60.400436856079104
172,2.0,1387760.0,1598096.0,78162461.0,59.959,INDETERMINATE,172,0,data/test/3sat/400/3sat_74.cnf,0.42113685607910156,0.0,0.0,0.42113685607910156,60.380136856079105
173,2.0,1358036.0,1549631.0,74420982.0,59.9547,INDETERMINATE,173,0,data/test/3sat/400/3sat_75.cnf,0.42113685607910156,0.0,0.0,0.42113685607910156,60.375836856079104
174,2.0,1433411.0,1631034.0,83581554.0,59.9839,INDETERMINATE,174,0,data/test/3sat/400/3sat_76.cnf,0.42113685607910156,0.0,0.0,0.42113685607910156,60.4050368560791
175,2.0,1433384.0,1635185.0,80547948.0,59.9589,INDETERMINATE,175,0,data/test/3sat/400/3sat_77.cnf,0.42113685607910156,0.0,0.0,0.42113685607910156,60.3800368560791
176,2.0,1452084.0,1654412.0,79696303.0,59.9499,INDETERMINATE,176,0,data/test/3sat/400/3sat_78.cnf,0.42113685607910156,0.0,0.0,0.42113685607910156,60.3710368560791
177,2.0,1395223.0,1594984.0,76615824.0,59.9781,INDETERMINATE,177,0,data/test/3sat/400/3sat_79.cnf,0.42113685607910156,0.0,0.0,0.42113685607910156,60.3992368560791
178,2.0,1434517.0,1630399.0,83019497.0,59.9735,INDETERMINATE,178,0,data/test/3sat/400/3sat_8.cnf,0.42113685607910156,0.0,0.0,0.42113685607910156,60.3946368560791
179,2.0,1510694.0,1740535.0,87179203.0,59.9624,INDETERMINATE,179,0,data/test/3sat/400/3sat_80.cnf,0.42113685607910156,0.0,0.0,0.42113685607910156,60.383536856079104
180,2.0,1421750.0,1608310.0,79440679.0,59.9456,INDETERMINATE,180,0,data/test/3sat/400/3sat_81.cnf,0.3139302730560303,0.0,0.0,0.3139302730560303,60.25953027305603
181,2.0,723843.0,829611.0,42069078.0,25.9322,SATISFIABLE,181,0,data/test/3sat/400/3sat_82.cnf,0.3139302730560303,0.0,0.0,0.3139302730560303,26.246130273056032
182,2.0,1432286.0,1633915.0,80169026.0,59.9752,INDETERMINATE,182,0,data/test/3sat/400/3sat_83.cnf,0.3139302730560303,0.0,0.0,0.3139302730560303,60.28913027305603
183,2.0,1333438.0,1525913.0,76287525.0,59.983,INDETERMINATE,183,0,data/test/3sat/400/3sat_84.cnf,0.3139302730560303,0.0,0.0,0.3139302730560303,60.29693027305603
184,2.0,1440903.0,1643348.0,81437557.0,59.9854,INDETERMINATE,184,0,data/test/3sat/400/3sat_85.cnf,0.3139302730560303,0.0,0.0,0.3139302730560303,60.29933027305603
185,1.0,84037.0,97892.0,5195664.0,3.26442,SATISFIABLE,185,0,data/test/3sat/400/3sat_86.cnf,0.3139302730560303,0.0,0.0,0.3139302730560303,3.57835027305603
186,2.0,1370784.0,1566086.0,78153908.0,59.9739,INDETERMINATE,186,0,data/test/3sat/400/3sat_87.cnf,0.3139302730560303,0.0,0.0,0.3139302730560303,60.28783027305603
187,1.0,10969.0,13071.0,671709.0,0.266779,SATISFIABLE,187,0,data/test/3sat/400/3sat_88.cnf,0.3139302730560303,0.0,0.0,0.3139302730560303,0.5807092730560303
188,2.0,1423594.0,1629467.0,83658436.0,59.9709,INDETERMINATE,188,0,data/test/3sat/400/3sat_89.cnf,0.3139302730560303,0.0,0.0,0.3139302730560303,60.28483027305603
189,2.0,1510925.0,1720735.0,86901957.0,59.9894,INDETERMINATE,189,0,data/test/3sat/400/3sat_9.cnf,0.3139302730560303,0.0,0.0,0.3139302730560303,60.303330273056034
190,2.0,1433096.0,1652022.0,83701967.0,59.9789,INDETERMINATE,190,0,data/test/3sat/400/3sat_90.cnf,0.30815744400024414,0.0,0.0,0.30815744400024414,60.28705744400025
191,1.0,10042.0,11941.0,654479.0,0.227344,SATISFIABLE,191,0,data/test/3sat/400/3sat_91.cnf,0.30815744400024414,0.0,0.0,0.30815744400024414,0.5355014440002441
192,2.0,253822.0,290337.0,15713394.0,8.84114,SATISFIABLE,192,0,data/test/3sat/400/3sat_92.cnf,0.30815744400024414,0.0,0.0,0.30815744400024414,9.149297444000243
193,2.0,621792.0,720709.0,37565651.0,23.0929,SATISFIABLE,193,0,data/test/3sat/400/3sat_93.cnf,0.30815744400024414,0.0,0.0,0.30815744400024414,23.401057444000244
194,1.0,53988.0,62131.0,3367378.0,1.73628,SATISFIABLE,194,0,data/test/3sat/400/3sat_94.cnf,0.30815744400024414,0.0,0.0,0.30815744400024414,2.044437444000244
195,2.0,1427968.0,1626174.0,79984797.0,59.972,INDETERMINATE,195,0,data/test/3sat/400/3sat_95.cnf,0.30815744400024414,0.0,0.0,0.30815744400024414,60.280157444000245
196,1.0,9083.0,10962.0,575264.0,0.214811,SATISFIABLE,196,0,data/test/3sat/400/3sat_96.cnf,0.30815744400024414,0.0,0.0,0.30815744400024414,0.5229684440002441
197,2.0,1464505.0,1685588.0,86476548.0,59.9682,INDETERMINATE,197,0,data/test/3sat/400/3sat_97.cnf,0.30815744400024414,0.0,0.0,0.30815744400024414,60.27635744400025
198,2.0,1480675.0,1678227.0,83470272.0,59.9898,INDETERMINATE,198,0,data/test/3sat/400/3sat_98.cnf,0.30815744400024414,0.0,0.0,0.30815744400024414,60.29795744400025
199,2.0,1486503.0,1696652.0,82040880.0,59.9647,INDETERMINATE,199,0,data/test/3sat/400/3sat_99.cnf,0.30815744400024414,0.0,0.0,0.30815744400024414,60.272857444000245
