repeat_id,family,base_instance_id,variant,instance_id,event_audit_role,symmetry_strength,control_type,scale,scale_key,benchmark_role,family_scale,variant_role,permutation_variant,source,plain_solved,neutral_solved,static_solved,cached_trace_solved,adapter_solved,neutral_degradation,static_degradation,adapter_degradation,neutral_lost_from_plain,static_lost_after_neutral,adapter_lost_after_static,primary_attribution,missing_methods,static_minus_neutral_final_cpu,cached_minus_static_protocol_time,adapter_minus_cached_protocol_time,weighted_binary_input_delta_final_cpu,weighted_binary_input_delta_protocol_time,weighted_binary_input_delta_final_decisions,weighted_binary_input_delta_final_conflicts,static_weights_delta_final_cpu,static_weights_delta_protocol_time,static_weights_delta_final_decisions,static_weights_delta_final_conflicts,event_collection_overhead_delta_final_cpu,event_collection_overhead_delta_protocol_time,event_collection_overhead_delta_final_decisions,event_collection_overhead_delta_final_conflicts,adapter_delta_inference_delta_final_cpu,adapter_delta_inference_delta_protocol_time,adapter_delta_inference_delta_final_decisions,adapter_delta_inference_delta_final_conflicts,adapter_inference_wall_time,warmup_decisions,warmup_conflicts,events_available,event_state_nonzero_vars,event_state_l2_sum,event_adapter_graph_gate_open,event_adapter_graph_gate_evidence
0,complete_coloring,k10_color9,base,k10_color9,event,strong,strong_symmetry,large,v10_c9,main,complete_coloring:large,base,False,SAT symmetry harder baseline candidate pool; EchoSAT runtime v1.2 canonical DIMACS order,True,True,True,True,True,not_lost,not_lost,not_lost,False,False,False,event_collection_overhead_only,,0.35280999999999985,0.0148664032876491,-1.0730759626007078,-0.1807299999999996,-0.1807299999999996,-18632.0,-14898.0,0.35280999999999985,0.520342444000244,-389.0,-519.0,0.0,0.0148664032876491,0.0,0.0,-1.0860599999999998,-1.0730759626007078,-45935.0,-44264.0,0.012984037399291992,8.0,1.0,True,90,136.93209838867188,True,0.6931471824645996
0,complete_coloring,k10_color9,perm_seed1730,k10_color9_perm1730,event,strong,strong_symmetry,large,v10_c9,main,complete_coloring:large,permutation_variant,True,SAT symmetry harder baseline candidate pool; EchoSAT runtime v1.2 canonical DIMACS order,True,True,True,True,True,not_lost,not_lost,not_lost,False,False,False,event_collection_overhead_only,,0.48127999999999993,0.011042186808287724,-0.9881259626007073,-0.8025000000000002,-0.8025000000000002,-129851.0,-120061.0,0.48127999999999993,0.6488124440002441,-36014.0,-32857.0,0.0,0.011042186808287724,0.0,0.0,-1.0011099999999997,-0.9881259626007073,2402.0,1895.0,0.012984037399291992,8.0,1.0,True,90,136.98228454589844,True,0.6931471824645996
0,complete_coloring,k10_color9,perm_seed1731,k10_color9_perm1731,event,strong,strong_symmetry,large,v10_c9,main,complete_coloring:large,permutation_variant,True,SAT symmetry harder baseline candidate pool; EchoSAT runtime v1.2 canonical DIMACS order,True,True,True,True,True,not_lost,not_lost,not_lost,False,False,False,event_collection_overhead_only,,-0.13432000000000066,0.012376101868748712,0.31318403739929224,0.17660000000000053,0.17660000000000053,-49664.0,-42835.0,-0.13432000000000066,0.03321244400024348,0.0,0.0,0.0,0.012376101868748712,0.0,0.0,0.30020000000000024,0.31318403739929224,33151.0,31230.0,0.012984037399291992,8.0,1.0,True,90,137.00555419921875,True,0.6931471824645996
0,complete_coloring,k8_color7,base,k8_color7,event,strong,strong_symmetry,large,v8_c7,main,complete_coloring:large,base,False,SAT symmetry harder baseline candidate pool; EchoSAT runtime v1.2 canonical DIMACS order,True,True,True,True,True,not_lost,not_lost,not_lost,False,False,False,event_collection_overhead_only,,0.006599000000000001,0.007935953937530521,0.0053820373992919945,-0.007227999999999998,-0.007227999999999998,-212.0,-160.0,0.006599000000000001,0.17413144400024413,0.0,0.0,0.0,0.007935953937530521,0.0,0.0,-0.007602000000000005,0.0053820373992919945,203.0,193.0,0.012984037399291992,6.0,1.0,True,56,84.73548889160156,True,0.6931471824645996
0,complete_coloring,k8_color7,perm_seed1730,k8_color7_perm1730,event,strong,strong_symmetry,large,v8_c7,main,complete_coloring:large,permutation_variant,True,SAT symmetry harder baseline candidate pool; EchoSAT runtime v1.2 canonical DIMACS order,True,True,True,True,True,not_lost,not_lost,not_lost,False,False,False,event_collection_overhead_only,,0.009957,0.008191811164617535,0.002619037399292007,-0.002583999999999996,-0.002583999999999996,126.0,72.0,0.009957,0.17748944400024413,0.0,0.0,0.0,0.008191811164617535,0.0,0.0,-0.010365,0.002619037399292007,-375.0,-343.0,0.012984037399291992,6.0,1.0,True,56,84.79159545898438,True,0.6931471824645996
0,complete_coloring,k8_color7,perm_seed1731,k8_color7_perm1731,event,strong,strong_symmetry,large,v8_c7,main,complete_coloring:large,permutation_variant,True,SAT symmetry harder baseline candidate pool; EchoSAT runtime v1.2 canonical DIMACS order,True,True,True,True,True,not_lost,not_lost,not_lost,False,False,False,event_collection_overhead_only,,0.00553,0.00811406602805853,-0.0076889626007080325,0.011767,0.011767,348.0,370.0,0.00553,0.17306244400024415,0.0,0.0,0.0,0.00811406602805853,0.0,0.0,-0.020673000000000004,-0.0076889626007080325,82.0,53.0,0.012984037399291992,6.0,1.0,True,56,84.7841796875,True,0.6931471824645996
0,complete_coloring,k9_color8,base,k9_color8,event,strong,strong_symmetry,large,v9_c8,main,complete_coloring:large,base,False,SAT symmetry harder baseline candidate pool; EchoSAT runtime v1.2 canonical DIMACS order,True,True,True,True,True,not_lost,not_lost,not_lost,False,False,False,event_collection_overhead_only,,0.14266800000000002,0.011118450511992006,-0.26429896260070807,-0.07823099999999994,-0.07823099999999994,-2205.0,-2391.0,0.14266800000000002,0.31020044400024416,-833.0,-702.0,0.0,0.011118450511992006,0.0,0.0,-0.27728300000000006,-0.26429896260070807,-5182.0,-4520.0,0.012984037399291992,7.0,1.0,True,72,109.32144165039062,True,0.6931471824645996
0,complete_coloring,k9_color8,perm_seed1730,k9_color8_perm1730,event,strong,strong_symmetry,large,v9_c8,main,complete_coloring:large,permutation_variant,True,SAT symmetry harder baseline candidate pool; EchoSAT runtime v1.2 canonical DIMACS order,True,True,True,True,True,not_lost,not_lost,not_lost,False,False,False,event_collection_overhead_only,,0.183732,0.0013056487618685608,-0.43681396260070804,0.21294999999999997,0.21294999999999997,6086.0,5874.0,0.183732,0.35126444400024415,0.0,0.0,0.0,0.0013056487618685608,0.0,0.0,-0.449798,-0.43681396260070804,-6316.0,-6029.0,0.012984037399291992,7.0,1.0,True,72,109.58531951904297,True,0.6931471824645996
0,complete_coloring,k9_color8,perm_seed1731,k9_color8_perm1731,event,strong,strong_symmetry,large,v9_c8,main,complete_coloring:large,permutation_variant,True,SAT symmetry harder baseline candidate pool; EchoSAT runtime v1.2 canonical DIMACS order,True,True,True,True,True,not_lost,not_lost,not_lost,False,False,False,event_collection_overhead_only,,0.005168999999999979,0.003315668024718721,-0.23145305165100094,-0.101244,-0.101244,402.0,340.0,0.005168999999999979,0.17613753256225584,0.0,0.0,0.0,0.003315668024718721,0.0,0.0,-0.23861300000000002,-0.23145305165100094,-8512.0,-7876.0,0.0071599483489990234,7.0,1.0,True,72,109.56788635253906,True,0.6931471824645996
0,php,php_p10_h9,base,php_p10_h9,event,strong,strong_symmetry,large,p10_h9,main,php:large,base,False,SAT symmetry harder baseline candidate pool; EchoSAT runtime v1.2 canonical DIMACS order,True,True,True,True,True,not_lost,not_lost,not_lost,False,False,False,event_collection_overhead_only,,0.04884000000000022,0.010106431024789586,-0.7638000516510006,-0.2604199999999999,-0.2604199999999999,-18632.0,-14898.0,0.04884000000000022,0.21980853256225608,-389.0,-519.0,0.0,0.010106431024789586,0.0,0.0,-0.7709600000000001,-0.7638000516510006,-45935.0,-44264.0,0.0071599483489990234,8.0,1.0,True,90,136.93209838867188,True,0.6931471824645996
0,php,php_p10_h9,perm_seed1730,php_p10_h9_perm1730,event,strong,strong_symmetry,large,p10_h9,main,php:large,permutation_variant,True,SAT symmetry harder baseline candidate pool; EchoSAT runtime v1.2 canonical DIMACS order,True,True,True,True,True,not_lost,not_lost,not_lost,False,False,False,event_collection_overhead_only,,0.052209999999999646,0.007023841274738096,-0.7602500516510009,-0.7867199999999999,-0.7867199999999999,-129851.0,-120061.0,0.052209999999999646,0.2231785325622555,-36014.0,-32857.0,0.0,0.007023841274738096,0.0,0.0,-0.7674099999999999,-0.7602500516510009,2402.0,1895.0,0.0071599483489990234,8.0,1.0,True,90,136.98228454589844,True,0.6931471824645996
0,php,php_p10_h9,perm_seed1731,php_p10_h9_perm1731,event,strong,strong_symmetry,large,p10_h9,main,php:large,permutation_variant,True,SAT symmetry harder baseline candidate pool; EchoSAT runtime v1.2 canonical DIMACS order,True,True,True,True,True,not_lost,not_lost,not_lost,False,False,False,event_collection_overhead_only,,0.2752600000000003,0.007047737207055427,-0.12332005165100135,-0.8184399999999998,-0.8184399999999998,-49664.0,-42835.0,0.2752600000000003,0.44622853256225614,0.0,0.0,0.0,0.007047737207055427,0.0,0.0,-0.13048000000000037,-0.12332005165100135,33151.0,31230.0,0.0071599483489990234,8.0,1.0,True,90,137.00555419921875,True,0.6931471824645996
0,php,php_p9_h8,base,php_p9_h8,event,strong,strong_symmetry,large,p9_h8,main,php:large,base,False,SAT symmetry harder baseline candidate pool; EchoSAT runtime v1.2 canonical DIMACS order,True,True,True,True,True,not_lost,not_lost,not_lost,False,False,False,event_collection_overhead_only,,-0.04572100000000001,0.004737062987208329,-0.07715205165100103,-0.04635199999999995,-0.04635199999999995,-2205.0,-2391.0,-0.04572100000000001,0.12524753256225585,-833.0,-702.0,0.0,0.004737062987208329,0.0,0.0,-0.08431200000000005,-0.07715205165100103,-5182.0,-4520.0,0.0071599483489990234,7.0,1.0,True,72,109.32144165039062,True,0.6931471824645996
0,php,php_p9_h8,perm_seed1730,php_p9_h8_perm1730,event,strong,strong_symmetry,large,p9_h8,main,php:large,permutation_variant,True,SAT symmetry harder baseline candidate pool; EchoSAT runtime v1.2 canonical DIMACS order,True,True,True,True,True,not_lost,not_lost,not_lost,False,False,False,event_collection_overhead_only,,0.0007620000000000404,0.004702358767926684,-0.24478805165100093,0.169041,0.169041,6086.0,5874.0,0.0007620000000000404,0.1717305325622559,0.0,0.0,0.0,0.004702358767926684,0.0,0.0,-0.251948,-0.24478805165100093,-6316.0,-6029.0,0.0071599483489990234,7.0,1.0,True,72,109.58531951904297,True,0.6931471824645996
0,php,php_p9_h8,perm_seed1731,php_p9_h8_perm1731,event,strong,strong_symmetry,large,p9_h8,main,php:large,permutation_variant,True,SAT symmetry harder baseline candidate pool; EchoSAT runtime v1.2 canonical DIMACS order,True,True,True,True,True,not_lost,not_lost,not_lost,False,False,False,event_collection_overhead_only,,0.14572700000000005,0.004594994431614818,-0.337078051651001,0.061549999999999994,0.061549999999999994,402.0,340.0,0.14572700000000005,0.3166955325622559,0.0,0.0,0.0,0.004594994431614818,0.0,0.0,-0.34423800000000004,-0.337078051651001,-6477.0,-6139.0,0.0071599483489990234,7.0,1.0,True,72,109.56788635253906,True,0.6931471824645996
0,random_3sat_control,random_3sat_control_v160_c704_seed2615,base,random_3sat_control_v160_c704_seed2615,event,none,non_symmetric_control,large,vars160_clauses704,control,random_3sat_control:large,base,False,SAT symmetry harder baseline candidate pool; EchoSAT runtime v1.2 canonical DIMACS order,True,True,True,True,True,not_lost,not_lost,not_lost,False,False,False,event_collection_overhead_only,,-0.00041200000000000264,0.000888667069375515,0.0043469483489990135,-0.009555999999999995,-0.009555999999999995,-1069.0,-954.0,-0.00041200000000000264,0.17055653256225584,-843.0,-601.0,0.0,0.000888667069375515,0.0,0.0,-0.002813000000000003,0.0043469483489990135,717.0,565.0,0.0071599483489990234,20.0,1.0,True,160,250.25311279296875,True,0.6931471824645996
0,random_3sat_control,random_3sat_control_v160_c704_seed2615,perm_seed1730,random_3sat_control_v160_c704_seed2615_perm1730,event,none,non_symmetric_control,large,vars160_clauses704,control,random_3sat_control:large,permutation_variant,True,SAT symmetry harder baseline candidate pool; EchoSAT runtime v1.2 canonical DIMACS order,True,True,True,True,True,not_lost,not_lost,not_lost,False,False,False,event_collection_overhead_only,,-0.043108,0.0044190645613670365,0.005519742706298847,-0.005354999999999999,-0.005354999999999999,-588.0,-490.0,-0.043108,0.1325530870361328,-3332.0,-2801.0,0.0,0.0044190645613670365,0.0,0.0,0.002127999999999998,0.005519742706298847,423.0,315.0,0.003391742706298828,20.0,1.0,True,160,250.9976043701172,True,0.6931471824645996
0,random_3sat_control,random_3sat_control_v160_c704_seed2615,perm_seed1731,random_3sat_control_v160_c704_seed2615_perm1731,event,none,non_symmetric_control,large,vars160_clauses704,control,random_3sat_control:large,permutation_variant,True,SAT symmetry harder baseline candidate pool; EchoSAT runtime v1.2 canonical DIMACS order,True,True,True,True,True,not_lost,not_lost,not_lost,False,False,False,event_collection_overhead_only,,-0.04097499999999999,0.004478496101975454,0.002810742706298802,0.039051999999999996,0.039051999999999996,2341.0,2004.0,-0.04097499999999999,0.13468608703613283,-3056.0,-2467.0,0.0,0.004478496101975454,0.0,0.0,-0.0005810000000000051,0.002810742706298802,843.0,583.0,0.003391742706298828,20.0,1.0,True,160,250.14382934570312,True,0.6931471824645996
0,random_3sat_control,random_3sat_control_v180_c760_seed3301,base,random_3sat_control_v180_c760_seed3301,event,none,non_symmetric_control,large,vars180_clauses760,control,random_3sat_control:large,base,False,SAT symmetry harder baseline candidate pool; EchoSAT runtime v1.2 canonical DIMACS order,True,True,True,True,True,not_lost,not_lost,not_lost,False,False,False,event_collection_overhead_only,,-0.12739499999999998,0.004508612605452544,0.6299427427062988,-0.380878,-0.380878,-16972.0,-14707.0,-0.12739499999999998,0.04826608703613283,-9777.0,-8343.0,0.0,0.004508612605452544,0.0,0.0,0.626551,0.6299427427062988,40225.0,35662.0,0.003391742706298828,25.0,1.0,True,180,290.802978515625,True,0.6931471824645996
0,random_3sat_control,random_3sat_control_v180_c760_seed3301,perm_seed1730,random_3sat_control_v180_c760_seed3301_perm1730,event,none,non_symmetric_control,large,vars180_clauses760,control,random_3sat_control:large,permutation_variant,True,SAT symmetry harder baseline candidate pool; EchoSAT runtime v1.2 canonical DIMACS order,True,True,True,True,True,not_lost,not_lost,not_lost,False,False,False,event_collection_overhead_only,,-0.073286,0.004439897285580641,0.5441117427062989,-1.017572,-1.017572,-40228.0,-34899.0,-0.073286,0.10237508703613282,-6778.0,-5728.0,0.0,0.004439897285580641,0.0,0.0,0.54072,0.5441117427062989,31305.0,27512.0,0.003391742706298828,25.0,1.0,True,180,292.0396728515625,True,0.6931471824645996
0,random_3sat_control,random_3sat_control_v180_c760_seed3301,perm_seed1731,random_3sat_control_v180_c760_seed3301_perm1731,event,none,non_symmetric_control,large,vars180_clauses760,control,random_3sat_control:large,permutation_variant,True,SAT symmetry harder baseline candidate pool; EchoSAT runtime v1.2 canonical DIMACS order,True,True,True,True,True,not_lost,not_lost,not_lost,False,False,False,event_collection_overhead_only,,-0.109017,0.0013316561436056973,0.6413137427062989,-0.46392200000000006,-0.46392200000000006,-18186.0,-15755.0,-0.109017,0.06664408703613281,-8421.0,-7230.0,0.0,0.0013316561436056973,0.0,0.0,0.637922,0.6413137427062989,41159.0,36425.0,0.003391742706298828,25.0,1.0,True,180,291.0475769042969,True,0.6931471824645996
0,random_3sat_control,random_3sat_control_v220_c928_seed3303,base,random_3sat_control_v220_c928_seed3303,event,none,non_symmetric_control,large,vars220_clauses928,control,random_3sat_control:large,base,False,SAT symmetry harder baseline candidate pool; EchoSAT runtime v1.2 canonical DIMACS order,True,True,True,True,True,not_lost,not_lost,not_lost,False,False,False,event_collection_overhead_only,,-0.440782,0.005154432744801041,0.010467742706298827,-0.341915,-0.341915,-8012.0,-6969.0,-0.440782,-0.2651209129638672,-22203.0,-19021.0,0.0,0.005154432744801041,0.0,0.0,0.007075999999999999,0.010467742706298827,717.0,602.0,0.003391742706298828,28.0,1.0,True,220,332.48345947265625,True,0.6931471824645996
0,random_3sat_control,random_3sat_control_v220_c928_seed3303,perm_seed1730,random_3sat_control_v220_c928_seed3303_perm1730,event,none,non_symmetric_control,large,vars220_clauses928,control,random_3sat_control:large,permutation_variant,True,SAT symmetry harder baseline candidate pool; EchoSAT runtime v1.2 canonical DIMACS order,True,True,True,True,True,not_lost,not_lost,not_lost,False,False,False,event_collection_overhead_only,,-0.195189,0.005340279868483538,0.0064707427062988265,-1.234412,-1.234412,-39703.0,-34406.0,-0.195189,-0.01952791296386719,-12977.0,-11067.0,0.0,0.005340279868483538,0.0,0.0,0.003079,0.0064707427062988265,534.0,448.0,0.003391742706298828,28.0,1.0,True,220,330.46795654296875,True,0.6931471824645996
0,random_3sat_control,random_3sat_control_v220_c928_seed3303,perm_seed1731,random_3sat_control_v220_c928_seed3303_perm1731,event,none,non_symmetric_control,large,vars220_clauses928,control,random_3sat_control:large,permutation_variant,True,SAT symmetry harder baseline candidate pool; EchoSAT runtime v1.2 canonical DIMACS order,True,True,True,True,True,not_lost,not_lost,not_lost,False,False,False,event_collection_overhead_only,,-0.355443,0.005084814556598649,0.008667742706298831,0.299881,0.299881,14754.0,12667.0,-0.355443,-0.1797819129638672,-19621.0,-16810.0,0.0,0.005084814556598649,0.0,0.0,0.005276,0.008667742706298831,786.0,666.0,0.003391742706298828,28.0,1.0,True,220,331.79437255859375,True,0.6931471824645996
0,random_3sat_control,random_3sat_control_v220_c942_seed3304,base,random_3sat_control_v220_c942_seed3304,event,none,non_symmetric_control,large,vars220_clauses942,control,random_3sat_control:large,base,False,SAT symmetry harder baseline candidate pool; EchoSAT runtime v1.2 canonical DIMACS order,True,True,True,True,True,not_lost,not_lost,not_lost,False,False,False,event_collection_overhead_only,,-0.517215,0.005511755016088582,0.19339966069030756,0.25346500000000005,0.25346500000000005,5904.0,5233.0,-0.517215,-0.3014421327972413,-14622.0,-12066.0,0.0,0.005511755016088582,0.0,0.0,0.179008,0.19339966069030756,12897.0,11336.0,0.014391660690307617,24.0,1.0,True,220,322.4337158203125,True,0.6931471824645996
0,random_3sat_control,random_3sat_control_v220_c942_seed3304,perm_seed1730,random_3sat_control_v220_c942_seed3304_perm1730,event,none,non_symmetric_control,large,vars220_clauses942,control,random_3sat_control:large,permutation_variant,True,SAT symmetry harder baseline candidate pool; EchoSAT runtime v1.2 canonical DIMACS order,True,True,True,True,True,not_lost,not_lost,not_lost,False,False,False,event_collection_overhead_only,,-0.206505,0.00621303153866537,0.2609556606903075,-0.04266599999999998,-0.04266599999999998,-1604.0,-1234.0,-0.206505,0.00926786720275874,-6776.0,-5014.0,0.0,0.00621303153866537,0.0,0.0,0.24656399999999995,0.2609556606903075,12473.0,10863.0,0.014391660690307617,24.0,1.0,True,220,324.02960205078125,True,0.6931471824645996
0,random_3sat_control,random_3sat_control_v220_c942_seed3304,perm_seed1731,random_3sat_control_v220_c942_seed3304_perm1731,event,none,non_symmetric_control,large,vars220_clauses942,control,random_3sat_control:large,permutation_variant,True,SAT symmetry harder baseline candidate pool; EchoSAT runtime v1.2 canonical DIMACS order,True,True,True,True,True,not_lost,not_lost,not_lost,False,False,False,event_collection_overhead_only,,-0.371634,0.001243945528388024,0.28814466069030764,0.025244000000000044,0.025244000000000044,172.0,-214.0,-0.371634,-0.15586113279724123,-12760.0,-10096.0,0.0,0.001243945528388024,0.0,0.0,0.273753,0.28814466069030764,12505.0,11181.0,0.014391660690307617,24.0,1.0,True,220,324.64569091796875,True,0.6931471824645996
0,random_3sat_control,random_3sat_control_v260_c1097_seed3305,base,random_3sat_control_v260_c1097_seed3305,event,none,non_symmetric_control,large,vars260_clauses1097,control,random_3sat_control:large,base,False,SAT symmetry harder baseline candidate pool; EchoSAT runtime v1.2 canonical DIMACS order,True,True,True,True,True,not_lost,not_lost,not_lost,False,False,False,event_collection_overhead_only,,-0.7440899999999997,0.006378272719264055,-0.5108183393096926,-4.88862,-4.88862,-143228.0,-124318.0,-0.7440899999999997,-0.5283171327972409,-12984.0,-9831.0,0.0,0.006378272719264055,0.0,0.0,-0.5252100000000002,-0.5108183393096926,-6862.0,-6946.0,0.014391660690307617,35.0,1.0,True,260,390.64288330078125,True,0.6931471824645996
0,random_3sat_control,random_3sat_control_v260_c1097_seed3305,perm_seed1730,random_3sat_control_v260_c1097_seed3305_perm1730,event,none,non_symmetric_control,large,vars260_clauses1097,control,random_3sat_control:large,permutation_variant,True,SAT symmetry harder baseline candidate pool; EchoSAT runtime v1.2 canonical DIMACS order,True,True,True,True,True,not_lost,not_lost,not_lost,False,False,False,event_collection_overhead_only,,0.889054,0.006590377000152969,0.14985166069030753,-6.783574,-6.783574,-197259.0,-172170.0,0.889054,1.1048268672027588,33440.0,31337.0,0.0,0.006590377000152969,0.0,0.0,0.1354599999999999,0.14985166069030753,16969.0,14323.0,0.014391660690307617,35.0,1.0,True,260,390.0680847167969,True,0.6931471824645996
0,random_3sat_control,random_3sat_control_v260_c1097_seed3305,perm_seed1731,random_3sat_control_v260_c1097_seed3305_perm1731,event,none,non_symmetric_control,large,vars260_clauses1097,control,random_3sat_control:large,permutation_variant,True,SAT symmetry harder baseline candidate pool; EchoSAT runtime v1.2 canonical DIMACS order,True,True,True,True,True,not_lost,not_lost,not_lost,False,False,False,event_collection_overhead_only,,-4.365600000000001,0.006336986187636784,-0.12296233930969236,1.4096799999999998,1.4096799999999998,57081.0,50142.0,-4.365600000000001,-4.149827132797242,-114463.0,-98947.0,0.0,0.006336986187636784,0.0,0.0,-0.1373540000000001,-0.12296233930969236,10546.0,8986.0,0.014391660690307617,35.0,1.0,True,260,389.6698913574219,True,0.6931471824645996
0,random_3sat_control,random_3sat_control_v260_c1113_seed3306,base,random_3sat_control_v260_c1113_seed3306,event,none,non_symmetric_control,large,vars260_clauses1113,control,random_3sat_control:large,base,False,SAT symmetry harder baseline candidate pool; EchoSAT runtime v1.2 canonical DIMACS order,True,True,True,True,True,not_lost,not_lost,not_lost,False,False,False,event_collection_overhead_only,,1.5329300000000003,0.006287736064255256,-1.3772783393096928,0.23712,0.23712,8730.0,7767.0,1.5329300000000003,1.7487028672027591,39324.0,42096.0,0.0,0.006287736064255256,0.0,0.0,-1.3916700000000004,-1.3772783393096928,45676.0,33877.0,0.014391660690307617,33.0,1.0,True,260,397.62847900390625,True,0.6931471824645996
0,random_3sat_control,random_3sat_control_v260_c1113_seed3306,perm_seed1730,random_3sat_control_v260_c1113_seed3306_perm1730,event,none,non_symmetric_control,large,vars260_clauses1113,control,random_3sat_control:large,permutation_variant,True,SAT symmetry harder baseline candidate pool; EchoSAT runtime v1.2 canonical DIMACS order,True,True,True,True,True,not_lost,not_lost,not_lost,False,False,False,event_collection_overhead_only,,-1.5351099999999995,0.006561963154673833,0.9746116606903072,1.6090299999999997,1.6090299999999997,35602.0,30995.0,-1.5351099999999995,-1.3193371327972407,-835.0,5421.0,0.0,0.006561963154673833,0.0,0.0,0.9602199999999996,0.9746116606903072,57417.0,46207.0,0.014391660690307617,33.0,1.0,True,260,396.3316650390625,True,0.6931471824645996
0,random_3sat_control,random_3sat_control_v260_c1113_seed3306,perm_seed1731,random_3sat_control_v260_c1113_seed3306_perm1731,event,none,non_symmetric_control,large,vars260_clauses1113,control,random_3sat_control:large,permutation_variant,True,SAT symmetry harder baseline candidate pool; EchoSAT runtime v1.2 canonical DIMACS order,True,True,True,True,True,not_lost,not_lost,not_lost,False,False,False,event_collection_overhead_only,,-0.7748100000000004,0.0058937331692572315,0.7506033995819088,0.41181,0.41181,12364.0,10059.0,-0.7748100000000004,-0.5997242169952397,2760.0,9196.0,0.0,0.0058937331692572315,0.0,0.0,0.7475699999999996,0.7506033995819088,47328.0,37390.0,0.0030333995819091797,33.0,1.0,True,260,397.0461730957031,True,0.6931471824645996
0,random_3sat_control,random_3sat_control_v300_c1266_seed3307,base,random_3sat_control_v300_c1266_seed3307,event,none,non_symmetric_control,large,vars300_clauses1266,control,random_3sat_control:large,base,False,SAT symmetry harder baseline candidate pool; EchoSAT runtime v1.2 canonical DIMACS order,True,True,True,True,True,not_lost,not_lost,not_lost,False,False,False,event_collection_overhead_only,,-2.498078,0.008669314260065564,0.037009399581909186,2.2413030000000003,2.2413030000000003,58462.0,50481.0,-2.498078,-2.3229922169952393,-71068.0,-61194.0,0.0,0.008669314260065564,0.0,0.0,0.033976000000000006,0.037009399581909186,2324.0,1865.0,0.0030333995819091797,46.0,1.0,True,300,466.681884765625,True,0.6931471824645996
0,random_3sat_control,random_3sat_control_v300_c1266_seed3307,perm_seed1730,random_3sat_control_v300_c1266_seed3307_perm1730,event,none,non_symmetric_control,large,vars300_clauses1266,control,random_3sat_control:large,permutation_variant,True,SAT symmetry harder baseline candidate pool; EchoSAT runtime v1.2 canonical DIMACS order,True,True,True,True,True,not_lost,not_lost,not_lost,False,False,False,event_collection_overhead_only,,-2.100206,0.009387061878085134,0.023875399581909207,0.7220500000000001,0.7220500000000001,20395.0,17167.0,-2.100206,-1.9251202169952393,-63177.0,-54301.0,0.0,0.009387061878085134,0.0,0.0,0.020842,0.023875399581909207,1984.0,1623.0,0.0030333995819091797,46.0,1.0,True,300,465.9733581542969,True,0.6931471824645996
0,random_3sat_control,random_3sat_control_v300_c1266_seed3307,perm_seed1731,random_3sat_control_v300_c1266_seed3307_perm1731,event,none,non_symmetric_control,large,vars300_clauses1266,control,random_3sat_control:large,permutation_variant,True,SAT symmetry harder baseline candidate pool; EchoSAT runtime v1.2 canonical DIMACS order,True,True,True,True,True,not_lost,not_lost,not_lost,False,False,False,event_collection_overhead_only,,-0.107879,0.007289335589110851,0.03276039958190918,-2.1143289999999997,-2.1143289999999997,-59438.0,-51120.0,-0.107879,0.06720678300476074,-7149.0,-6057.0,0.0,0.007289335589110851,0.0,0.0,0.029727000000000003,0.03276039958190918,2181.0,1768.0,0.0030333995819091797,46.0,1.0,True,300,465.2885437011719,True,0.6931471824645996
0,subset_cardinality,subset_cardinality_bw10,base,subset_cardinality_bw10,event,weak,weak_symmetry,large,size10,main,subset_cardinality:large,base,False,SAT-b-inspired symmetry stress set; EchoSAT runtime v1.2 canonical DIMACS order,True,True,True,True,True,not_lost,not_lost,not_lost,False,False,False,event_collection_overhead_only,,-0.0015240000000000002,0.0027976285404562873,0.006963399581909169,0.00192,0.00192,44.0,52.0,-0.0015240000000000002,0.17356178300476074,-75.0,-51.0,0.0,0.0027976285404562873,0.0,0.0,0.00393,0.006963399581909169,17.0,7.0,0.0030333995819091797,5.0,1.0,True,41,62.83808517456055,True,0.6931471824645996
0,subset_cardinality,subset_cardinality_bw10,perm_seed1730,subset_cardinality_bw10_perm1730,event,weak,weak_symmetry,large,size10,main,subset_cardinality:large,permutation_variant,True,SAT-b-inspired symmetry stress set; EchoSAT runtime v1.2 canonical DIMACS order,True,True,True,True,True,not_lost,not_lost,not_lost,False,False,False,event_collection_overhead_only,,-0.00147,0.0019270469816327074,0.0048093995819091795,-5.499999999999993e-05,-5.499999999999993e-05,3.0,2.0,-0.00147,0.17361578300476074,-65.0,-32.0,0.0,0.0019270469816327074,0.0,0.0,0.0017759999999999998,0.0048093995819091795,15.0,13.0,0.0030333995819091797,6.0,1.0,True,41,62.92706298828125,True,0.6931471824645996
0,subset_cardinality,subset_cardinality_bw10,perm_seed1731,subset_cardinality_bw10_perm1731,event,weak,weak_symmetry,large,size10,main,subset_cardinality:large,permutation_variant,True,SAT-b-inspired symmetry stress set; EchoSAT runtime v1.2 canonical DIMACS order,True,True,True,True,True,not_lost,not_lost,not_lost,False,False,False,event_collection_overhead_only,,-0.000959,0.0023133139089346055,0.0045753995819091675,-0.000707,-0.000707,45.0,8.0,-0.000959,0.17412678300476075,-44.0,9.0,0.0,0.0023133139089346055,0.0,0.0,0.001542,0.0045753995819091675,-27.0,-17.0,0.0030333995819091797,7.0,1.0,True,41,62.392337799072266,True,0.6931471824645996
0,subset_cardinality,subset_cardinality_bw12,base,subset_cardinality_bw12,event,weak,weak_symmetry,large,size12,main,subset_cardinality:large,base,False,SAT-b-inspired symmetry stress set; EchoSAT runtime v1.2 canonical DIMACS order,True,True,True,True,True,not_lost,not_lost,not_lost,False,False,False,event_collection_overhead_only,,-0.00238,0.0019857612419128534,0.005879399581909167,0.00013600000000000027,0.00013600000000000027,49.0,72.0,-0.00238,0.17270578300476075,-107.0,-102.0,0.0,0.0019857612419128534,0.0,0.0,0.002846,0.005879399581909167,25.0,17.0,0.0030333995819091797,9.0,1.0,True,49,75.44426727294922,True,0.6931471824645996
0,subset_cardinality,subset_cardinality_bw12,perm_seed1730,subset_cardinality_bw12_perm1730,event,weak,weak_symmetry,large,size12,main,subset_cardinality:large,permutation_variant,True,SAT-b-inspired symmetry stress set; EchoSAT runtime v1.2 canonical DIMACS order,True,True,True,True,True,not_lost,not_lost,not_lost,False,False,False,event_collection_overhead_only,,8.399999999999987e-05,0.0021174944909214954,0.021009493606567384,-0.0003960000000000001,-0.0003960000000000001,-43.0,-15.0,8.399999999999987e-05,0.04624636686706543,-54.0,-46.0,0.0,0.0021174944909214954,0.0,0.0,-0.00045699999999999994,0.021009493606567384,6.0,19.0,0.021466493606567383,7.0,1.0,True,49,73.95069122314453,True,0.6931471824645996
0,subset_cardinality,subset_cardinality_bw12,perm_seed1731,subset_cardinality_bw12_perm1731,event,weak,weak_symmetry,large,size12,main,subset_cardinality:large,permutation_variant,True,SAT-b-inspired symmetry stress set; EchoSAT runtime v1.2 canonical DIMACS order,True,True,True,True,True,not_lost,not_lost,not_lost,False,False,False,event_collection_overhead_only,,-0.000545,0.0011998738165497763,0.024204493606567387,-0.0019290000000000002,-0.0019290000000000002,46.0,14.0,-0.000545,0.04561736686706543,-76.0,-26.0,0.0,0.0011998738165497763,0.0,0.0,0.002738,0.024204493606567387,14.0,20.0,0.021466493606567383,7.0,1.0,True,49,75.07693481445312,True,0.6931471824645996
0,subset_cardinality,subset_cardinality_bw8,base,subset_cardinality_bw8,event,weak,weak_symmetry,medium,size8,main,subset_cardinality:medium,base,False,SAT-b-inspired symmetry stress set; EchoSAT runtime v1.2 canonical DIMACS order,True,True,True,True,True,not_lost,not_lost,not_lost,False,False,False,event_collection_overhead_only,,2.9999999999999645e-06,0.0022982775873541805,0.021279493606567383,-0.00022900000000000004,-0.00022900000000000004,17.0,9.0,2.9999999999999645e-06,0.04616536686706543,-22.0,-7.0,0.0,0.0022982775873541805,0.0,0.0,-0.00018699999999999988,0.021279493606567383,13.0,14.0,0.021466493606567383,12.0,1.0,True,33,54.99262619018555,True,0.6931471824645996
0,subset_cardinality,subset_cardinality_bw8,perm_seed1730,subset_cardinality_bw8_perm1730,event,weak,weak_symmetry,medium,size8,main,subset_cardinality:medium,permutation_variant,True,SAT-b-inspired symmetry stress set; EchoSAT runtime v1.2 canonical DIMACS order,True,True,True,True,True,not_lost,not_lost,not_lost,False,False,False,event_collection_overhead_only,,0.000403,0.0019110290299653998,0.022627493606567378,-0.001792,-0.001792,17.0,4.0,0.000403,0.04656536686706543,-27.0,-1.0,0.0,0.0019110290299653998,0.0,0.0,0.0011610000000000001,0.022627493606567378,6.0,5.0,0.021466493606567383,5.0,1.0,True,33,49.16338348388672,True,0.6931471824645996
0,subset_cardinality,subset_cardinality_bw8,perm_seed1731,subset_cardinality_bw8_perm1731,event,weak,weak_symmetry,medium,size8,main,subset_cardinality:medium,permutation_variant,True,SAT-b-inspired symmetry stress set; EchoSAT runtime v1.2 canonical DIMACS order,True,True,True,True,True,not_lost,not_lost,not_lost,False,False,False,event_collection_overhead_only,,0.001176,0.001972732239425179,0.02181049360656738,-0.0014529999999999999,-0.0014529999999999999,11.0,9.0,0.001176,0.04733836686706543,-21.0,-9.0,0.0,0.001972732239425179,0.0,0.0,0.0003439999999999999,0.02181049360656738,11.0,6.0,0.021466493606567383,11.0,1.0,True,33,55.44180679321289,True,0.6931471824645996
1,complete_coloring,k10_color9,base,k10_color9,event,strong,strong_symmetry,large,v10_c9,main,complete_coloring:large,base,False,SAT symmetry harder baseline candidate pool; EchoSAT runtime v1.2 canonical DIMACS order,True,True,True,True,True,not_lost,not_lost,not_lost,False,False,False,event_collection_overhead_only,,-0.12033000000000005,0.00862492229211309,-0.9465152428436276,0.32524,0.32524,-18632.0,-14898.0,-0.12033000000000005,1.3398266791534423,-389.0,-519.0,0.0,0.00862492229211309,0.0,0.0,-0.9912800000000002,-0.9465152428436276,-45935.0,-44264.0,0.04476475715637207,8.0,1.0,True,90,136.93209838867188,True,0.6931471824645996
1,complete_coloring,k10_color9,perm_seed1730,k10_color9_perm1730,event,strong,strong_symmetry,large,v10_c9,main,complete_coloring:large,permutation_variant,True,SAT symmetry harder baseline candidate pool; EchoSAT runtime v1.2 canonical DIMACS order,True,True,True,True,True,not_lost,not_lost,not_lost,False,False,False,event_collection_overhead_only,,-0.8254700000000006,0.008188959873377755,-0.41380524284362785,-0.14816999999999947,-0.14816999999999947,-129851.0,-120061.0,-0.8254700000000006,0.6346866791534422,-36014.0,-32857.0,0.0,0.008188959873377755,0.0,0.0,-0.4585699999999999,-0.41380524284362785,2402.0,1895.0,0.04476475715637207,8.0,1.0,True,90,136.98228454589844,True,0.6931471824645996
1,complete_coloring,k10_color9,perm_seed1731,k10_color9_perm1731,event,strong,strong_symmetry,large,v10_c9,main,complete_coloring:large,permutation_variant,True,SAT symmetry harder baseline candidate pool; EchoSAT runtime v1.2 canonical DIMACS order,True,True,True,True,True,not_lost,not_lost,not_lost,False,False,False,event_collection_overhead_only,,-0.11353999999999953,0.007919167693018814,0.03172475715637191,-0.02458000000000027,-0.02458000000000027,-49664.0,-42835.0,-0.11353999999999953,1.3466166791534429,0.0,0.0,0.0,0.007919167693018814,0.0,0.0,-0.013040000000000163,0.03172475715637191,33151.0,31230.0,0.04476475715637207,8.0,1.0,True,90,137.00555419921875,True,0.6931471824645996
1,complete_coloring,k8_color7,base,k8_color7,event,strong,strong_symmetry,large,v8_c7,main,complete_coloring:large,base,False,SAT symmetry harder baseline candidate pool; EchoSAT runtime v1.2 canonical DIMACS order,True,True,True,True,True,not_lost,not_lost,not_lost,False,False,False,event_collection_overhead_only,,-0.012458000000000004,0.0053009688339829,0.04880675715637217,0.001017999999999998,0.001017999999999998,-212.0,-160.0,-0.012458000000000004,1.4476986791534423,0.0,0.0,0.0,0.0053009688339829,0.0,0.0,0.004042000000000004,0.04880675715637217,203.0,193.0,0.04476475715637207,6.0,1.0,True,56,84.73548889160156,True,0.6931471824645996
1,complete_coloring,k8_color7,perm_seed1730,k8_color7_perm1730,event,strong,strong_symmetry,large,v8_c7,main,complete_coloring:large,permutation_variant,True,SAT symmetry harder baseline candidate pool; EchoSAT runtime v1.2 canonical DIMACS order,True,True,True,True,True,not_lost,not_lost,not_lost,False,False,False,event_collection_overhead_only,,0.014269999999999998,0.005600475253820347,0.02966375715637204,-0.0008499999999999966,-0.0008499999999999966,126.0,72.0,0.014269999999999998,1.4744266791534424,0.0,0.0,0.0,0.005600475253820347,0.0,0.0,-0.015101000000000003,0.02966375715637204,-375.0,-343.0,0.04476475715637207,6.0,1.0,True,56,84.79159545898438,True,0.6931471824645996
1,complete_coloring,k8_color7,perm_seed1731,k8_color7_perm1731,event,strong,strong_symmetry,large,v8_c7,main,complete_coloring:large,permutation_variant,True,SAT symmetry harder baseline candidate pool; EchoSAT runtime v1.2 canonical DIMACS order,True,True,True,True,True,not_lost,not_lost,not_lost,False,False,False,event_collection_overhead_only,,-0.0004839999999999983,0.004825244539141682,0.03596675715637221,0.017347,0.017347,348.0,370.0,-0.0004839999999999983,1.4596726791534422,0.0,0.0,0.0,0.004825244539141682,0.0,0.0,-0.008798,0.03596675715637221,82.0,53.0,0.04476475715637207,6.0,1.0,True,56,84.7841796875,True,0.6931471824645996
1,complete_coloring,k9_color8,base,k9_color8,event,strong,strong_symmetry,large,v9_c8,main,complete_coloring:large,base,False,SAT symmetry harder baseline candidate pool; EchoSAT runtime v1.2 canonical DIMACS order,True,True,True,True,True,not_lost,not_lost,not_lost,False,False,False,event_collection_overhead_only,,-0.139432,0.005234843823552104,-0.020210242843627935,0.11514200000000008,0.11514200000000008,-2205.0,-2391.0,-0.139432,1.3207246791534426,-833.0,-702.0,0.0,0.005234843823552104,0.0,0.0,-0.064975,-0.020210242843627935,-5182.0,-4520.0,0.04476475715637207,7.0,1.0,True,72,109.32144165039062,True,0.6931471824645996
1,complete_coloring,k9_color8,perm_seed1730,k9_color8_perm1730,event,strong,strong_symmetry,large,v9_c8,main,complete_coloring:large,permutation_variant,True,SAT symmetry harder baseline candidate pool; EchoSAT runtime v1.2 canonical DIMACS order,True,True,True,True,True,not_lost,not_lost,not_lost,False,False,False,event_collection_overhead_only,,-0.06559499999999996,0.005879351482510842,-0.1922502428436279,0.29859699999999995,0.29859699999999995,6086.0,5874.0,-0.06559499999999996,1.3945616791534423,0.0,0.0,0.0,0.005879351482510842,0.0,0.0,-0.23701499999999998,-0.1922502428436279,-6316.0,-6029.0,0.04476475715637207,7.0,1.0,True,72,109.58531951904297,True,0.6931471824645996
1,complete_coloring,k9_color8,perm_seed1731,k9_color8_perm1731,event,strong,strong_symmetry,large,v9_c8,main,complete_coloring:large,permutation_variant,True,SAT symmetry harder baseline candidate pool; EchoSAT runtime v1.2 canonical DIMACS order,True,True,True,True,True,not_lost,not_lost,not_lost,False,False,False,event_collection_overhead_only,,-0.010884999999999923,0.006826588604271433,-0.1470877375793458,0.15145699999999995,0.15145699999999995,402.0,340.0,-0.010884999999999923,0.12953662895202644,0.0,0.0,0.0,0.006826588604271433,0.0,0.0,-0.21564500000000003,-0.1470877375793458,-8512.0,-7876.0,0.0685572624206543,7.0,1.0,True,72,109.56788635253906,True,0.6931471824645996
1,php,php_p10_h9,base,php_p10_h9,event,strong,strong_symmetry,large,p10_h9,main,php:large,base,False,SAT symmetry harder baseline candidate pool; EchoSAT runtime v1.2 canonical DIMACS order,True,True,True,True,True,not_lost,not_lost,not_lost,False,False,False,event_collection_overhead_only,,0.13010000000000055,0.007968485410213333,-0.835292737579346,-0.03192000000000039,-0.03192000000000039,-18632.0,-14898.0,0.13010000000000055,0.2705216289520269,-389.0,-519.0,0.0,0.007968485410213333,0.0,0.0,-0.9038500000000003,-0.835292737579346,-45935.0,-44264.0,0.0685572624206543,8.0,1.0,True,90,136.93209838867188,True,0.6931471824645996
1,php,php_p10_h9,perm_seed1730,php_p10_h9_perm1730,event,strong,strong_symmetry,large,p10_h9,main,php:large,permutation_variant,True,SAT symmetry harder baseline candidate pool; EchoSAT runtime v1.2 canonical DIMACS order,True,True,True,True,True,not_lost,not_lost,not_lost,False,False,False,event_collection_overhead_only,,-0.08978999999999981,0.005003814423620412,-0.6940627375793453,-0.6464499999999997,-0.6464499999999997,-129851.0,-120061.0,-0.08978999999999981,0.05063162895202655,-36014.0,-32857.0,0.0,0.005003814423620412,0.0,0.0,-0.7626200000000001,-0.6940627375793453,2402.0,1895.0,0.0685572624206543,8.0,1.0,True,90,136.98228454589844,True,0.6931471824645996
1,php,php_p10_h9,perm_seed1731,php_p10_h9_perm1731,event,strong,strong_symmetry,large,p10_h9,main,php:large,permutation_variant,True,SAT symmetry harder baseline candidate pool; EchoSAT runtime v1.2 canonical DIMACS order,True,True,True,True,True,not_lost,not_lost,not_lost,False,False,False,event_collection_overhead_only,,0.08155000000000001,0.008477535881161735,0.1252672624206541,-0.21525000000000016,-0.21525000000000016,-49664.0,-42835.0,0.08155000000000001,0.22197162895202638,0.0,0.0,0.0,0.008477535881161735,0.0,0.0,0.05671000000000026,0.1252672624206541,33151.0,31230.0,0.0685572624206543,8.0,1.0,True,90,137.00555419921875,True,0.6931471824645996
1,php,php_p9_h8,base,php_p9_h8,event,strong,strong_symmetry,large,p9_h8,main,php:large,base,False,SAT symmetry harder baseline candidate pool; EchoSAT runtime v1.2 canonical DIMACS order,True,True,True,True,True,not_lost,not_lost,not_lost,False,False,False,event_collection_overhead_only,,-0.05918199999999996,0.006267553954660943,0.0011022624206542542,-0.012062000000000017,-0.012062000000000017,-2205.0,-2391.0,-0.05918199999999996,0.08123962895202641,-833.0,-702.0,0.0,0.006267553954660943,0.0,0.0,-0.06745500000000004,0.0011022624206542542,-5182.0,-4520.0,0.0685572624206543,7.0,1.0,True,72,109.32144165039062,True,0.6931471824645996
1,php,php_p9_h8,perm_seed1730,php_p9_h8_perm1730,event,strong,strong_symmetry,large,p9_h8,main,php:large,permutation_variant,True,SAT symmetry harder baseline candidate pool; EchoSAT runtime v1.2 canonical DIMACS order,True,True,True,True,True,not_lost,not_lost,not_lost,False,False,False,event_collection_overhead_only,,-0.006529000000000007,0.0037568046807646693,-0.17825073757934562,0.24486799999999997,0.24486799999999997,6086.0,5874.0,-0.006529000000000007,0.13389262895202636,0.0,0.0,0.0,0.0037568046807646693,0.0,0.0,-0.24680799999999997,-0.17825073757934562,-6316.0,-6029.0,0.0685572624206543,7.0,1.0,True,72,109.58531951904297,True,0.6931471824645996
1,php,php_p9_h8,perm_seed1731,php_p9_h8_perm1731,event,strong,strong_symmetry,large,p9_h8,main,php:large,permutation_variant,True,SAT symmetry harder baseline candidate pool; EchoSAT runtime v1.2 canonical DIMACS order,True,True,True,True,True,not_lost,not_lost,not_lost,False,False,False,event_collection_overhead_only,,0.005348000000000019,0.0076405707632899444,-0.16457373757934568,0.05550999999999995,0.05550999999999995,402.0,340.0,0.005348000000000019,0.1457696289520264,0.0,0.0,0.0,0.0076405707632899444,0.0,0.0,-0.23313099999999998,-0.16457373757934568,-6477.0,-6139.0,0.0685572624206543,7.0,1.0,True,72,109.56788635253906,True,0.6931471824645996
1,random_3sat_control,random_3sat_control_v160_c704_seed2615,base,random_3sat_control_v160_c704_seed2615,event,none,non_symmetric_control,large,vars160_clauses704,control,random_3sat_control:large,base,False,SAT symmetry harder baseline candidate pool; EchoSAT runtime v1.2 canonical DIMACS order,True,True,True,True,True,not_lost,not_lost,not_lost,False,False,False,event_collection_overhead_only,,-0.007436999999999999,0.003766426406800749,0.07808826242065428,-0.007659999999999993,-0.007659999999999993,-1069.0,-954.0,-0.007436999999999999,0.13298462895202637,-843.0,-601.0,0.0,0.003766426406800749,0.0,0.0,0.009530999999999998,0.07808826242065428,717.0,565.0,0.0685572624206543,20.0,1.0,True,160,250.25311279296875,True,0.6931471824645996
1,random_3sat_control,random_3sat_control_v160_c704_seed2615,perm_seed1730,random_3sat_control_v160_c704_seed2615_perm1730,event,none,non_symmetric_control,large,vars160_clauses704,control,random_3sat_control:large,permutation_variant,True,SAT symmetry harder baseline candidate pool; EchoSAT runtime v1.2 canonical DIMACS order,True,True,True,True,True,not_lost,not_lost,not_lost,False,False,False,event_collection_overhead_only,,-0.041899000000000006,0.006791568131268022,0.07576028262329093,-0.003128999999999993,-0.003128999999999993,-588.0,-490.0,-0.041899000000000006,0.4628729478607178,-3332.0,-2801.0,0.0,0.006791568131268022,0.0,0.0,-0.005663000000000001,0.07576028262329093,423.0,315.0,0.08142328262329102,20.0,1.0,True,160,250.9976043701172,True,0.6931471824645996
1,random_3sat_control,random_3sat_control_v160_c704_seed2615,perm_seed1731,random_3sat_control_v160_c704_seed2615_perm1731,event,none,non_symmetric_control,large,vars160_clauses704,control,random_3sat_control:large,permutation_variant,True,SAT symmetry harder baseline candidate pool; EchoSAT runtime v1.2 canonical DIMACS order,True,True,True,True,True,not_lost,not_lost,not_lost,False,False,False,event_collection_overhead_only,,-0.057423999999999996,0.0019390799419284344,0.08609628262329105,0.051033,0.051033,2341.0,2004.0,-0.057423999999999996,0.4473479478607178,-3056.0,-2467.0,0.0,0.0019390799419284344,0.0,0.0,0.004672999999999997,0.08609628262329105,843.0,583.0,0.08142328262329102,20.0,1.0,True,160,250.14382934570312,True,0.6931471824645996
1,random_3sat_control,random_3sat_control_v180_c760_seed3301,base,random_3sat_control_v180_c760_seed3301,event,none,non_symmetric_control,large,vars180_clauses760,control,random_3sat_control:large,base,False,SAT symmetry harder baseline candidate pool; EchoSAT runtime v1.2 canonical DIMACS order,True,True,True,True,True,not_lost,not_lost,not_lost,False,False,False,event_collection_overhead_only,,-0.118592,0.007540242844879641,0.6828852826232908,-0.37592,-0.37592,-16972.0,-14707.0,-0.118592,0.3861799478607178,-9777.0,-8343.0,0.0,0.007540242844879641,0.0,0.0,0.6014619999999999,0.6828852826232908,40225.0,35662.0,0.08142328262329102,25.0,1.0,True,180,290.802978515625,True,0.6931471824645996
1,random_3sat_control,random_3sat_control_v180_c760_seed3301,perm_seed1730,random_3sat_control_v180_c760_seed3301_perm1730,event,none,non_symmetric_control,large,vars180_clauses760,control,random_3sat_control:large,permutation_variant,True,SAT symmetry harder baseline candidate pool; EchoSAT runtime v1.2 canonical DIMACS order,True,True,True,True,True,not_lost,not_lost,not_lost,False,False,False,event_collection_overhead_only,,-0.07314,0.0037924715433717004,0.5292192826232911,-1.0236480000000001,-1.0236480000000001,-40228.0,-34899.0,-0.07314,0.43163194786071774,-6778.0,-5728.0,0.0,0.0037924715433717004,0.0,0.0,0.44779599999999997,0.5292192826232911,31305.0,27512.0,0.08142328262329102,25.0,1.0,True,180,292.0396728515625,True,0.6931471824645996
1,random_3sat_control,random_3sat_control_v180_c760_seed3301,perm_seed1731,random_3sat_control_v180_c760_seed3301_perm1731,event,none,non_symmetric_control,large,vars180_clauses760,control,random_3sat_control:large,permutation_variant,True,SAT symmetry harder baseline candidate pool; EchoSAT runtime v1.2 canonical DIMACS order,True,True,True,True,True,not_lost,not_lost,not_lost,False,False,False,event_collection_overhead_only,,-0.10116,0.010786850298404649,0.678748282623291,-0.379595,-0.379595,-18186.0,-15755.0,-0.10116,0.40361194786071786,-8421.0,-7230.0,0.0,0.010786850298404649,0.0,0.0,0.597325,0.678748282623291,41159.0,36425.0,0.08142328262329102,25.0,1.0,True,180,291.0475769042969,True,0.6931471824645996
1,random_3sat_control,random_3sat_control_v220_c928_seed3303,base,random_3sat_control_v220_c928_seed3303,event,none,non_symmetric_control,large,vars220_clauses928,control,random_3sat_control:large,base,False,SAT symmetry harder baseline candidate pool; EchoSAT runtime v1.2 canonical DIMACS order,True,True,True,True,True,not_lost,not_lost,not_lost,False,False,False,event_collection_overhead_only,,-0.38598,0.004295740369975598,0.08458428262329099,-0.33789199999999997,-0.33789199999999997,-8012.0,-6969.0,-0.38598,0.11879194786071778,-22203.0,-19021.0,0.0,0.004295740369975598,0.0,0.0,0.003161,0.08458428262329099,717.0,602.0,0.08142328262329102,28.0,1.0,True,220,332.48345947265625,True,0.6931471824645996
1,random_3sat_control,random_3sat_control_v220_c928_seed3303,perm_seed1730,random_3sat_control_v220_c928_seed3303_perm1730,event,none,non_symmetric_control,large,vars220_clauses928,control,random_3sat_control:large,permutation_variant,True,SAT symmetry harder baseline candidate pool; EchoSAT runtime v1.2 canonical DIMACS order,True,True,True,True,True,not_lost,not_lost,not_lost,False,False,False,event_collection_overhead_only,,-0.16545900000000002,0.002171284539699503,0.09090028262329097,-1.253001,-1.253001,-39703.0,-34406.0,-0.16545900000000002,0.3393129478607178,-12977.0,-11067.0,0.0,0.002171284539699503,0.0,0.0,0.009477,0.09090028262329097,534.0,448.0,0.08142328262329102,28.0,1.0,True,220,330.46795654296875,True,0.6931471824645996
1,random_3sat_control,random_3sat_control_v220_c928_seed3303,perm_seed1731,random_3sat_control_v220_c928_seed3303_perm1731,event,none,non_symmetric_control,large,vars220_clauses928,control,random_3sat_control:large,permutation_variant,True,SAT symmetry harder baseline candidate pool; EchoSAT runtime v1.2 canonical DIMACS order,True,True,True,True,True,not_lost,not_lost,not_lost,False,False,False,event_collection_overhead_only,,-0.325693,0.005554424986660478,0.09560528262329104,0.258869,0.258869,14754.0,12667.0,-0.325693,0.17907894786071776,-19621.0,-16810.0,0.0,0.005554424986660478,0.0,0.0,0.014182000000000002,0.09560528262329104,786.0,666.0,0.08142328262329102,28.0,1.0,True,220,331.79437255859375,True,0.6931471824645996
1,random_3sat_control,random_3sat_control_v220_c942_seed3304,base,random_3sat_control_v220_c942_seed3304,event,none,non_symmetric_control,large,vars220_clauses942,control,random_3sat_control:large,base,False,SAT symmetry harder baseline candidate pool; EchoSAT runtime v1.2 canonical DIMACS order,True,True,True,True,True,not_lost,not_lost,not_lost,False,False,False,event_collection_overhead_only,,-0.337592,0.007063056474626128,0.15796538670349114,0.228429,0.228429,5904.0,5233.0,-0.337592,0.25232089138793945,-14622.0,-12066.0,0.0,0.007063056474626128,0.0,0.0,0.06947800000000004,0.15796538670349114,12897.0,11336.0,0.08848738670349121,24.0,1.0,True,220,322.4337158203125,True,0.6931471824645996
1,random_3sat_control,random_3sat_control_v220_c942_seed3304,perm_seed1730,random_3sat_control_v220_c942_seed3304_perm1730,event,none,non_symmetric_control,large,vars220_clauses942,control,random_3sat_control:large,permutation_variant,True,SAT symmetry harder baseline candidate pool; EchoSAT runtime v1.2 canonical DIMACS order,True,True,True,True,True,not_lost,not_lost,not_lost,False,False,False,event_collection_overhead_only,,-0.18822500000000003,0.004087144719481461,0.2743773867034913,-0.03425400000000001,-0.03425400000000001,-1604.0,-1234.0,-0.18822500000000003,0.40168789138793937,-6776.0,-5014.0,0.0,0.004087144719481461,0.0,0.0,0.18588999999999994,0.2743773867034913,12473.0,10863.0,0.08848738670349121,24.0,1.0,True,220,324.02960205078125,True,0.6931471824645996
1,random_3sat_control,random_3sat_control_v220_c942_seed3304,perm_seed1731,random_3sat_control_v220_c942_seed3304_perm1731,event,none,non_symmetric_control,large,vars220_clauses942,control,random_3sat_control:large,permutation_variant,True,SAT symmetry harder baseline candidate pool; EchoSAT runtime v1.2 canonical DIMACS order,True,True,True,True,True,not_lost,not_lost,not_lost,False,False,False,event_collection_overhead_only,,-0.31060400000000005,0.006900565508902057,0.27454038670349123,0.014774999999999983,0.014774999999999983,172.0,-214.0,-0.31060400000000005,0.27930889138793946,-12760.0,-10096.0,0.0,0.006900565508902057,0.0,0.0,0.18605299999999997,0.27454038670349123,12505.0,11181.0,0.08848738670349121,24.0,1.0,True,220,324.64569091796875,True,0.6931471824645996
1,random_3sat_control,random_3sat_control_v260_c1097_seed3305,base,random_3sat_control_v260_c1097_seed3305,event,none,non_symmetric_control,large,vars260_clauses1097,control,random_3sat_control:large,base,False,SAT symmetry harder baseline candidate pool; EchoSAT runtime v1.2 canonical DIMACS order,True,True,True,True,True,not_lost,not_lost,not_lost,False,False,False,event_collection_overhead_only,,-0.5481800000000001,0.009042193815111954,-0.6530226132965087,-4.54011,-4.54011,-143228.0,-124318.0,-0.5481800000000001,0.041732891387939564,-12984.0,-9831.0,0.0,0.009042193815111954,0.0,0.0,-0.7415099999999999,-0.6530226132965087,-6862.0,-6946.0,0.08848738670349121,35.0,1.0,True,260,390.64288330078125,True,0.6931471824645996
1,random_3sat_control,random_3sat_control_v260_c1097_seed3305,perm_seed1730,random_3sat_control_v260_c1097_seed3305_perm1730,event,none,non_symmetric_control,large,vars260_clauses1097,control,random_3sat_control:large,permutation_variant,True,SAT symmetry harder baseline candidate pool; EchoSAT runtime v1.2 canonical DIMACS order,True,True,True,True,True,not_lost,not_lost,not_lost,False,False,False,event_collection_overhead_only,,1.033193,0.004059728418290387,0.10528738670349114,-6.827103,-6.827103,-197259.0,-172170.0,1.033193,1.6231058913879395,33440.0,31337.0,0.0,0.004059728418290387,0.0,0.0,0.016799999999999926,0.10528738670349114,16969.0,14323.0,0.08848738670349121,35.0,1.0,True,260,390.0680847167969,True,0.6931471824645996
1,random_3sat_control,random_3sat_control_v260_c1097_seed3305,perm_seed1731,random_3sat_control_v260_c1097_seed3305_perm1731,event,none,non_symmetric_control,large,vars260_clauses1097,control,random_3sat_control:large,permutation_variant,True,SAT symmetry harder baseline candidate pool; EchoSAT runtime v1.2 canonical DIMACS order,True,True,True,True,True,not_lost,not_lost,not_lost,False,False,False,event_collection_overhead_only,,-4.25031,0.0050152146023512145,0.16356738670349102,1.40504,1.40504,57081.0,50142.0,-4.25031,-3.6603971086120604,-114463.0,-98947.0,0.0,0.0050152146023512145,0.0,0.0,0.07507999999999981,0.16356738670349102,10546.0,8986.0,0.08848738670349121,35.0,1.0,True,260,389.6698913574219,True,0.6931471824645996
1,random_3sat_control,random_3sat_control_v260_c1113_seed3306,base,random_3sat_control_v260_c1113_seed3306,event,none,non_symmetric_control,large,vars260_clauses1113,control,random_3sat_control:large,base,False,SAT symmetry harder baseline candidate pool; EchoSAT runtime v1.2 canonical DIMACS order,True,True,True,True,True,not_lost,not_lost,not_lost,False,False,False,event_collection_overhead_only,,0.47445999999999966,0.00967266858756588,0.3116373867034916,0.2249100000000004,0.2249100000000004,8730.0,7767.0,0.47445999999999966,1.0643728913879391,39324.0,42096.0,0.0,0.00967266858756588,0.0,0.0,0.2231500000000004,0.3116373867034916,45676.0,33877.0,0.08848738670349121,33.0,1.0,True,260,397.62847900390625,True,0.6931471824645996
1,random_3sat_control,random_3sat_control_v260_c1113_seed3306,perm_seed1730,random_3sat_control_v260_c1113_seed3306_perm1730,event,none,non_symmetric_control,large,vars260_clauses1113,control,random_3sat_control:large,permutation_variant,True,SAT symmetry harder baseline candidate pool; EchoSAT runtime v1.2 canonical DIMACS order,True,True,True,True,True,not_lost,not_lost,not_lost,False,False,False,event_collection_overhead_only,,-1.3613400000000002,0.005052122984826823,1.0798973867034913,1.6178100000000004,1.6178100000000004,35602.0,30995.0,-1.3613400000000002,-0.7714271086120608,-835.0,5421.0,0.0,0.005052122984826823,0.0,0.0,0.9914100000000001,1.0798973867034913,57417.0,46207.0,0.08848738670349121,33.0,1.0,True,260,396.3316650390625,True,0.6931471824645996
1,random_3sat_control,random_3sat_control_v260_c1113_seed3306,perm_seed1731,random_3sat_control_v260_c1113_seed3306_perm1731,event,none,non_symmetric_control,large,vars260_clauses1113,control,random_3sat_control:large,permutation_variant,True,SAT symmetry harder baseline candidate pool; EchoSAT runtime v1.2 canonical DIMACS order,True,True,True,True,True,not_lost,not_lost,not_lost,False,False,False,event_collection_overhead_only,,-0.5585300000000002,0.006925615159213194,0.22818651260376033,0.16223999999999972,0.16223999999999972,12364.0,10059.0,-0.5585300000000002,-0.31418576553344746,2760.0,9196.0,0.0,0.006925615159213194,0.0,0.0,0.16264000000000056,0.22818651260376033,47328.0,37390.0,0.06554651260375977,33.0,1.0,True,260,397.0461730957031,True,0.6931471824645996
1,random_3sat_control,random_3sat_control_v300_c1266_seed3307,base,random_3sat_control_v300_c1266_seed3307,event,none,non_symmetric_control,large,vars300_clauses1266,control,random_3sat_control:large,base,False,SAT symmetry harder baseline candidate pool; EchoSAT runtime v1.2 canonical DIMACS order,True,True,True,True,True,not_lost,not_lost,not_lost,False,False,False,event_collection_overhead_only,,-2.509816,0.005652810770630845,0.09441651260375972,2.301592,2.301592,58462.0,50481.0,-2.509816,-2.265471765533447,-71068.0,-61194.0,0.0,0.005652810770630845,0.0,0.0,0.02887,0.09441651260375972,2324.0,1865.0,0.06554651260375977,46.0,1.0,True,300,466.681884765625,True,0.6931471824645996
1,random_3sat_control,random_3sat_control_v300_c1266_seed3307,perm_seed1730,random_3sat_control_v300_c1266_seed3307_perm1730,event,none,non_symmetric_control,large,vars300_clauses1266,control,random_3sat_control:large,permutation_variant,True,SAT symmetry harder baseline candidate pool; EchoSAT runtime v1.2 canonical DIMACS order,True,True,True,True,True,not_lost,not_lost,not_lost,False,False,False,event_collection_overhead_only,,-2.266638,0.005706904529631129,0.08057651260375975,0.9964999999999999,0.9964999999999999,20395.0,17167.0,-2.266638,-2.022293765533447,-63177.0,-54301.0,0.0,0.005706904529631129,0.0,0.0,0.01503,0.08057651260375975,1984.0,1623.0,0.06554651260375977,46.0,1.0,True,300,465.9733581542969,True,0.6931471824645996
1,random_3sat_control,random_3sat_control_v300_c1266_seed3307,perm_seed1731,random_3sat_control_v300_c1266_seed3307_perm1731,event,none,non_symmetric_control,large,vars300_clauses1266,control,random_3sat_control:large,permutation_variant,True,SAT symmetry harder baseline candidate pool; EchoSAT runtime v1.2 canonical DIMACS order,True,True,True,True,True,not_lost,not_lost,not_lost,False,False,False,event_collection_overhead_only,,-0.107071,0.006738539579451086,0.08774251260375976,-1.931627,-1.931627,-59438.0,-51120.0,-0.107071,0.1372732344665527,-7149.0,-6057.0,0.0,0.006738539579451086,0.0,0.0,0.022195999999999997,0.08774251260375976,2181.0,1768.0,0.06554651260375977,46.0,1.0,True,300,465.2885437011719,True,0.6931471824645996
1,subset_cardinality,subset_cardinality_bw10,base,subset_cardinality_bw10,event,weak,weak_symmetry,large,size10,main,subset_cardinality:large,base,False,SAT-b-inspired symmetry stress set; EchoSAT runtime v1.2 canonical DIMACS order,True,True,True,True,True,not_lost,not_lost,not_lost,False,False,False,event_collection_overhead_only,,-0.0020239999999999998,0.0011887568980455399,0.06698351260375973,0.0008359999999999997,0.0008359999999999997,44.0,52.0,-0.0020239999999999998,0.24232023446655274,-75.0,-51.0,0.0,0.0011887568980455399,0.0,0.0,0.001437,0.06698351260375973,17.0,7.0,0.06554651260375977,5.0,1.0,True,41,62.83808517456055,True,0.6931471824645996
1,subset_cardinality,subset_cardinality_bw10,perm_seed1730,subset_cardinality_bw10_perm1730,event,weak,weak_symmetry,large,size10,main,subset_cardinality:large,permutation_variant,True,SAT-b-inspired symmetry stress set; EchoSAT runtime v1.2 canonical DIMACS order,True,True,True,True,True,not_lost,not_lost,not_lost,False,False,False,event_collection_overhead_only,,-0.002128,0.001257660437941538,0.06699451260375974,0.002553,0.002553,3.0,2.0,-0.002128,0.24221623446655274,-65.0,-32.0,0.0,0.001257660437941538,0.0,0.0,0.001448,0.06699451260375974,15.0,13.0,0.06554651260375977,6.0,1.0,True,41,62.92706298828125,True,0.6931471824645996
1,subset_cardinality,subset_cardinality_bw10,perm_seed1731,subset_cardinality_bw10_perm1731,event,weak,weak_symmetry,large,size10,main,subset_cardinality:large,permutation_variant,True,SAT-b-inspired symmetry stress set; EchoSAT runtime v1.2 canonical DIMACS order,True,True,True,True,True,not_lost,not_lost,not_lost,False,False,False,event_collection_overhead_only,,-0.000478,0.0010431278496980667,0.06740751260375977,-0.000739,-0.000739,45.0,8.0,-0.000478,0.24386623446655273,-44.0,9.0,0.0,0.0010431278496980667,0.0,0.0,0.001861,0.06740751260375977,-27.0,-17.0,0.06554651260375977,7.0,1.0,True,41,62.392337799072266,True,0.6931471824645996
1,subset_cardinality,subset_cardinality_bw12,base,subset_cardinality_bw12,event,weak,weak_symmetry,large,size12,main,subset_cardinality:large,base,False,SAT-b-inspired symmetry stress set; EchoSAT runtime v1.2 canonical DIMACS order,True,True,True,True,True,not_lost,not_lost,not_lost,False,False,False,event_collection_overhead_only,,0.00219,0.0035598401014804715,0.06328351260375975,-0.001346,-0.001346,49.0,72.0,0.00219,0.24653423446655273,-107.0,-102.0,0.0,0.0035598401014804715,0.0,0.0,-0.002263,0.06328351260375975,25.0,17.0,0.06554651260375977,9.0,1.0,True,49,75.44426727294922,True,0.6931471824645996
1,subset_cardinality,subset_cardinality_bw12,perm_seed1730,subset_cardinality_bw12_perm1730,event,weak,weak_symmetry,large,size12,main,subset_cardinality:large,permutation_variant,True,SAT-b-inspired symmetry stress set; EchoSAT runtime v1.2 canonical DIMACS order,True,True,True,True,True,not_lost,not_lost,not_lost,False,False,False,event_collection_overhead_only,,-0.003611,0.00351009870135785,0.03318510534667968,0.003611,0.003611,-43.0,-15.0,-0.003611,0.1321478768005371,-54.0,-46.0,0.0,0.00351009870135785,0.0,0.0,0.002349,0.03318510534667968,6.0,19.0,0.030836105346679688,7.0,1.0,True,49,73.95069122314453,True,0.6931471824645996
1,subset_cardinality,subset_cardinality_bw12,perm_seed1731,subset_cardinality_bw12_perm1731,event,weak,weak_symmetry,large,size12,main,subset_cardinality:large,permutation_variant,True,SAT-b-inspired symmetry stress set; EchoSAT runtime v1.2 canonical DIMACS order,True,True,True,True,True,not_lost,not_lost,not_lost,False,False,False,event_collection_overhead_only,,-0.0004499999999999999,0.0024168045349121092,0.028828105346679678,0.0008699999999999999,0.0008699999999999999,46.0,14.0,-0.0004499999999999999,0.1353088768005371,-76.0,-26.0,0.0,0.0024168045349121092,0.0,0.0,-0.0020080000000000002,0.028828105346679678,14.0,20.0,0.030836105346679688,7.0,1.0,True,49,75.07693481445312,True,0.6931471824645996
1,subset_cardinality,subset_cardinality_bw8,base,subset_cardinality_bw8,event,weak,weak_symmetry,medium,size8,main,subset_cardinality:medium,base,False,SAT-b-inspired symmetry stress set; EchoSAT runtime v1.2 canonical DIMACS order,True,True,True,True,True,not_lost,not_lost,not_lost,False,False,False,event_collection_overhead_only,,-1.3999999999999907e-05,0.0027871567783951667,0.03056210534667969,0.000752,0.000752,17.0,9.0,-1.3999999999999907e-05,0.13574487680053712,-22.0,-7.0,0.0,0.0027871567783951667,0.0,0.0,-0.00027400000000000015,0.03056210534667969,13.0,14.0,0.030836105346679688,12.0,1.0,True,33,54.99262619018555,True,0.6931471824645996
1,subset_cardinality,subset_cardinality_bw8,perm_seed1730,subset_cardinality_bw8_perm1730,event,weak,weak_symmetry,medium,size8,main,subset_cardinality:medium,permutation_variant,True,SAT-b-inspired symmetry stress set; EchoSAT runtime v1.2 canonical DIMACS order,True,True,True,True,True,not_lost,not_lost,not_lost,False,False,False,event_collection_overhead_only,,-0.0005089999999999999,0.0020244937247634043,0.02967910534667967,0.000707,0.000707,17.0,4.0,-0.0005089999999999999,0.13524987680053713,-27.0,-1.0,0.0,0.0020244937247634043,0.0,0.0,-0.001157,0.02967910534667967,6.0,5.0,0.030836105346679688,5.0,1.0,True,33,49.16338348388672,True,0.6931471824645996
1,subset_cardinality,subset_cardinality_bw8,perm_seed1731,subset_cardinality_bw8_perm1731,event,weak,weak_symmetry,medium,size8,main,subset_cardinality:medium,permutation_variant,True,SAT-b-inspired symmetry stress set; EchoSAT runtime v1.2 canonical DIMACS order,True,True,True,True,True,not_lost,not_lost,not_lost,False,False,False,event_collection_overhead_only,,-0.001086,0.0025050880432724854,0.03190910534667968,0.000493,0.000493,11.0,9.0,-0.001086,0.1346728768005371,-21.0,-9.0,0.0,0.0025050880432724854,0.0,0.0,0.001073,0.03190910534667968,11.0,6.0,0.030836105346679688,11.0,1.0,True,33,55.44180679321289,True,0.6931471824645996
2,complete_coloring,k10_color9,base,k10_color9,event,strong,strong_symmetry,large,v10_c9,main,complete_coloring:large,base,False,SAT symmetry harder baseline candidate pool; EchoSAT runtime v1.2 canonical DIMACS order,True,True,True,True,True,not_lost,not_lost,not_lost,False,False,False,event_collection_overhead_only,,0.12873,0.005304552640497562,-1.39031541557312,0.46877000000000013,0.46877000000000013,-18632.0,-14898.0,0.12873,1.877201736907959,-389.0,-519.0,0.0,0.005304552640497562,0.0,0.0,-1.4497,-1.39031541557312,-45935.0,-44264.0,0.05938458442687988,8.0,1.0,True,90,136.93209838867188,True,0.6931471824645996
2,complete_coloring,k10_color9,perm_seed1730,k10_color9_perm1730,event,strong,strong_symmetry,large,v10_c9,main,complete_coloring:large,permutation_variant,True,SAT symmetry harder baseline candidate pool; EchoSAT runtime v1.2 canonical DIMACS order,True,True,True,True,True,not_lost,not_lost,not_lost,False,False,False,event_collection_overhead_only,,-0.024969999999999715,0.004708095642924626,-1.26923541557312,-0.11043000000000003,-0.11043000000000003,-129851.0,-120061.0,-0.024969999999999715,1.7235017369079593,-36014.0,-32857.0,0.0,0.004708095642924626,0.0,0.0,-1.32862,-1.26923541557312,2402.0,1895.0,0.05938458442687988,8.0,1.0,True,90,136.98228454589844,True,0.6931471824645996
2,complete_coloring,k10_color9,perm_seed1731,k10_color9_perm1731,event,strong,strong_symmetry,large,v10_c9,main,complete_coloring:large,permutation_variant,True,SAT symmetry harder baseline candidate pool; EchoSAT runtime v1.2 canonical DIMACS order,True,True,True,True,True,not_lost,not_lost,not_lost,False,False,False,event_collection_overhead_only,,0.06194999999999995,0.008338701209366306,0.1587045844268804,-0.16598000000000024,-0.16598000000000024,-49664.0,-42835.0,0.06194999999999995,1.8104217369079585,0.0,0.0,0.0,0.008338701209366306,0.0,0.0,0.09932000000000007,0.1587045844268804,33151.0,31230.0,0.05938458442687988,8.0,1.0,True,90,137.00555419921875,True,0.6931471824645996
2,complete_coloring,k8_color7,base,k8_color7,event,strong,strong_symmetry,large,v8_c7,main,complete_coloring:large,base,False,SAT symmetry harder baseline candidate pool; EchoSAT runtime v1.2 canonical DIMACS order,True,True,True,True,True,not_lost,not_lost,not_lost,False,False,False,event_collection_overhead_only,,-0.003974999999999999,0.004359309468209727,0.05112258442687989,0.004743000000000004,0.004743000000000004,-212.0,-160.0,-0.003974999999999999,1.744496736907959,0.0,0.0,0.0,0.004359309468209727,0.0,0.0,-0.008262000000000005,0.05112258442687989,203.0,193.0,0.05938458442687988,6.0,1.0,True,56,84.73548889160156,True,0.6931471824645996
2,complete_coloring,k8_color7,perm_seed1730,k8_color7_perm1730,event,strong,strong_symmetry,large,v8_c7,main,complete_coloring:large,permutation_variant,True,SAT symmetry harder baseline candidate pool; EchoSAT runtime v1.2 canonical DIMACS order,True,True,True,True,True,not_lost,not_lost,not_lost,False,False,False,event_collection_overhead_only,,-0.007661000000000001,0.0009662583470344543,0.0488525844268799,0.020079,0.020079,126.0,72.0,-0.007661000000000001,1.740810736907959,0.0,0.0,0.0,0.0009662583470344543,0.0,0.0,-0.010532,0.0488525844268799,-375.0,-343.0,0.05938458442687988,6.0,1.0,True,56,84.79159545898438,True,0.6931471824645996
2,complete_coloring,k8_color7,perm_seed1731,k8_color7_perm1731,event,strong,strong_symmetry,large,v8_c7,main,complete_coloring:large,permutation_variant,True,SAT symmetry harder baseline candidate pool; EchoSAT runtime v1.2 canonical DIMACS order,True,True,True,True,True,not_lost,not_lost,not_lost,False,False,False,event_collection_overhead_only,,0.011082000000000002,0.001054961234331131,0.04408458442687979,0.008985,0.008985,348.0,370.0,0.011082000000000002,1.759553736907959,0.0,0.0,0.0,0.001054961234331131,0.0,0.0,-0.015300000000000001,0.04408458442687979,82.0,53.0,0.05938458442687988,6.0,1.0,True,56,84.7841796875,True,0.6931471824645996
2,complete_coloring,k9_color8,base,k9_color8,event,strong,strong_symmetry,large,v9_c8,main,complete_coloring:large,base,False,SAT symmetry harder baseline candidate pool; EchoSAT runtime v1.2 canonical DIMACS order,True,True,True,True,True,not_lost,not_lost,not_lost,False,False,False,event_collection_overhead_only,,-0.245321,0.006105164313912503,-0.06956241557312026,0.158107,0.158107,-2205.0,-2391.0,-0.245321,1.5031507369079589,-833.0,-702.0,0.0,0.006105164313912503,0.0,0.0,-0.12894699999999998,-0.06956241557312026,-5182.0,-4520.0,0.05938458442687988,7.0,1.0,True,72,109.32144165039062,True,0.6931471824645996
2,complete_coloring,k9_color8,perm_seed1730,k9_color8_perm1730,event,strong,strong_symmetry,large,v9_c8,main,complete_coloring:large,permutation_variant,True,SAT symmetry harder baseline candidate pool; EchoSAT runtime v1.2 canonical DIMACS order,True,True,True,True,True,not_lost,not_lost,not_lost,False,False,False,event_collection_overhead_only,,-0.08544600000000002,0.0051658145967126146,-0.3443044155731201,0.41811400000000004,0.41811400000000004,6086.0,5874.0,-0.08544600000000002,1.6630257369079589,0.0,0.0,0.0,0.0051658145967126146,0.0,0.0,-0.403689,-0.3443044155731201,-6316.0,-6029.0,0.05938458442687988,7.0,1.0,True,72,109.58531951904297,True,0.6931471824645996
2,complete_coloring,k9_color8,perm_seed1731,k9_color8_perm1731,event,strong,strong_symmetry,large,v9_c8,main,complete_coloring:large,permutation_variant,True,SAT symmetry harder baseline candidate pool; EchoSAT runtime v1.2 canonical DIMACS order,True,True,True,True,True,not_lost,not_lost,not_lost,False,False,False,event_collection_overhead_only,,0.15957500000000002,0.0034841447865963104,-0.34017610533142095,0.08976499999999998,0.08976499999999998,402.0,340.0,0.15957500000000002,0.8102178718566896,0.0,0.0,0.0,0.0034841447865963104,0.0,0.0,-0.40902400000000005,-0.34017610533142095,-8512.0,-7876.0,0.0688478946685791,7.0,1.0,True,72,109.56788635253906,True,0.6931471824645996
2,php,php_p10_h9,base,php_p10_h9,event,strong,strong_symmetry,large,p10_h9,main,php:large,base,False,SAT symmetry harder baseline candidate pool; EchoSAT runtime v1.2 canonical DIMACS order,True,True,True,True,True,not_lost,not_lost,not_lost,False,False,False,event_collection_overhead_only,,0.15965000000000007,0.004600544644653759,-0.8293121053314216,-0.08516000000000012,-0.08516000000000012,-18632.0,-14898.0,0.15965000000000007,0.8102928718566895,-389.0,-519.0,0.0,0.004600544644653759,0.0,0.0,-0.8981600000000003,-0.8293121053314216,-45935.0,-44264.0,0.0688478946685791,8.0,1.0,True,90,136.93209838867188,True,0.6931471824645996
2,php,php_p10_h9,perm_seed1730,php_p10_h9_perm1730,event,strong,strong_symmetry,large,p10_h9,main,php:large,permutation_variant,True,SAT symmetry harder baseline candidate pool; EchoSAT runtime v1.2 canonical DIMACS order,True,True,True,True,True,not_lost,not_lost,not_lost,False,False,False,event_collection_overhead_only,,-0.7573300000000001,0.008462082363962509,-0.3248721053314201,-0.32040000000000024,-0.32040000000000024,-129851.0,-120061.0,-0.7573300000000001,-0.10668712814331016,-36014.0,-32857.0,0.0,0.008462082363962509,0.0,0.0,-0.3937199999999996,-0.3248721053314201,2402.0,1895.0,0.0688478946685791,8.0,1.0,True,90,136.98228454589844,True,0.6931471824645996
2,php,php_p10_h9,perm_seed1731,php_p10_h9_perm1731,event,strong,strong_symmetry,large,p10_h9,main,php:large,permutation_variant,True,SAT symmetry harder baseline candidate pool; EchoSAT runtime v1.2 canonical DIMACS order,True,True,True,True,True,not_lost,not_lost,not_lost,False,False,False,event_collection_overhead_only,,-0.10458000000000034,0.010086297658205012,0.11601789466857948,0.0023900000000001143,0.0023900000000001143,-49664.0,-42835.0,-0.10458000000000034,0.5460628718566891,0.0,0.0,0.0,0.010086297658205012,0.0,0.0,0.04717000000000038,0.11601789466857948,33151.0,31230.0,0.0688478946685791,8.0,1.0,True,90,137.00555419921875,True,0.6931471824645996
2,php,php_p9_h8,base,php_p9_h8,event,strong,strong_symmetry,large,p9_h8,main,php:large,base,False,SAT symmetry harder baseline candidate pool; EchoSAT runtime v1.2 canonical DIMACS order,True,True,True,True,True,not_lost,not_lost,not_lost,False,False,False,event_collection_overhead_only,,-0.13866599999999996,0.006343969196259902,-0.1285851053314211,0.16814600000000002,0.16814600000000002,-2205.0,-2391.0,-0.13866599999999996,0.5119768718566896,-833.0,-702.0,0.0,0.006343969196259902,0.0,0.0,-0.19743300000000008,-0.1285851053314211,-5182.0,-4520.0,0.0688478946685791,7.0,1.0,True,72,109.32144165039062,True,0.6931471824645996
2,php,php_p9_h8,perm_seed1730,php_p9_h8_perm1730,event,strong,strong_symmetry,large,p9_h8,main,php:large,permutation_variant,True,SAT symmetry harder baseline candidate pool; EchoSAT runtime v1.2 canonical DIMACS order,True,True,True,True,True,not_lost,not_lost,not_lost,False,False,False,event_collection_overhead_only,,0.07377699999999998,0.005769194609999806,-0.26588410533142093,0.194361,0.194361,6086.0,5874.0,0.07377699999999998,0.7244198718566893,0.0,0.0,0.0,0.005769194609999806,0.0,0.0,-0.334732,-0.26588410533142093,-6316.0,-6029.0,0.0688478946685791,7.0,1.0,True,72,109.58531951904297,True,0.6931471824645996
2,php,php_p9_h8,perm_seed1731,php_p9_h8_perm1731,event,strong,strong_symmetry,large,p9_h8,main,php:large,permutation_variant,True,SAT symmetry harder baseline candidate pool; EchoSAT runtime v1.2 canonical DIMACS order,True,True,True,True,True,not_lost,not_lost,not_lost,False,False,False,event_collection_overhead_only,,-0.067361,0.005884905016720232,-0.2042181053314207,0.1948479999999999,0.1948479999999999,402.0,340.0,-0.067361,0.5832818718566894,0.0,0.0,0.0,0.005884905016720232,0.0,0.0,-0.273066,-0.2042181053314207,-6477.0,-6139.0,0.0688478946685791,7.0,1.0,True,72,109.56788635253906,True,0.6931471824645996
2,random_3sat_control,random_3sat_control_v160_c704_seed2615,base,random_3sat_control_v160_c704_seed2615,event,none,non_symmetric_control,large,vars160_clauses704,control,random_3sat_control:large,base,False,SAT symmetry harder baseline candidate pool; EchoSAT runtime v1.2 canonical DIMACS order,True,True,True,True,True,not_lost,not_lost,not_lost,False,False,False,event_collection_overhead_only,,-0.022673999999999993,0.005893017644345799,0.07125389466857912,0.0031230000000000008,0.0031230000000000008,-1069.0,-954.0,-0.022673999999999993,0.6279688718566895,-843.0,-601.0,0.0,0.005893017644345799,0.0,0.0,0.0024059999999999984,0.07125389466857912,717.0,565.0,0.0688478946685791,20.0,1.0,True,160,250.25311279296875,True,0.6931471824645996
2,random_3sat_control,random_3sat_control_v160_c704_seed2615,perm_seed1730,random_3sat_control_v160_c704_seed2615_perm1730,event,none,non_symmetric_control,large,vars160_clauses704,control,random_3sat_control:large,permutation_variant,True,SAT symmetry harder baseline candidate pool; EchoSAT runtime v1.2 canonical DIMACS order,True,True,True,True,True,not_lost,not_lost,not_lost,False,False,False,event_collection_overhead_only,,-0.058657,0.006834740418016905,0.0855555721130371,0.015713000000000005,0.015713000000000005,-588.0,-490.0,-0.058657,0.652937581604004,-3332.0,-2801.0,0.0,0.006834740418016905,0.0,0.0,0.0024089999999999945,0.0855555721130371,423.0,315.0,0.08314657211303711,20.0,1.0,True,160,250.9976043701172,True,0.6931471824645996
2,random_3sat_control,random_3sat_control_v160_c704_seed2615,perm_seed1731,random_3sat_control_v160_c704_seed2615_perm1731,event,none,non_symmetric_control,large,vars160_clauses704,control,random_3sat_control:large,permutation_variant,True,SAT symmetry harder baseline candidate pool; EchoSAT runtime v1.2 canonical DIMACS order,True,True,True,True,True,not_lost,not_lost,not_lost,False,False,False,event_collection_overhead_only,,-0.069187,0.004019224659204457,0.08649057211303701,0.072375,0.072375,2341.0,2004.0,-0.069187,0.642407581604004,-3056.0,-2467.0,0.0,0.004019224659204457,0.0,0.0,0.0033439999999999998,0.08649057211303701,843.0,583.0,0.08314657211303711,20.0,1.0,True,160,250.14382934570312,True,0.6931471824645996
2,random_3sat_control,random_3sat_control_v180_c760_seed3301,base,random_3sat_control_v180_c760_seed3301,event,none,non_symmetric_control,large,vars180_clauses760,control,random_3sat_control:large,base,False,SAT symmetry harder baseline candidate pool; EchoSAT runtime v1.2 canonical DIMACS order,True,True,True,True,True,not_lost,not_lost,not_lost,False,False,False,event_collection_overhead_only,,-0.165262,0.003189412409722814,0.709213572113037,-0.31801,-0.31801,-16972.0,-14707.0,-0.165262,0.5463325816040039,-9777.0,-8343.0,0.0,0.003189412409722814,0.0,0.0,0.626067,0.709213572113037,40225.0,35662.0,0.08314657211303711,25.0,1.0,True,180,290.802978515625,True,0.6931471824645996
2,random_3sat_control,random_3sat_control_v180_c760_seed3301,perm_seed1730,random_3sat_control_v180_c760_seed3301_perm1730,event,none,non_symmetric_control,large,vars180_clauses760,control,random_3sat_control:large,permutation_variant,True,SAT symmetry harder baseline candidate pool; EchoSAT runtime v1.2 canonical DIMACS order,True,True,True,True,True,not_lost,not_lost,not_lost,False,False,False,event_collection_overhead_only,,-0.086769,0.005993259839475185,0.5330235721130371,-0.9528240000000001,-0.9528240000000001,-40228.0,-34899.0,-0.086769,0.6248255816040038,-6778.0,-5728.0,0.0,0.005993259839475185,0.0,0.0,0.44987699999999997,0.5330235721130371,31305.0,27512.0,0.08314657211303711,25.0,1.0,True,180,292.0396728515625,True,0.6931471824645996
2,random_3sat_control,random_3sat_control_v180_c760_seed3301,perm_seed1731,random_3sat_control_v180_c760_seed3301_perm1731,event,none,non_symmetric_control,large,vars180_clauses760,control,random_3sat_control:large,permutation_variant,True,SAT symmetry harder baseline candidate pool; EchoSAT runtime v1.2 canonical DIMACS order,True,True,True,True,True,not_lost,not_lost,not_lost,False,False,False,event_collection_overhead_only,,-0.14432699999999998,0.003361070438027358,0.7556885721130371,-0.34086800000000006,-0.34086800000000006,-18186.0,-15755.0,-0.14432699999999998,0.5672675816040039,-8421.0,-7230.0,0.0,0.003361070438027358,0.0,0.0,0.672542,0.7556885721130371,41159.0,36425.0,0.08314657211303711,25.0,1.0,True,180,291.0475769042969,True,0.6931471824645996
2,random_3sat_control,random_3sat_control_v220_c928_seed3303,base,random_3sat_control_v220_c928_seed3303,event,none,non_symmetric_control,large,vars220_clauses928,control,random_3sat_control:large,base,False,SAT symmetry harder baseline candidate pool; EchoSAT runtime v1.2 canonical DIMACS order,True,True,True,True,True,not_lost,not_lost,not_lost,False,False,False,event_collection_overhead_only,,-0.559062,0.0069586435540318625,0.09427457211303703,-0.16842100000000004,-0.16842100000000004,-8012.0,-6969.0,-0.559062,0.15253258160400396,-22203.0,-19021.0,0.0,0.0069586435540318625,0.0,0.0,0.011128,0.09427457211303703,717.0,602.0,0.08314657211303711,28.0,1.0,True,220,332.48345947265625,True,0.6931471824645996
2,random_3sat_control,random_3sat_control_v220_c928_seed3303,perm_seed1730,random_3sat_control_v220_c928_seed3303_perm1730,event,none,non_symmetric_control,large,vars220_clauses928,control,random_3sat_control:large,permutation_variant,True,SAT symmetry harder baseline candidate pool; EchoSAT runtime v1.2 canonical DIMACS order,True,True,True,True,True,not_lost,not_lost,not_lost,False,False,False,event_collection_overhead_only,,-0.251988,0.006701327205717589,0.09033657211303714,-1.173703,-1.173703,-39703.0,-34406.0,-0.251988,0.4596065816040039,-12977.0,-11067.0,0.0,0.006701327205717589,0.0,0.0,0.00719,0.09033657211303714,534.0,448.0,0.08314657211303711,28.0,1.0,True,220,330.46795654296875,True,0.6931471824645996
2,random_3sat_control,random_3sat_control_v220_c928_seed3303,perm_seed1731,random_3sat_control_v220_c928_seed3303_perm1731,event,none,non_symmetric_control,large,vars220_clauses928,control,random_3sat_control:large,permutation_variant,True,SAT symmetry harder baseline candidate pool; EchoSAT runtime v1.2 canonical DIMACS order,True,True,True,True,True,not_lost,not_lost,not_lost,False,False,False,event_collection_overhead_only,,-0.432176,0.006730343812525241,0.09263057211303716,0.37967100000000004,0.37967100000000004,14754.0,12667.0,-0.432176,0.27941858160400385,-19621.0,-16810.0,0.0,0.006730343812525241,0.0,0.0,0.009484,0.09263057211303716,786.0,666.0,0.08314657211303711,28.0,1.0,True,220,331.79437255859375,True,0.6931471824645996
2,random_3sat_control,random_3sat_control_v220_c942_seed3304,base,random_3sat_control_v220_c942_seed3304,event,none,non_symmetric_control,large,vars220_clauses942,control,random_3sat_control:large,base,False,SAT symmetry harder baseline candidate pool; EchoSAT runtime v1.2 canonical DIMACS order,True,True,True,True,True,not_lost,not_lost,not_lost,False,False,False,event_collection_overhead_only,,-0.527855,0.006833277161180984,0.3881118638305663,0.311168,0.311168,5904.0,5233.0,-0.527855,0.825174727935791,-14622.0,-12066.0,0.0,0.006833277161180984,0.0,0.0,0.296253,0.3881118638305663,12897.0,11336.0,0.0918588638305664,24.0,1.0,True,220,322.4337158203125,True,0.6931471824645996
2,random_3sat_control,random_3sat_control_v220_c942_seed3304,perm_seed1730,random_3sat_control_v220_c942_seed3304_perm1730,event,none,non_symmetric_control,large,vars220_clauses942,control,random_3sat_control:large,permutation_variant,True,SAT symmetry harder baseline candidate pool; EchoSAT runtime v1.2 canonical DIMACS order,True,True,True,True,True,not_lost,not_lost,not_lost,False,False,False,event_collection_overhead_only,,-0.294425,0.0061179496434331515,0.38465586383056616,0.060693,0.060693,-1604.0,-1234.0,-0.294425,1.058604727935791,-6776.0,-5014.0,0.0,0.0061179496434331515,0.0,0.0,0.29279700000000003,0.38465586383056616,12473.0,10863.0,0.0918588638305664,24.0,1.0,True,220,324.02960205078125,True,0.6931471824645996
2,random_3sat_control,random_3sat_control_v220_c942_seed3304,perm_seed1731,random_3sat_control_v220_c942_seed3304_perm1731,event,none,non_symmetric_control,large,vars220_clauses942,control,random_3sat_control:large,permutation_variant,True,SAT symmetry harder baseline candidate pool; EchoSAT runtime v1.2 canonical DIMACS order,True,True,True,True,True,not_lost,not_lost,not_lost,False,False,False,event_collection_overhead_only,,-0.25878900000000005,0.004449110064923989,0.1842928638305663,0.07528299999999999,0.07528299999999999,172.0,-214.0,-0.25878900000000005,1.0942407279357909,-12760.0,-10096.0,0.0,0.004449110064923989,0.0,0.0,0.09243400000000002,0.1842928638305663,12505.0,11181.0,0.0918588638305664,24.0,1.0,True,220,324.64569091796875,True,0.6931471824645996
2,random_3sat_control,random_3sat_control_v260_c1097_seed3305,base,random_3sat_control_v260_c1097_seed3305,event,none,non_symmetric_control,large,vars260_clauses1097,control,random_3sat_control:large,base,False,SAT symmetry harder baseline candidate pool; EchoSAT runtime v1.2 canonical DIMACS order,True,True,True,True,True,not_lost,not_lost,not_lost,False,False,False,event_collection_overhead_only,,-0.6576200000000001,0.008136082101225739,-0.5464011361694334,-4.523569999999999,-4.523569999999999,-143228.0,-124318.0,-0.6576200000000001,0.6954097279357909,-12984.0,-9831.0,0.0,0.008136082101225739,0.0,0.0,-0.63826,-0.5464011361694334,-6862.0,-6946.0,0.0918588638305664,35.0,1.0,True,260,390.64288330078125,True,0.6931471824645996
2,random_3sat_control,random_3sat_control_v260_c1097_seed3305,perm_seed1730,random_3sat_control_v260_c1097_seed3305_perm1730,event,none,non_symmetric_control,large,vars260_clauses1097,control,random_3sat_control:large,permutation_variant,True,SAT symmetry harder baseline candidate pool; EchoSAT runtime v1.2 canonical DIMACS order,True,True,True,True,True,not_lost,not_lost,not_lost,False,False,False,event_collection_overhead_only,,1.113191,0.004031070061385922,0.04883886383056657,-6.814791,-6.814791,-197259.0,-172170.0,1.113191,2.4662207279357906,33440.0,31337.0,0.0,0.004031070061385922,0.0,0.0,-0.04302000000000006,0.04883886383056657,16969.0,14323.0,0.0918588638305664,35.0,1.0,True,260,390.0680847167969,True,0.6931471824645996
2,random_3sat_control,random_3sat_control_v260_c1097_seed3305,perm_seed1731,random_3sat_control_v260_c1097_seed3305_perm1731,event,none,non_symmetric_control,large,vars260_clauses1097,control,random_3sat_control:large,permutation_variant,True,SAT symmetry harder baseline candidate pool; EchoSAT runtime v1.2 canonical DIMACS order,True,True,True,True,True,not_lost,not_lost,not_lost,False,False,False,event_collection_overhead_only,,-4.5244,0.011540870202422226,0.2734388638305667,1.6101899999999998,1.6101899999999998,57081.0,50142.0,-4.5244,-3.171370272064209,-114463.0,-98947.0,0.0,0.011540870202422226,0.0,0.0,0.18158000000000007,0.2734388638305667,10546.0,8986.0,0.0918588638305664,35.0,1.0,True,260,389.6698913574219,True,0.6931471824645996
2,random_3sat_control,random_3sat_control_v260_c1113_seed3306,base,random_3sat_control_v260_c1113_seed3306,event,none,non_symmetric_control,large,vars260_clauses1113,control,random_3sat_control:large,base,False,SAT symmetry harder baseline candidate pool; EchoSAT runtime v1.2 canonical DIMACS order,True,True,True,True,True,not_lost,not_lost,not_lost,False,False,False,event_collection_overhead_only,,-0.03467999999999982,0.011010043872654585,1.2036988638305663,0.8465800000000003,0.8465800000000003,8730.0,7767.0,-0.03467999999999982,1.3183497279357912,39324.0,42096.0,0.0,0.011010043872654585,0.0,0.0,1.11184,1.2036988638305663,45676.0,33877.0,0.0918588638305664,33.0,1.0,True,260,397.62847900390625,True,0.6931471824645996
2,random_3sat_control,random_3sat_control_v260_c1113_seed3306,perm_seed1730,random_3sat_control_v260_c1113_seed3306_perm1730,event,none,non_symmetric_control,large,vars260_clauses1113,control,random_3sat_control:large,permutation_variant,True,SAT symmetry harder baseline candidate pool; EchoSAT runtime v1.2 canonical DIMACS order,True,True,True,True,True,not_lost,not_lost,not_lost,False,False,False,event_collection_overhead_only,,-1.2579599999999997,0.007763313814580286,1.109888863830566,1.7994500000000002,1.7994500000000002,35602.0,30995.0,-1.2579599999999997,0.09506972793579127,-835.0,5421.0,0.0,0.007763313814580286,0.0,0.0,1.0180299999999995,1.109888863830566,57417.0,46207.0,0.0918588638305664,33.0,1.0,True,260,396.3316650390625,True,0.6931471824645996
2,random_3sat_control,random_3sat_control_v260_c1113_seed3306,perm_seed1731,random_3sat_control_v260_c1113_seed3306_perm1731,event,none,non_symmetric_control,large,vars260_clauses1113,control,random_3sat_control:large,permutation_variant,True,SAT symmetry harder baseline candidate pool; EchoSAT runtime v1.2 canonical DIMACS order,True,True,True,True,True,not_lost,not_lost,not_lost,False,False,False,event_collection_overhead_only,,-1.0590000000000002,0.004018291328132584,0.5058602032470692,0.3781100000000004,0.3781100000000004,12364.0,10059.0,-1.0590000000000002,-0.7138554897308351,2760.0,9196.0,0.0,0.004018291328132584,0.0,0.0,0.4337299999999997,0.5058602032470692,47328.0,37390.0,0.07213020324707031,33.0,1.0,True,260,397.0461730957031,True,0.6931471824645996
2,random_3sat_control,random_3sat_control_v300_c1266_seed3307,base,random_3sat_control_v300_c1266_seed3307,event,none,non_symmetric_control,large,vars300_clauses1266,control,random_3sat_control:large,base,False,SAT symmetry harder baseline candidate pool; EchoSAT runtime v1.2 canonical DIMACS order,True,True,True,True,True,not_lost,not_lost,not_lost,False,False,False,event_collection_overhead_only,,-2.549019,0.009770925501108196,0.0948512032470703,2.342775,2.342775,58462.0,50481.0,-2.549019,-2.203874489730835,-71068.0,-61194.0,0.0,0.009770925501108196,0.0,0.0,0.022720999999999998,0.0948512032470703,2324.0,1865.0,0.07213020324707031,46.0,1.0,True,300,466.681884765625,True,0.6931471824645996
2,random_3sat_control,random_3sat_control_v300_c1266_seed3307,perm_seed1730,random_3sat_control_v300_c1266_seed3307_perm1730,event,none,non_symmetric_control,large,vars300_clauses1266,control,random_3sat_control:large,permutation_variant,True,SAT symmetry harder baseline candidate pool; EchoSAT runtime v1.2 canonical DIMACS order,True,True,True,True,True,not_lost,not_lost,not_lost,False,False,False,event_collection_overhead_only,,-2.077493,0.009215002671122574,0.0960922032470703,0.8163600000000002,0.8163600000000002,20395.0,17167.0,-2.077493,-1.732348489730835,-63177.0,-54301.0,0.0,0.009215002671122574,0.0,0.0,0.023962,0.0960922032470703,1984.0,1623.0,0.07213020324707031,46.0,1.0,True,300,465.9733581542969,True,0.6931471824645996
2,random_3sat_control,random_3sat_control_v300_c1266_seed3307,perm_seed1731,random_3sat_control_v300_c1266_seed3307_perm1731,event,none,non_symmetric_control,large,vars300_clauses1266,control,random_3sat_control:large,permutation_variant,True,SAT symmetry harder baseline candidate pool; EchoSAT runtime v1.2 canonical DIMACS order,True,True,True,True,True,not_lost,not_lost,not_lost,False,False,False,event_collection_overhead_only,,-0.10154300000000001,0.005597307301759724,0.10661020324707032,-1.9744119999999998,-1.9744119999999998,-59438.0,-51120.0,-0.10154300000000001,0.24360151026916504,-7149.0,-6057.0,0.0,0.005597307301759724,0.0,0.0,0.03448,0.10661020324707032,2181.0,1768.0,0.07213020324707031,46.0,1.0,True,300,465.2885437011719,True,0.6931471824645996
2,subset_cardinality,subset_cardinality_bw10,base,subset_cardinality_bw10,event,weak,weak_symmetry,large,size10,main,subset_cardinality:large,base,False,SAT-b-inspired symmetry stress set; EchoSAT runtime v1.2 canonical DIMACS order,True,True,True,True,True,not_lost,not_lost,not_lost,False,False,False,event_collection_overhead_only,,-4.500000000000001e-05,0.0028153395709395457,0.07170820324707033,-0.001171,-0.001171,44.0,52.0,-4.500000000000001e-05,0.345099510269165,-75.0,-51.0,0.0,0.0028153395709395457,0.0,0.0,-0.000422,0.07170820324707033,17.0,7.0,0.07213020324707031,5.0,1.0,True,41,62.83808517456055,True,0.6931471824645996
2,subset_cardinality,subset_cardinality_bw10,perm_seed1730,subset_cardinality_bw10_perm1730,event,weak,weak_symmetry,large,size10,main,subset_cardinality:large,permutation_variant,True,SAT-b-inspired symmetry stress set; EchoSAT runtime v1.2 canonical DIMACS order,True,True,True,True,True,not_lost,not_lost,not_lost,False,False,False,event_collection_overhead_only,,-0.000307,0.002796362546205522,0.07384820324707031,-0.0006099999999999999,-0.0006099999999999999,3.0,2.0,-0.000307,0.34483751026916504,-65.0,-32.0,0.0,0.002796362546205522,0.0,0.0,0.0017180000000000001,0.07384820324707031,15.0,13.0,0.07213020324707031,6.0,1.0,True,41,62.92706298828125,True,0.6931471824645996
2,subset_cardinality,subset_cardinality_bw10,perm_seed1731,subset_cardinality_bw10_perm1731,event,weak,weak_symmetry,large,size10,main,subset_cardinality:large,permutation_variant,True,SAT-b-inspired symmetry stress set; EchoSAT runtime v1.2 canonical DIMACS order,True,True,True,True,True,not_lost,not_lost,not_lost,False,False,False,event_collection_overhead_only,,-0.001689,0.003476154454171654,0.07523320324707033,0.001401,0.001401,45.0,8.0,-0.001689,0.34345551026916504,-44.0,9.0,0.0,0.003476154454171654,0.0,0.0,0.003103,0.07523320324707033,-27.0,-17.0,0.07213020324707031,7.0,1.0,True,41,62.392337799072266,True,0.6931471824645996
2,subset_cardinality,subset_cardinality_bw12,base,subset_cardinality_bw12,event,weak,weak_symmetry,large,size12,main,subset_cardinality:large,base,False,SAT-b-inspired symmetry stress set; EchoSAT runtime v1.2 canonical DIMACS order,True,True,True,True,True,not_lost,not_lost,not_lost,False,False,False,event_collection_overhead_only,,-0.001939,0.0010030530393123627,0.07492820324707028,0.0006069999999999999,0.0006069999999999999,49.0,72.0,-0.001939,0.34320551026916507,-107.0,-102.0,0.0,0.0010030530393123627,0.0,0.0,0.002798,0.07492820324707028,25.0,17.0,0.07213020324707031,9.0,1.0,True,49,75.44426727294922,True,0.6931471824645996
2,subset_cardinality,subset_cardinality_bw12,perm_seed1730,subset_cardinality_bw12_perm1730,event,weak,weak_symmetry,large,size12,main,subset_cardinality:large,permutation_variant,True,SAT-b-inspired symmetry stress set; EchoSAT runtime v1.2 canonical DIMACS order,True,True,True,True,True,not_lost,not_lost,not_lost,False,False,False,event_collection_overhead_only,,0.0005789999999999997,0.002930513098299503,0.030639131500244166,0.0005340000000000002,0.0005340000000000002,-43.0,-15.0,0.0005789999999999997,0.2594748740234375,-54.0,-46.0,0.0,0.002930513098299503,0.0,0.0,0.0008020000000000002,0.030639131500244166,6.0,19.0,0.02983713150024414,7.0,1.0,True,49,73.95069122314453,True,0.6931471824645996
2,subset_cardinality,subset_cardinality_bw12,perm_seed1731,subset_cardinality_bw12_perm1731,event,weak,weak_symmetry,large,size12,main,subset_cardinality:large,permutation_variant,True,SAT-b-inspired symmetry stress set; EchoSAT runtime v1.2 canonical DIMACS order,True,True,True,True,True,not_lost,not_lost,not_lost,False,False,False,event_collection_overhead_only,,0.0007529999999999998,0.002708459793269613,0.02674713150024416,0.00058,0.00058,46.0,14.0,0.0007529999999999998,0.2596488740234375,-76.0,-26.0,0.0,0.002708459793269613,0.0,0.0,-0.00309,0.02674713150024416,14.0,20.0,0.02983713150024414,7.0,1.0,True,49,75.07693481445312,True,0.6931471824645996
2,subset_cardinality,subset_cardinality_bw8,base,subset_cardinality_bw8,event,weak,weak_symmetry,medium,size8,main,subset_cardinality:medium,base,False,SAT-b-inspired symmetry stress set; EchoSAT runtime v1.2 canonical DIMACS order,True,True,True,True,True,not_lost,not_lost,not_lost,False,False,False,event_collection_overhead_only,,0.00098,0.002617203604280971,0.02788313150024413,7.300000000000004e-05,7.300000000000004e-05,17.0,9.0,0.00098,0.25987587402343754,-22.0,-7.0,0.0,0.002617203604280971,0.0,0.0,-0.001954,0.02788313150024413,13.0,14.0,0.02983713150024414,12.0,1.0,True,33,54.99262619018555,True,0.6931471824645996
2,subset_cardinality,subset_cardinality_bw8,perm_seed1730,subset_cardinality_bw8_perm1730,event,weak,weak_symmetry,medium,size8,main,subset_cardinality:medium,permutation_variant,True,SAT-b-inspired symmetry stress set; EchoSAT runtime v1.2 canonical DIMACS order,True,True,True,True,True,not_lost,not_lost,not_lost,False,False,False,event_collection_overhead_only,,0.00020300000000000006,0.0014834190523028146,0.029165131500244135,0.0006889999999999999,0.0006889999999999999,17.0,4.0,0.00020300000000000006,0.2590988740234375,-27.0,-1.0,0.0,0.0014834190523028146,0.0,0.0,-0.0006720000000000001,0.029165131500244135,6.0,5.0,0.02983713150024414,5.0,1.0,True,33,49.16338348388672,True,0.6931471824645996
2,subset_cardinality,subset_cardinality_bw8,perm_seed1731,subset_cardinality_bw8_perm1731,event,weak,weak_symmetry,medium,size8,main,subset_cardinality:medium,permutation_variant,True,SAT-b-inspired symmetry stress set; EchoSAT runtime v1.2 canonical DIMACS order,True,True,True,True,True,not_lost,not_lost,not_lost,False,False,False,event_collection_overhead_only,,0.001616,0.0023349143331646838,0.02880013150024413,-0.000892,-0.000892,11.0,9.0,0.001616,0.2605118740234375,-21.0,-9.0,0.0,0.0023349143331646838,0.0,0.0,-0.0010370000000000002,0.02880013150024413,11.0,6.0,0.02983713150024414,11.0,1.0,True,33,55.44180679321289,True,0.6931471824645996
