checkpoint,checkpoint_order,warmup_conflicts,family,base_instance_id,rows,search_ok_frac,search_blowup_frac,adapter_cached_cpu_delta_mean,adapter_cached_cpu_delta_median,adapter_cached_decisions_delta_mean,adapter_cached_conflicts_delta_mean,adapter_plain_protocol_delta_mean,adapter_plain_protocol_improved_frac
iter=115,115.0,1,complete_coloring,k10_color9,9,0.3333333333333333,0.6666666666666666,-0.23327777777777792,-0.1399999999999996,13976.666666666666,14065.666666666666,-0.21203344871658786,0.6666666666666666
iter=115,115.0,1,complete_coloring,k8_color7,9,0.6666666666666666,0.3333333333333333,-0.011189777777777734,-0.011482,-190.33333333333334,-190.66666666666666,0.4423275568683279,0.0
iter=115,115.0,1,complete_coloring,k9_color8,9,1.0,0.0,-0.2217774444444444,-0.2180949999999999,-5948.333333333333,-5473.666666666667,0.2428016672458251,0.1111111111111111
iter=115,115.0,1,php,php_p10_h9,9,0.3333333333333333,0.6666666666666666,-0.14064,0.1318699999999992,18725.333333333332,18743.333333333332,-0.30351676416834855,0.6666666666666666
iter=115,115.0,1,php,php_p9_h8,9,1.0,0.0,-0.25137988888888885,-0.291927,-5948.333333333333,-5473.666666666667,0.09059358274228045,0.3333333333333333
iter=115,115.0,1,random_3sat_control,random_3sat_control_v160_c704_seed2615,9,0.0,1.0,-0.0022764444444444334,-0.000852,723.0,512.6666666666666,1.0594279896501568,0.0
iter=115,115.0,1,random_3sat_control,random_3sat_control_v180_c760_seed3301,9,0.0,1.0,0.5417011111111111,0.505706,35607.0,31316.0,1.3584894252139132,0.1111111111111111
iter=115,115.0,1,random_3sat_control,random_3sat_control_v220_c928_seed3303,9,0.0,1.0,0.0067833333333333,0.0084619999999999,800.6666666666666,656.3333333333334,0.7616076666482223,0.2222222222222222
iter=115,115.0,1,random_3sat_control,random_3sat_control_v220_c942_seed3304,9,0.0,1.0,0.1295603333333333,0.141092,13804.666666666666,12228.333333333334,0.407546170351651,0.0
iter=115,115.0,1,random_3sat_control,random_3sat_control_v260_c1097_seed3305,9,0.3333333333333333,0.6666666666666666,0.6973734444444446,0.4992699999999999,34215.333333333336,30278.333333333332,-3.685719097884489,1.0
iter=115,115.0,1,random_3sat_control,random_3sat_control_v260_c1113_seed3306,9,0.0,1.0,0.22042555555555537,0.3011499999999998,36602.333333333336,26797.666666666668,0.9606516874774429,0.1111111111111111
iter=115,115.0,1,random_3sat_control,random_3sat_control_v300_c1266_seed3307,9,0.0,1.0,0.024485555555555507,0.0246599999999999,2227.6666666666665,1854.3333333333333,-0.7703232592681911,0.7777777777777778
iter=115,115.0,1,subset_cardinality,subset_cardinality_bw10,9,0.3333333333333333,0.6666666666666666,-0.00041088888888886674,-0.0002189999999999,4.333333333333333,4.333333333333333,0.4291857633724809,0.0
iter=115,115.0,1,subset_cardinality,subset_cardinality_bw12,9,0.0,1.0,-0.0006871111111110999,-0.0004149999999999,19.666666666666668,20.666666666666668,0.23578073543985015,0.0
iter=115,115.0,1,subset_cardinality,subset_cardinality_bw8,9,0.0,1.0,-6.355555555554444e-05,-0.000337,8.333333333333334,8.0,0.14038232965140207,0.0
iter=115,115.0,3,complete_coloring,k10_color9,9,0.0,1.0,-0.5216777777777777,-0.8640399999999997,52204.666666666664,51515.333333333336,0.1488257880724073,0.3333333333333333
iter=115,115.0,3,complete_coloring,k8_color7,9,1.0,0.0,-0.009141444444444412,-0.009235,-280.0,-227.33333333333334,0.4231019676627649,0.0
iter=115,115.0,3,complete_coloring,k9_color8,9,1.0,0.0,-0.3523363333333333,-0.37137,-3190.0,-2929.6666666666665,0.18781602832957103,0.1111111111111111
iter=115,115.0,3,php,php_p10_h9,9,0.0,1.0,-0.22257666666666653,-0.40754,60815.666666666664,59393.0,-0.09035874457106985,0.5555555555555556
iter=115,115.0,3,php,php_p9_h8,9,1.0,0.0,-0.23574822222222222,-0.23106,-3190.0,-2929.6666666666665,0.05044149482199881,0.2222222222222222
iter=115,115.0,3,random_3sat_control,random_3sat_control_v160_c704_seed2615,9,0.0,1.0,0.0006644444444444333,-0.000987,635.0,453.0,0.21653951907118155,0.0
iter=115,115.0,3,random_3sat_control,random_3sat_control_v180_c760_seed3301,9,0.0,1.0,0.4816505555555556,0.5785899999999999,30711.666666666668,26979.0,0.020839033567276247,0.6666666666666666
iter=115,115.0,3,random_3sat_control,random_3sat_control_v220_c928_seed3303,9,0.0,1.0,0.002279888888888867,0.002197,277.6666666666667,226.0,-0.49939802937116234,0.6666666666666666
iter=115,115.0,3,random_3sat_control,random_3sat_control_v220_c942_seed3304,9,0.0,1.0,0.2049502222222222,0.191739,13977.666666666666,12435.666666666666,0.5835479365817109,0.0
iter=115,115.0,3,random_3sat_control,random_3sat_control_v260_c1097_seed3305,9,1.0,0.0,-0.7410805555555555,-0.8768710000000001,-21665.666666666668,-20000.666666666668,-4.82127954497152,1.0
iter=115,115.0,3,random_3sat_control,random_3sat_control_v260_c1113_seed3306,9,0.0,1.0,0.11937222222222221,0.1212300000000006,41815.0,31698.333333333332,1.058300061276204,0.3333333333333333
iter=115,115.0,3,random_3sat_control,random_3sat_control_v300_c1266_seed3307,9,0.0,1.0,0.03341844444444444,0.031576,2381.3333333333335,1965.3333333333333,-0.8665167699566815,0.6666666666666666
iter=115,115.0,3,subset_cardinality,subset_cardinality_bw10,9,0.3333333333333333,0.6666666666666666,-0.0001404444444444333,-0.000238,13.0,-1.0,0.2725434320176376,0.0
iter=115,115.0,3,subset_cardinality,subset_cardinality_bw12,9,0.0,1.0,-0.000530222222222211,-0.0007769999999999,21.333333333333332,18.666666666666668,0.2651569678015973,0.0
iter=115,115.0,3,subset_cardinality,subset_cardinality_bw8,9,0.0,1.0,-0.0005585555555555222,-0.000196,13.0,3.3333333333333335,0.26029318037798665,0.0
iter=50,50.0,1,complete_coloring,k10_color9,9,0.3333333333333333,0.6666666666666666,-0.6587622222222221,-0.9912800000000002,-3460.6666666666665,-3713.0,0.4418613120498393,0.2222222222222222
iter=50,50.0,1,complete_coloring,k8_color7,9,0.3333333333333333,0.6666666666666666,-0.010287888888888888,-0.010365,-30.0,-32.333333333333336,1.167753085104366,0.0
iter=50,50.0,1,complete_coloring,k9_color8,9,1.0,0.0,-0.26944322222222217,-0.238613,-6670.0,-6141.666666666667,0.7695283657559686,0.2222222222222222
iter=50,50.0,1,php,php_p10_h9,9,0.3333333333333333,0.6666666666666666,-0.5025911111111111,-0.7626200000000001,-3460.6666666666665,-3713.0,-0.5001343126315541,0.7777777777777778
iter=50,50.0,1,php,php_p9_h8,9,1.0,0.0,-0.22590255555555552,-0.2468079999999999,-5991.666666666667,-5562.666666666667,0.2527148700928952,0.0
iter=50,50.0,1,random_3sat_control,random_3sat_control_v160_c704_seed2615,9,0.0,1.0,0.0017148888888888223,0.0024059999999999,661.0,487.6666666666667,0.4549848724033832,0.0
iter=50,50.0,1,random_3sat_control,random_3sat_control_v180_c760_seed3301,9,0.0,1.0,0.5778068888888889,0.6014619999999999,37563.0,33199.666666666664,0.40810979058210717,0.2222222222222222
iter=50,50.0,1,random_3sat_control,random_3sat_control_v220_c928_seed3303,9,0.0,1.0,0.007783666666666655,0.00719,679.0,572.0,-0.20940922961456254,0.5555555555555556
iter=50,50.0,1,random_3sat_control,random_3sat_control_v220_c942_seed3304,9,0.0,1.0,0.20246999999999996,0.1860529999999999,12625.0,11126.666666666666,0.7567003365453613,0.0
iter=50,50.0,1,random_3sat_control,random_3sat_control_v260_c1097_seed3305,9,0.3333333333333333,0.6666666666666666,-0.18627044444444452,-0.04302,6884.333333333333,5454.333333333333,-4.062507001293288,1.0
iter=50,50.0,1,random_3sat_control,random_3sat_control_v260_c1113_seed3306,9,0.0,1.0,0.47299111111111103,0.7475699999999996,50140.333333333336,39158.0,1.4050352140900095,0.0
iter=50,50.0,1,random_3sat_control,random_3sat_control_v300_c1266_seed3307,9,0.0,1.0,0.025755999999999977,0.023962,2163.0,1752.0,-0.8779828742665979,0.7777777777777778
iter=50,50.0,1,subset_cardinality,subset_cardinality_bw10,9,0.3333333333333333,0.6666666666666666,0.0018214444444444335,0.001718,1.6666666666666667,1.0,0.3049629245230754,0.0
iter=50,50.0,1,subset_cardinality,subset_cardinality_bw12,9,0.0,1.0,0.00041277777777778903,0.000802,15.0,18.666666666666668,0.21929924869781062,0.0
iter=50,50.0,1,subset_cardinality,subset_cardinality_bw8,9,0.0,1.0,-0.0003003333333333333,-0.000274,10.0,8.333333333333334,0.1763579843140575,0.0
iter=50,50.0,3,complete_coloring,k10_color9,9,0.3333333333333333,0.6666666666666666,0.042607777777777765,-0.0222999999999999,58549.666666666664,56740.666666666664,0.3179670862441592,0.4444444444444444
iter=50,50.0,3,complete_coloring,k8_color7,9,1.0,0.0,-0.011031111111111068,-0.010758,-484.6666666666667,-420.3333333333333,0.6483303402179943,0.0
iter=50,50.0,3,complete_coloring,k9_color8,9,1.0,0.0,-0.2877464444444444,-0.2804649999999999,-3807.3333333333335,-3400.6666666666665,0.3982871422650085,0.0
iter=50,50.0,3,php,php_p10_h9,9,0.3333333333333333,0.6666666666666666,0.14995222222222215,0.2196799999999998,70967.66666666667,68118.66666666667,-0.04199288510274219,0.5555555555555556
iter=50,50.0,3,php,php_p9_h8,9,1.0,0.0,-0.2473982222222222,-0.2203789999999999,-3807.3333333333335,-3400.6666666666665,0.15536433161133523,0.1111111111111111
iter=50,50.0,3,random_3sat_control,random_3sat_control_v160_c704_seed2615,9,0.3333333333333333,0.6666666666666666,0.002151555555555544,-0.000225,492.6666666666667,281.3333333333333,0.34284952071613073,0.0
iter=50,50.0,3,random_3sat_control,random_3sat_control_v180_c760_seed3301,9,0.0,1.0,0.1660722222222222,0.168119,13097.666666666666,11328.333333333334,-0.141061144317382,0.7777777777777778
iter=50,50.0,3,random_3sat_control,random_3sat_control_v220_c928_seed3303,9,0.0,1.0,0.0019508888888888894,0.002312,306.0,253.33333333333334,-0.3624790155700776,0.5555555555555556
iter=50,50.0,3,random_3sat_control,random_3sat_control_v220_c942_seed3304,9,0.0,1.0,0.2589843333333333,0.269227,14088.333333333334,12638.333333333334,0.43598300489331615,0.0
iter=50,50.0,3,random_3sat_control,random_3sat_control_v260_c1097_seed3305,9,1.0,0.0,-0.6244791111111111,-0.7077950000000001,-18311.0,-16973.0,-4.892201785577152,1.0
iter=50,50.0,3,random_3sat_control,random_3sat_control_v260_c1113_seed3306,9,0.0,1.0,0.8286677777777778,0.8255800000000004,54869.666666666664,43396.666666666664,1.4514284497938617,0.0
iter=50,50.0,3,random_3sat_control,random_3sat_control_v300_c1266_seed3307,9,0.0,1.0,0.030226999999999973,0.029584,2342.0,1921.3333333333333,-0.6561929053021935,0.6666666666666666
iter=50,50.0,3,subset_cardinality,subset_cardinality_bw10,9,0.0,1.0,0.0005414444444444222,0.0005249999999999,19.0,4.666666666666667,0.46457566435865566,0.0
iter=50,50.0,3,subset_cardinality,subset_cardinality_bw12,9,0.0,1.0,0.0011693333333333221,0.000955,23.333333333333332,15.333333333333334,0.25311753450632085,0.0
iter=50,50.0,3,subset_cardinality,subset_cardinality_bw8,9,0.0,1.0,0.0001896666666666556,-0.000263,13.0,3.3333333333333335,0.1459713372494313,0.0
iter=80,80.0,1,complete_coloring,k10_color9,9,0.3333333333333333,0.6666666666666666,-0.1945077777777779,0.3787099999999999,4124.333333333333,5013.0,0.1790196974167492,0.5555555555555556
iter=80,80.0,1,complete_coloring,k8_color7,9,0.6666666666666666,0.3333333333333333,-0.005505666666666667,-0.006294,-224.33333333333334,-183.33333333333334,0.6590509361767505,0.0
iter=80,80.0,1,complete_coloring,k9_color8,9,1.0,0.0,-0.2615972222222222,-0.2615829999999999,-5486.666666666667,-5124.333333333333,0.44782533676958747,0.1111111111111111
iter=80,80.0,1,php,php_p10_h9,9,0.3333333333333333,0.6666666666666666,-0.14036666666666667,0.04237,4124.333333333333,5013.0,-0.1046805069942007,0.6666666666666666
iter=80,80.0,1,php,php_p9_h8,9,1.0,0.0,-0.18762988888888887,-0.202874,-5680.666666666667,-5381.333333333333,0.15285139005526563,0.2222222222222222
iter=80,80.0,1,random_3sat_control,random_3sat_control_v160_c704_seed2615,9,0.0,1.0,0.0016474444444444332,0.0002299999999999,693.6666666666666,481.6666666666667,0.22796521803118117,0.0
iter=80,80.0,1,random_3sat_control,random_3sat_control_v180_c760_seed3301,9,0.0,1.0,0.6245598888888888,0.6335189999999999,38869.333333333336,34267.0,0.17317535751920277,0.3333333333333333
iter=80,80.0,1,random_3sat_control,random_3sat_control_v220_c928_seed3303,9,0.0,1.0,0.006525777777777745,0.0053779999999999,658.6666666666666,558.6666666666666,-0.5166474288570417,0.6666666666666666
iter=80,80.0,1,random_3sat_control,random_3sat_control_v220_c942_seed3304,9,0.0,1.0,0.27920033333333333,0.326089,13824.0,12257.666666666666,0.30186212273599705,0.0
iter=80,80.0,1,random_3sat_control,random_3sat_control_v260_c1097_seed3305,9,0.0,1.0,0.3037311111111112,0.26166,20096.0,17504.666666666668,-4.0770091459816165,1.0
iter=80,80.0,1,random_3sat_control,random_3sat_control_v260_c1113_seed3306,9,0.0,1.0,0.38645444444444443,0.2880799999999999,40761.0,30883.333333333332,1.0194866572344767,0.1111111111111111
iter=80,80.0,1,random_3sat_control,random_3sat_control_v300_c1266_seed3307,9,0.0,1.0,0.0330471111111111,0.03405,2531.3333333333335,2098.3333333333335,-0.9619189269557994,0.8888888888888888
iter=80,80.0,1,subset_cardinality,subset_cardinality_bw10,9,0.3333333333333333,0.6666666666666666,-3.144444444443325e-05,-0.000558,4.666666666666667,4.333333333333333,0.21915244274099666,0.0
iter=80,80.0,1,subset_cardinality,subset_cardinality_bw12,9,0.0,1.0,-2.677777777776666e-05,4.2000000000000045e-05,1.0,7.0,0.1627898354888028,0.0
iter=80,80.0,1,subset_cardinality,subset_cardinality_bw8,9,0.0,1.0,-0.0006383333333333445,-0.000658,8.333333333333334,8.0,0.1341848672798143,0.0
iter=80,80.0,3,complete_coloring,k10_color9,9,0.0,1.0,-0.2728333333333333,-0.2628499999999998,48296.0,47424.666666666664,0.5804346478922963,0.2222222222222222
iter=80,80.0,3,complete_coloring,k8_color7,9,1.0,0.0,-0.02044199999999999,-0.019448,-372.3333333333333,-323.3333333333333,1.0192066381683216,0.0
iter=80,80.0,3,complete_coloring,k9_color8,9,1.0,0.0,-0.28214422222222224,-0.307449,-3562.0,-3233.0,0.7026553707876271,0.1111111111111111
iter=80,80.0,3,php,php_p10_h9,9,0.0,1.0,-0.29812000000000005,-0.3165199999999997,48296.0,47424.666666666664,-0.008770414090487646,0.4444444444444444
iter=80,80.0,3,php,php_p9_h8,9,1.0,0.0,-0.28199099999999994,-0.284396,-3562.0,-3233.0,0.29220717643444405,0.3333333333333333
iter=80,80.0,3,random_3sat_control,random_3sat_control_v160_c704_seed2615,9,0.0,1.0,-0.0032915555555555445,-0.001951,409.6666666666667,243.0,0.27489537764696936,0.0
iter=80,80.0,3,random_3sat_control,random_3sat_control_v180_c760_seed3301,9,0.0,1.0,0.17126222222222215,0.1720489999999999,13584.666666666666,11806.666666666666,-0.27969233436575863,0.8888888888888888
iter=80,80.0,3,random_3sat_control,random_3sat_control_v220_c928_seed3303,9,0.0,1.0,0.0036738888888889,0.003241,324.3333333333333,274.6666666666667,-0.5295923346425229,0.6666666666666666
iter=80,80.0,3,random_3sat_control,random_3sat_control_v220_c942_seed3304,9,0.0,1.0,0.1684813333333333,0.190275,14524.666666666666,12976.0,0.2453304368534088,0.0
iter=80,80.0,3,random_3sat_control,random_3sat_control_v260_c1097_seed3305,9,1.0,0.0,-0.48626311111111115,-0.3746860000000001,-10347.0,-9936.666666666666,-4.7995018110110435,1.0
iter=80,80.0,3,random_3sat_control,random_3sat_control_v260_c1113_seed3306,9,0.0,1.0,0.18173666666666677,0.2632399999999997,44119.666666666664,34001.666666666664,0.992034627144489,0.1111111111111111
iter=80,80.0,3,random_3sat_control,random_3sat_control_v300_c1266_seed3307,9,0.0,1.0,0.0287693333333333,0.027296,2307.6666666666665,1909.3333333333333,-0.9580936760969428,0.8888888888888888
iter=80,80.0,3,subset_cardinality,subset_cardinality_bw10,9,0.0,1.0,-0.0002690000000000222,0.00015,19.0,2.6666666666666665,0.21870092590253218,0.0
iter=80,80.0,3,subset_cardinality,subset_cardinality_bw12,9,0.0,1.0,0.0003695555555555666,2.1999999999999996e-05,23.666666666666668,17.0,0.12489576088705319,0.0
iter=80,80.0,3,subset_cardinality,subset_cardinality_bw8,9,0.0,1.0,-0.0003122222222222222,-0.000387,13.0,3.3333333333333335,0.0781177981164587,0.0
v1_2_iter15,inf,1,complete_coloring,k10_color9,9,0.6666666666666666,0.3333333333333333,-0.18443777777777756,0.09314,-19274.0,-15695.666666666666,-0.07157051328535162,0.5555555555555556
v1_2_iter15,inf,1,complete_coloring,k8_color7,9,0.6666666666666666,0.3333333333333333,-0.006191333333333333,-0.002658,-140.0,-110.0,0.842075162833419,0.0
v1_2_iter15,inf,1,complete_coloring,k9_color8,9,1.0,0.0,-0.14853466666666662,-0.1494739999999999,-1917.6666666666667,-1785.0,0.5532167721413372,0.1111111111111111
v1_2_iter15,inf,1,php,php_p10_h9,9,0.6666666666666666,0.3333333333333333,-0.3622844444444444,0.07599,-29556.666666666668,-25850.333333333332,-0.8447637695981463,0.7777777777777778
v1_2_iter15,inf,1,php,php_p9_h8,9,1.0,0.0,-0.08458677777777773,-0.1134899999999999,-1917.6666666666667,-1785.0,0.17060724784280856,0.3333333333333333
v1_2_iter15,inf,1,random_3sat_control,random_3sat_control_v160_c704_seed2615,9,0.0,1.0,0.002061666666666644,0.0016339999999999,672.6666666666666,494.3333333333333,0.3413540061805777,0.0
v1_2_iter15,inf,1,random_3sat_control,random_3sat_control_v180_c760_seed3301,9,0.0,1.0,0.5872858888888888,0.615757,40412.0,35797.333333333336,0.31903162516571415,0.2222222222222222
v1_2_iter15,inf,1,random_3sat_control,random_3sat_control_v220_c928_seed3303,9,0.0,1.0,0.0028603333333333445,0.002385,277.3333333333333,233.33333333333334,-0.3219348718331523,0.5555555555555556
v1_2_iter15,inf,1,random_3sat_control,random_3sat_control_v220_c942_seed3304,9,0.0,1.0,0.18769733333333327,0.1987449999999999,13873.0,12218.0,0.6387745871826279,0.0
v1_2_iter15,inf,1,random_3sat_control,random_3sat_control_v260_c1097_seed3305,9,0.0,1.0,0.6393210000000001,0.5745,34077.333333333336,29953.333333333332,-3.086469606218285,1.0
v1_2_iter15,inf,1,random_3sat_control,random_3sat_control_v260_c1113_seed3306,9,0.0,1.0,0.7958277777777778,0.8149999999999995,55015.333333333336,43529.666666666664,1.6161805504675442,0.0
v1_2_iter15,inf,1,random_3sat_control,random_3sat_control_v300_c1266_seed3307,9,0.0,1.0,0.03172688888888889,0.030961,2524.0,2108.0,-0.5754527897060447,0.6666666666666666
v1_2_iter15,inf,1,subset_cardinality,subset_cardinality_bw10,9,0.3333333333333333,0.6666666666666666,0.0009277777777777665,0.0003449999999999,1.6666666666666667,1.3333333333333333,0.5420739553442596,0.0
v1_2_iter15,inf,1,subset_cardinality,subset_cardinality_bw12,9,0.0,1.0,0.0009445555555555556,0.000145,26.333333333333332,25.0,0.25627060683476915,0.0
v1_2_iter15,inf,1,subset_cardinality,subset_cardinality_bw8,9,0.0,1.0,-2.011111111113334e-05,1.8000000000000004e-05,8.666666666666666,7.666666666666667,0.11258628533391815,0.0
v1_2_iter15,inf,3,complete_coloring,k10_color9,9,0.0,1.0,0.4028544444444444,0.2671399999999999,91650.33333333333,87512.0,0.08386452090736245,0.3333333333333333
v1_2_iter15,inf,3,complete_coloring,k8_color7,9,1.0,0.0,-0.013958777777777744,-0.0134959999999999,-444.6666666666667,-375.0,0.09938327558783024,0.0
v1_2_iter15,inf,3,complete_coloring,k9_color8,9,1.0,0.0,-0.14535177777777772,-0.169721,-3126.3333333333335,-2760.3333333333335,0.0032305212003389994,0.5555555555555556
v1_2_iter15,inf,3,php,php_p10_h9,9,0.0,1.0,0.41661444444444445,0.2212899999999997,91650.33333333333,87512.0,0.11859159683446095,0.3333333333333333
v1_2_iter15,inf,3,php,php_p9_h8,9,1.0,0.0,-0.1321905555555555,-0.152978,-3126.3333333333335,-2760.3333333333335,0.004696073927197178,0.5555555555555556
v1_2_iter15,inf,3,random_3sat_control,random_3sat_control_v160_c704_seed2615,9,0.0,1.0,0.008675111111111088,0.009494,909.3333333333334,677.0,0.13052143641411593,0.0
v1_2_iter15,inf,3,random_3sat_control,random_3sat_control_v180_c760_seed3301,9,0.0,1.0,0.15190122222222222,0.150588,14689.0,12776.0,-0.21044609806997244,1.0
v1_2_iter15,inf,3,random_3sat_control,random_3sat_control_v220_c928_seed3303,9,0.0,1.0,0.004609777777777755,0.005404,321.0,265.0,-0.4033085205607217,0.6666666666666666
v1_2_iter15,inf,3,random_3sat_control,random_3sat_control_v220_c942_seed3304,9,0.0,1.0,0.2116555555555555,0.215873,15194.0,13649.0,0.2126937397010591,0.0
v1_2_iter15,inf,3,random_3sat_control,random_3sat_control_v260_c1097_seed3305,9,1.0,0.0,-0.45784166666666665,-0.4199039999999999,-15828.0,-14791.333333333334,-3.8946728015925425,1.0
v1_2_iter15,inf,3,random_3sat_control,random_3sat_control_v260_c1113_seed3306,9,0.0,1.0,0.613551111111111,0.6648399999999999,60044.333333333336,48025.0,1.0334567797030079,0.0
v1_2_iter15,inf,3,random_3sat_control,random_3sat_control_v300_c1266_seed3307,9,0.0,1.0,0.022970999999999988,0.020006,2558.6666666666665,2114.0,-0.7829348932249282,1.0
v1_2_iter15,inf,3,subset_cardinality,subset_cardinality_bw10,9,0.0,1.0,-0.00023833333333332223,0.000736,18.666666666666668,3.0,0.10272304672024643,0.0
v1_2_iter15,inf,3,subset_cardinality,subset_cardinality_bw12,9,0.0,1.0,-0.0003532222222221889,-0.0002309999999999,26.666666666666668,12.666666666666666,0.06035679922534355,0.0
v1_2_iter15,inf,3,subset_cardinality,subset_cardinality_bw8,9,0.3333333333333333,0.6666666666666666,0.0007300000000000112,0.001613,3.6666666666666665,0.3333333333333333,0.0371619975422885,0.0
