instance,file_key,group,method,repeat,result,time,cpu_time,timeout,conclusion_tag,raw_csv
3sat_163.cnf,3sat_163.cnf,recovered_timeout,one_shot,0,INDETERMINATE,60.18914006767273,59.9656,True,timeout,runs/analysis/repeated_runtime_audit/raw/recovered_timeout/one_shot/repeat0.csv
3sat_188.cnf,3sat_188.cnf,recovered_timeout,one_shot,0,INDETERMINATE,60.21064006767273,59.9871,True,timeout,runs/analysis/repeated_runtime_audit/raw/recovered_timeout/one_shot/repeat0.csv
3sat_189.cnf,3sat_189.cnf,recovered_timeout,one_shot,0,INDETERMINATE,60.19214006767273,59.9686,True,timeout,runs/analysis/repeated_runtime_audit/raw/recovered_timeout/one_shot/repeat0.csv
3sat_85.cnf,3sat_85.cnf,recovered_timeout,one_shot,0,INDETERMINATE,60.20214006767273,59.9786,True,timeout,runs/analysis/repeated_runtime_audit/raw/recovered_timeout/one_shot/repeat0.csv
3sat_89.cnf,3sat_89.cnf,recovered_timeout,one_shot,0,INDETERMINATE,60.18644006767273,59.9629,True,timeout,runs/analysis/repeated_runtime_audit/raw/recovered_timeout/one_shot/repeat0.csv
3sat_97.cnf,3sat_97.cnf,recovered_timeout,one_shot,0,INDETERMINATE,60.18304006767273,59.9595,True,timeout,runs/analysis/repeated_runtime_audit/raw/recovered_timeout/one_shot/repeat0.csv
3sat_163.cnf,3sat_163.cnf,recovered_timeout,online_consistent_boundary400,0,SATISFIABLE,29.016106650253292,28.7002,False,solved,runs/analysis/repeated_runtime_audit/raw/recovered_timeout/online_consistent_boundary400/repeat0.csv
3sat_188.cnf,3sat_188.cnf,recovered_timeout,online_consistent_boundary400,0,SATISFIABLE,26.130549650253297,25.8159,False,solved,runs/analysis/repeated_runtime_audit/raw/recovered_timeout/online_consistent_boundary400/repeat0.csv
3sat_189.cnf,3sat_189.cnf,recovered_timeout,online_consistent_boundary400,0,SATISFIABLE,14.284385650253297,13.9646,False,solved,runs/analysis/repeated_runtime_audit/raw/recovered_timeout/online_consistent_boundary400/repeat0.csv
3sat_85.cnf,3sat_85.cnf,recovered_timeout,online_consistent_boundary400,0,SATISFIABLE,0.999749650253296,0.663333,False,solved,runs/analysis/repeated_runtime_audit/raw/recovered_timeout/online_consistent_boundary400/repeat0.csv
3sat_89.cnf,3sat_89.cnf,recovered_timeout,online_consistent_boundary400,0,SATISFIABLE,0.4667706502532959,0.149564,False,solved,runs/analysis/repeated_runtime_audit/raw/recovered_timeout/online_consistent_boundary400/repeat0.csv
3sat_97.cnf,3sat_97.cnf,recovered_timeout,online_consistent_boundary400,0,SATISFIABLE,12.214867650253296,11.8879,False,solved,runs/analysis/repeated_runtime_audit/raw/recovered_timeout/online_consistent_boundary400/repeat0.csv
3sat_188.cnf,3sat_188.cnf,local_open_set,online_consistent_boundary400,0,SATISFIABLE,25.78519485305786,25.5217,False,boundary_candidate,runs/analysis/repeated_runtime_audit/raw/local_open_set/online_consistent_boundary400/repeat0.csv
3sat_196.cnf,3sat_196.cnf,local_open_set,online_consistent_boundary400,0,SATISFIABLE,25.65721285305786,25.3885,False,boundary_candidate,runs/analysis/repeated_runtime_audit/raw/local_open_set/online_consistent_boundary400/repeat0.csv
3sat_46.cnf,3sat_46.cnf,local_open_set,online_consistent_boundary400,0,SATISFIABLE,30.306504853057863,30.0408,False,boundary_candidate,runs/analysis/repeated_runtime_audit/raw/local_open_set/online_consistent_boundary400/repeat0.csv
3sat_66.cnf,3sat_66.cnf,local_open_set,online_consistent_boundary400,0,INDETERMINATE,60.23695085305786,59.9743,True,timeout,runs/analysis/repeated_runtime_audit/raw/local_open_set/online_consistent_boundary400/repeat0.csv
3sat_188.cnf,3sat_188.cnf,local_open_set,local_reopen_guarded,0,SATISFIABLE,24.957471844329834,24.7067,False,boundary_candidate,runs/analysis/repeated_runtime_audit/raw/local_open_set/local_reopen_guarded/repeat0.csv
3sat_196.cnf,3sat_196.cnf,local_open_set,local_reopen_guarded,0,SATISFIABLE,9.823856844329834,9.56881,False,boundary_candidate,runs/analysis/repeated_runtime_audit/raw/local_open_set/local_reopen_guarded/repeat0.csv
3sat_46.cnf,3sat_46.cnf,local_open_set,local_reopen_guarded,0,SATISFIABLE,0.432579844329834,0.184515,False,boundary_candidate,runs/analysis/repeated_runtime_audit/raw/local_open_set/local_reopen_guarded/repeat0.csv
3sat_66.cnf,3sat_66.cnf,local_open_set,local_reopen_guarded,0,INDETERMINATE,60.22540884432984,59.9627,True,timeout,runs/analysis/repeated_runtime_audit/raw/local_open_set/local_reopen_guarded/repeat0.csv
3sat_163.cnf,3sat_163.cnf,recovered_timeout,one_shot,1,INDETERMINATE,60.21886772651673,59.9802,True,timeout,runs/analysis/repeated_runtime_audit/raw/recovered_timeout/one_shot/repeat1.csv
3sat_188.cnf,3sat_188.cnf,recovered_timeout,one_shot,1,INDETERMINATE,60.20836772651673,59.9697,True,timeout,runs/analysis/repeated_runtime_audit/raw/recovered_timeout/one_shot/repeat1.csv
3sat_189.cnf,3sat_189.cnf,recovered_timeout,one_shot,1,INDETERMINATE,60.22336772651672,59.9847,True,timeout,runs/analysis/repeated_runtime_audit/raw/recovered_timeout/one_shot/repeat1.csv
3sat_85.cnf,3sat_85.cnf,recovered_timeout,one_shot,1,INDETERMINATE,60.22506772651673,59.9864,True,timeout,runs/analysis/repeated_runtime_audit/raw/recovered_timeout/one_shot/repeat1.csv
3sat_89.cnf,3sat_89.cnf,recovered_timeout,one_shot,1,INDETERMINATE,60.21826772651672,59.9796,True,timeout,runs/analysis/repeated_runtime_audit/raw/recovered_timeout/one_shot/repeat1.csv
3sat_97.cnf,3sat_97.cnf,recovered_timeout,one_shot,1,INDETERMINATE,60.22386772651672,59.9852,True,timeout,runs/analysis/repeated_runtime_audit/raw/recovered_timeout/one_shot/repeat1.csv
3sat_163.cnf,3sat_163.cnf,recovered_timeout,online_consistent_boundary400,1,SATISFIABLE,29.764831680801397,29.4398,False,solved,runs/analysis/repeated_runtime_audit/raw/recovered_timeout/online_consistent_boundary400/repeat1.csv
3sat_188.cnf,3sat_188.cnf,recovered_timeout,online_consistent_boundary400,1,INDETERMINATE,60.31085868080139,59.9884,True,timeout,runs/analysis/repeated_runtime_audit/raw/recovered_timeout/online_consistent_boundary400/repeat1.csv
3sat_189.cnf,3sat_189.cnf,recovered_timeout,online_consistent_boundary400,1,SATISFIABLE,13.675764680801391,13.3555,False,solved,runs/analysis/repeated_runtime_audit/raw/recovered_timeout/online_consistent_boundary400/repeat1.csv
3sat_85.cnf,3sat_85.cnf,recovered_timeout,online_consistent_boundary400,1,SATISFIABLE,1.0221036808013917,0.699473,False,solved,runs/analysis/repeated_runtime_audit/raw/recovered_timeout/online_consistent_boundary400/repeat1.csv
3sat_89.cnf,3sat_89.cnf,recovered_timeout,online_consistent_boundary400,1,SATISFIABLE,0.4682036808013916,0.153916,False,solved,runs/analysis/repeated_runtime_audit/raw/recovered_timeout/online_consistent_boundary400/repeat1.csv
3sat_97.cnf,3sat_97.cnf,recovered_timeout,online_consistent_boundary400,1,SATISFIABLE,12.362023680801393,12.0334,False,solved,runs/analysis/repeated_runtime_audit/raw/recovered_timeout/online_consistent_boundary400/repeat1.csv
3sat_188.cnf,3sat_188.cnf,local_open_set,online_consistent_boundary400,1,INDETERMINATE,60.215033313919065,59.979,True,timeout,runs/analysis/repeated_runtime_audit/raw/local_open_set/online_consistent_boundary400/repeat1.csv
3sat_196.cnf,3sat_196.cnf,local_open_set,online_consistent_boundary400,1,SATISFIABLE,25.032008313919064,24.7887,False,boundary_candidate,runs/analysis/repeated_runtime_audit/raw/local_open_set/online_consistent_boundary400/repeat1.csv
3sat_46.cnf,3sat_46.cnf,local_open_set,online_consistent_boundary400,1,SATISFIABLE,30.35332531391907,30.1207,False,boundary_candidate,runs/analysis/repeated_runtime_audit/raw/local_open_set/online_consistent_boundary400/repeat1.csv
3sat_66.cnf,3sat_66.cnf,local_open_set,online_consistent_boundary400,1,INDETERMINATE,60.22427031391907,59.9894,True,timeout,runs/analysis/repeated_runtime_audit/raw/local_open_set/online_consistent_boundary400/repeat1.csv
3sat_188.cnf,3sat_188.cnf,local_open_set,local_reopen_guarded,1,SATISFIABLE,26.482244993637085,26.2121,False,boundary_candidate,runs/analysis/repeated_runtime_audit/raw/local_open_set/local_reopen_guarded/repeat1.csv
3sat_196.cnf,3sat_196.cnf,local_open_set,local_reopen_guarded,1,SATISFIABLE,9.100979993637084,8.82664,False,boundary_candidate,runs/analysis/repeated_runtime_audit/raw/local_open_set/local_reopen_guarded/repeat1.csv
3sat_46.cnf,3sat_46.cnf,local_open_set,local_reopen_guarded,1,SATISFIABLE,0.4508449936370849,0.179438,False,boundary_candidate,runs/analysis/repeated_runtime_audit/raw/local_open_set/local_reopen_guarded/repeat1.csv
3sat_66.cnf,3sat_66.cnf,local_open_set,local_reopen_guarded,1,INDETERMINATE,60.26196699363708,59.9886,True,timeout,runs/analysis/repeated_runtime_audit/raw/local_open_set/local_reopen_guarded/repeat1.csv
3sat_163.cnf,3sat_163.cnf,recovered_timeout,one_shot,2,INDETERMINATE,60.20881841316224,59.9714,True,timeout,runs/analysis/repeated_runtime_audit/raw/recovered_timeout/one_shot/repeat2.csv
3sat_188.cnf,3sat_188.cnf,recovered_timeout,one_shot,2,INDETERMINATE,60.22831841316224,59.9909,True,timeout,runs/analysis/repeated_runtime_audit/raw/recovered_timeout/one_shot/repeat2.csv
3sat_189.cnf,3sat_189.cnf,recovered_timeout,one_shot,2,INDETERMINATE,60.20671841316223,59.9693,True,timeout,runs/analysis/repeated_runtime_audit/raw/recovered_timeout/one_shot/repeat2.csv
3sat_85.cnf,3sat_85.cnf,recovered_timeout,one_shot,2,INDETERMINATE,60.22061841316223,59.9832,True,timeout,runs/analysis/repeated_runtime_audit/raw/recovered_timeout/one_shot/repeat2.csv
3sat_89.cnf,3sat_89.cnf,recovered_timeout,one_shot,2,INDETERMINATE,60.21541841316223,59.978,True,timeout,runs/analysis/repeated_runtime_audit/raw/recovered_timeout/one_shot/repeat2.csv
3sat_97.cnf,3sat_97.cnf,recovered_timeout,one_shot,2,INDETERMINATE,60.21121841316223,59.9738,True,timeout,runs/analysis/repeated_runtime_audit/raw/recovered_timeout/one_shot/repeat2.csv
3sat_163.cnf,3sat_163.cnf,recovered_timeout,online_consistent_boundary400,2,SATISFIABLE,27.5840178147583,27.2733,False,solved,runs/analysis/repeated_runtime_audit/raw/recovered_timeout/online_consistent_boundary400/repeat2.csv
3sat_188.cnf,3sat_188.cnf,recovered_timeout,online_consistent_boundary400,2,SATISFIABLE,26.1367888147583,25.8221,False,solved,runs/analysis/repeated_runtime_audit/raw/recovered_timeout/online_consistent_boundary400/repeat2.csv
3sat_189.cnf,3sat_189.cnf,recovered_timeout,online_consistent_boundary400,2,SATISFIABLE,14.4952198147583,14.1772,False,solved,runs/analysis/repeated_runtime_audit/raw/recovered_timeout/online_consistent_boundary400/repeat2.csv
3sat_85.cnf,3sat_85.cnf,recovered_timeout,online_consistent_boundary400,2,SATISFIABLE,0.9969518147583007,0.677594,False,solved,runs/analysis/repeated_runtime_audit/raw/recovered_timeout/online_consistent_boundary400/repeat2.csv
3sat_89.cnf,3sat_89.cnf,recovered_timeout,online_consistent_boundary400,2,SATISFIABLE,0.4669038147583008,0.160187,False,solved,runs/analysis/repeated_runtime_audit/raw/recovered_timeout/online_consistent_boundary400/repeat2.csv
3sat_97.cnf,3sat_97.cnf,recovered_timeout,online_consistent_boundary400,2,SATISFIABLE,12.3229568147583,12.0145,False,solved,runs/analysis/repeated_runtime_audit/raw/recovered_timeout/online_consistent_boundary400/repeat2.csv
3sat_188.cnf,3sat_188.cnf,local_open_set,online_consistent_boundary400,2,SATISFIABLE,26.580397667526245,26.3318,False,boundary_candidate,runs/analysis/repeated_runtime_audit/raw/local_open_set/online_consistent_boundary400/repeat2.csv
3sat_196.cnf,3sat_196.cnf,local_open_set,online_consistent_boundary400,2,SATISFIABLE,24.478238667526245,24.2214,False,boundary_candidate,runs/analysis/repeated_runtime_audit/raw/local_open_set/online_consistent_boundary400/repeat2.csv
3sat_46.cnf,3sat_46.cnf,local_open_set,online_consistent_boundary400,2,SATISFIABLE,31.12012566752625,30.8683,False,boundary_candidate,runs/analysis/repeated_runtime_audit/raw/local_open_set/online_consistent_boundary400/repeat2.csv
3sat_66.cnf,3sat_66.cnf,local_open_set,online_consistent_boundary400,2,INDETERMINATE,60.222408667526246,59.9698,True,timeout,runs/analysis/repeated_runtime_audit/raw/local_open_set/online_consistent_boundary400/repeat2.csv
3sat_188.cnf,3sat_188.cnf,local_open_set,local_reopen_guarded,2,SATISFIABLE,26.139999407302856,25.8671,False,boundary_candidate,runs/analysis/repeated_runtime_audit/raw/local_open_set/local_reopen_guarded/repeat2.csv
3sat_196.cnf,3sat_196.cnf,local_open_set,local_reopen_guarded,2,SATISFIABLE,9.916731407302857,9.65181,False,boundary_candidate,runs/analysis/repeated_runtime_audit/raw/local_open_set/local_reopen_guarded/repeat2.csv
3sat_46.cnf,3sat_46.cnf,local_open_set,local_reopen_guarded,2,SATISFIABLE,0.4685924073028564,0.188968,False,boundary_candidate,runs/analysis/repeated_runtime_audit/raw/local_open_set/local_reopen_guarded/repeat2.csv
3sat_66.cnf,3sat_66.cnf,local_open_set,local_reopen_guarded,2,INDETERMINATE,60.25173340730286,59.9756,True,timeout,runs/analysis/repeated_runtime_audit/raw/local_open_set/local_reopen_guarded/repeat2.csv
