file_key,method,paper_name,repeats,solved_repeats,timeout_repeats,time_mean,time_std,time_min,time_max,result_values
3sat_0.cnf,local_reopen_guarded,+ Local Boundary Correction,3,0,3,60.42790238451639,0.03831167785314459,60.39112826622009,60.480748479599,INDETERMINATE
3sat_0.cnf,one_shot,One-shot,3,0,3,60.323140388870236,0.04799974946528648,60.273032006073,60.38785345573425,INDETERMINATE
3sat_0.cnf,online_consistent_boundary400,Online-Consistent Selector,3,0,3,60.43005462882487,0.0391882464639936,60.39893350965881,60.48532897628784,INDETERMINATE
3sat_1.cnf,local_reopen_guarded,+ Local Boundary Correction,3,3,0,3.199037051183065,0.11456244269656944,3.0465704077301026,3.3227284795989998,SATISFIABLE
3sat_1.cnf,one_shot,One-shot,3,3,0,3.097757055536906,0.1580847045198488,2.876682006072998,3.237113455734253,SATISFIABLE
3sat_1.cnf,online_consistent_boundary400,Online-Consistent Selector,3,3,0,3.3258219621582032,0.07641193215490047,3.236925400527954,3.4234795096588138,SATISFIABLE
3sat_10.cnf,local_reopen_guarded,+ Local Boundary Correction,3,0,3,60.417639051183066,0.043218544773514125,60.3848254077301,60.478702479599,INDETERMINATE
3sat_10.cnf,one_shot,One-shot,3,0,3,60.31480705553691,0.04513593890096783,60.268132006073,60.37585345573425,INDETERMINATE
3sat_10.cnf,online_consistent_boundary400,Online-Consistent Selector,3,0,3,60.42795229549154,0.024730429639571477,60.39926850965882,60.45962397628784,INDETERMINATE
3sat_100.cnf,local_reopen_guarded,+ Local Boundary Correction,3,3,0,0.5194960511830647,0.047511699088224855,0.4850484077301025,0.586680479598999,SATISFIABLE
3sat_100.cnf,one_shot,One-shot,3,3,0,0.40904072220357257,0.04246553907152726,0.367832006072998,0.4674784557342529,SATISFIABLE
3sat_100.cnf,online_consistent_boundary400,Online-Consistent Selector,3,3,0,0.5167376288248698,0.032750409651974344,0.4783255096588135,0.5583549762878418,SATISFIABLE
3sat_101.cnf,local_reopen_guarded,+ Local Boundary Correction,3,0,3,60.42762138451639,0.03729639722643114,60.39078426622009,60.478732479599,INDETERMINATE
3sat_101.cnf,one_shot,One-shot,3,0,3,60.32417372220357,0.03263821000729847,60.289832006073,60.368053455734255,INDETERMINATE
3sat_101.cnf,online_consistent_boundary400,Online-Consistent Selector,3,0,3,60.429073628824874,0.031910478638772284,60.401011509658815,60.473711976287845,INDETERMINATE
3sat_102.cnf,local_reopen_guarded,+ Local Boundary Correction,3,0,3,60.40170571784973,0.05247712235722416,60.3625064077301,60.475879479598994,INDETERMINATE
3sat_102.cnf,one_shot,One-shot,3,0,3,60.32514038887024,0.04407075839278632,60.285232006073,60.38655345573425,INDETERMINATE
3sat_102.cnf,online_consistent_boundary400,Online-Consistent Selector,3,0,3,60.428348628824864,0.02263158637152724,60.401127509658814,60.45653797628784,INDETERMINATE
3sat_103.cnf,local_reopen_guarded,+ Local Boundary Correction,3,0,3,60.42768471784973,0.04001789791872271,60.3926674077301,60.483696479599,INDETERMINATE
3sat_103.cnf,one_shot,One-shot,3,0,3,60.31214038887024,0.04163072953745012,60.278032006073,60.37075345573425,INDETERMINATE
3sat_103.cnf,online_consistent_boundary400,Online-Consistent Selector,3,0,3,60.431138628824876,0.041480991216744534,60.378933509658815,60.48041397628784,INDETERMINATE
3sat_104.cnf,local_reopen_guarded,+ Local Boundary Correction,3,0,3,60.4123953845164,0.05811462188822013,60.367480407730106,60.494459479599,INDETERMINATE
3sat_104.cnf,one_shot,One-shot,3,0,3,60.32397372220357,0.0486859404426657,60.274432006073,60.39015345573425,INDETERMINATE
3sat_104.cnf,online_consistent_boundary400,Online-Consistent Selector,3,0,3,60.435267628824874,0.03442960017167214,60.392208509658815,60.47648297628785,INDETERMINATE
3sat_105.cnf,local_reopen_guarded,+ Local Boundary Correction,3,0,3,60.42810405118306,0.03549361178025705,60.3974824077301,60.477859479599,INDETERMINATE
3sat_105.cnf,one_shot,One-shot,3,0,3,60.32127372220358,0.05374778276798328,60.260132006073,60.390953455734255,INDETERMINATE
3sat_105.cnf,online_consistent_boundary400,Online-Consistent Selector,3,0,3,60.42449096215821,0.04009157956430491,60.388127509658815,60.48034597628784,INDETERMINATE
3sat_106.cnf,local_reopen_guarded,+ Local Boundary Correction,3,0,3,60.4195013845164,0.03151270267285922,60.3918114077301,60.463587479599,INDETERMINATE
3sat_106.cnf,one_shot,One-shot,3,0,3,60.32270705553691,0.04287738125903011,60.281232006073,60.381753455734255,INDETERMINATE
3sat_106.cnf,online_consistent_boundary400,Online-Consistent Selector,3,0,3,60.42733229549154,0.04059974515870342,60.37864550965881,60.47803297628784,INDETERMINATE
3sat_107.cnf,local_reopen_guarded,+ Local Boundary Correction,3,0,3,60.39395334239197,0.01597547903634266,60.3818061693573,60.416524157043455,INDETERMINATE
3sat_107.cnf,one_shot,One-shot,3,0,3,60.292612768809,0.028074598135884317,60.2558982837677,60.32405853805542,INDETERMINATE
3sat_107.cnf,online_consistent_boundary400,Online-Consistent Selector,3,0,3,60.37870003078715,0.02742500705963717,60.35114859498596,60.41611650390625,INDETERMINATE
3sat_108.cnf,local_reopen_guarded,+ Local Boundary Correction,3,0,3,60.385481675725295,0.015986190305191533,60.36431470077515,60.40294315704345,INDETERMINATE
3sat_108.cnf,one_shot,One-shot,3,0,3,60.29131276880901,0.0243952824307513,60.2685982837677,60.32515853805542,INDETERMINATE
3sat_108.cnf,online_consistent_boundary400,Online-Consistent Selector,3,0,3,60.38927436412049,0.01779306055374562,60.36833059498596,60.41182550390625,INDETERMINATE
3sat_109.cnf,local_reopen_guarded,+ Local Boundary Correction,3,0,3,60.38816300905864,0.00717992888791632,60.378676700775145,60.3960421693573,INDETERMINATE
3sat_109.cnf,one_shot,One-shot,3,0,3,60.28811276880899,0.03191881566876289,60.2495982837677,60.32775853805542,INDETERMINATE
3sat_109.cnf,online_consistent_boundary400,Online-Consistent Selector,3,0,3,60.38060536412048,0.027183675533325274,60.34906759498596,60.415412503906246,INDETERMINATE
3sat_11.cnf,local_reopen_guarded,+ Local Boundary Correction,3,3,0,1.7861993423919678,0.02776600284455021,1.7615741570434569,1.8250001693573,SATISFIABLE
3sat_11.cnf,one_shot,One-shot,3,3,0,1.6723594354756672,0.01950379321257823,1.6451582837677,1.68991853805542,SATISFIABLE
3sat_11.cnf,online_consistent_boundary400,Online-Consistent Selector,3,3,0,1.7912470307871502,0.015138002954288533,1.773342594985962,1.81036350390625,SATISFIABLE
3sat_110.cnf,local_reopen_guarded,+ Local Boundary Correction,3,0,3,60.388973009058624,0.0034039996370898,60.38424370077514,60.39211615704346,INDETERMINATE
3sat_110.cnf,one_shot,One-shot,3,0,3,60.287579435475664,0.01675909378479898,60.2638982837677,60.30025853805542,INDETERMINATE
3sat_110.cnf,online_consistent_boundary400,Online-Consistent Selector,3,0,3,60.38509036412049,0.019935015488855238,60.36283459498596,60.411205503906245,INDETERMINATE
3sat_111.cnf,local_reopen_guarded,+ Local Boundary Correction,3,0,3,60.39064867572531,0.00992863308033425,60.37664370077515,60.3985241693573,INDETERMINATE
3sat_111.cnf,one_shot,One-shot,3,0,3,60.301012768808995,0.013830596393936061,60.2843982837677,60.31825853805542,INDETERMINATE
3sat_111.cnf,online_consistent_boundary400,Online-Consistent Selector,3,0,3,60.39376003078715,0.02619454329044017,60.35899259498596,60.42221850390625,INDETERMINATE
3sat_112.cnf,local_reopen_guarded,+ Local Boundary Correction,3,0,3,60.3877076757253,0.004350567685099897,60.38367870077514,60.39374915704346,INDETERMINATE
3sat_112.cnf,one_shot,One-shot,3,0,3,60.292579435475666,0.022833799228835144,60.2625982837677,60.31795853805542,INDETERMINATE
3sat_112.cnf,online_consistent_boundary400,Online-Consistent Selector,3,0,3,60.38488636412049,0.018108764634334303,60.36059659498597,60.404059503906254,INDETERMINATE
3sat_113.cnf,local_reopen_guarded,+ Local Boundary Correction,3,0,3,60.383602342391974,0.0056983427469595,60.37727515704346,60.391088169357296,INDETERMINATE
3sat_113.cnf,one_shot,One-shot,3,0,3,60.28977943547567,0.015693292764760676,60.2679982837677,60.30435853805542,INDETERMINATE
3sat_113.cnf,online_consistent_boundary400,Online-Consistent Selector,3,0,3,60.381739364120484,0.02408412410445146,60.35069159498597,60.40939150390625,INDETERMINATE
3sat_114.cnf,local_reopen_guarded,+ Local Boundary Correction,3,0,3,60.380431342391965,0.008815985887923686,60.3701181693573,60.39165515704345,INDETERMINATE
3sat_114.cnf,one_shot,One-shot,3,0,3,60.286512768809,0.01934040171951946,60.2654982837677,60.31218148460388,INDETERMINATE
3sat_114.cnf,online_consistent_boundary400,Online-Consistent Selector,3,0,3,60.38650836412049,0.027669617296960748,60.35431559498596,60.42186950390625,INDETERMINATE
3sat_115.cnf,local_reopen_guarded,+ Local Boundary Correction,3,0,3,60.38150534239196,0.015439698399625643,60.3642871693573,60.40174315704346,INDETERMINATE
3sat_115.cnf,one_shot,One-shot,3,0,3,60.298779435475666,0.015085720665001445,60.2776982837677,60.31215853805542,INDETERMINATE
3sat_115.cnf,online_consistent_boundary400,Online-Consistent Selector,3,0,3,60.377517030787146,0.023246161717184688,60.34490959498596,60.39744599346923,INDETERMINATE
3sat_116.cnf,local_reopen_guarded,+ Local Boundary Correction,3,0,3,60.392367594751995,0.020827137701879113,60.37272241825867,60.42119557112122,INDETERMINATE
3sat_116.cnf,one_shot,One-shot,3,0,3,60.284616257095344,0.025963232837360076,60.251311795806885,60.31465668525696,INDETERMINATE
3sat_116.cnf,online_consistent_boundary400,Online-Consistent Selector,3,0,3,60.382456505727134,0.03983575140694432,60.32774357595825,60.421440615356445,INDETERMINATE
3sat_117.cnf,local_reopen_guarded,+ Local Boundary Correction,3,0,3,60.375996594751996,0.019271810891784615,60.34892841825867,60.392285571121214,INDETERMINATE
3sat_117.cnf,one_shot,One-shot,3,0,3,60.279082923762,0.024175457579338453,60.25451179580688,60.31195668525696,INDETERMINATE
3sat_117.cnf,online_consistent_boundary400,Online-Consistent Selector,3,0,3,60.38426583906047,0.030411474106404397,60.35594657595826,60.42645761535645,INDETERMINATE
3sat_118.cnf,local_reopen_guarded,+ Local Boundary Correction,3,0,3,60.385765594751994,0.038497032358305115,60.34077941825866,60.434814571121215,INDETERMINATE
3sat_118.cnf,one_shot,One-shot,3,0,3,60.28471625709534,0.02528137627251637,60.255211795806886,60.31695668525696,INDETERMINATE
3sat_118.cnf,online_consistent_boundary400,Online-Consistent Selector,3,0,3,60.36898250572713,0.021542107358573873,60.341242575958255,60.39375961535645,INDETERMINATE
3sat_119.cnf,local_reopen_guarded,+ Local Boundary Correction,3,0,3,60.38595292808532,0.024969491533956053,60.35250041825866,60.412472571121214,INDETERMINATE
3sat_119.cnf,one_shot,One-shot,3,0,3,60.28614959042867,0.014965657367480536,60.26961179580689,60.30585668525696,INDETERMINATE
3sat_119.cnf,online_consistent_boundary400,Online-Consistent Selector,3,0,3,60.3879991723938,0.03596860072541739,60.341270575958255,60.42876861535644,INDETERMINATE
3sat_12.cnf,local_reopen_guarded,+ Local Boundary Correction,3,0,3,60.38348492808532,0.018430997700540123,60.3681957948761,60.40941157112121,INDETERMINATE
3sat_12.cnf,one_shot,One-shot,3,0,3,60.276782923762006,0.019601235347389338,60.25931179580689,60.30415668525696,INDETERMINATE
3sat_12.cnf,online_consistent_boundary400,Online-Consistent Selector,3,0,3,60.384626839060466,0.029930379181077573,60.346415575958254,60.419501615356445,INDETERMINATE
3sat_120.cnf,local_reopen_guarded,+ Local Boundary Correction,3,3,0,1.0835625947519938,0.022796860322657462,1.054632418258667,1.110349571121216,SATISFIABLE
3sat_120.cnf,one_shot,One-shot,3,3,0,3.357666257095337,0.10932136600366515,3.216451795806885,3.482776685256958,SATISFIABLE
3sat_120.cnf,online_consistent_boundary400,Online-Consistent Selector,3,3,0,1.0680655057271322,0.023618602833406537,1.034815575958252,1.0874453258666992,SATISFIABLE
3sat_121.cnf,local_reopen_guarded,+ Local Boundary Correction,3,3,0,1.779595594751994,0.0349650618691512,1.7320084182586668,1.815026571121216,SATISFIABLE
3sat_121.cnf,one_shot,One-shot,3,3,0,1.6929362570953368,0.011142700410403761,1.6842617958068848,1.708666685256958,SATISFIABLE
3sat_121.cnf,online_consistent_boundary400,Online-Consistent Selector,3,3,0,1.7856638390604653,0.05509571781190487,1.729058575958252,1.8603366153564451,SATISFIABLE
3sat_122.cnf,local_reopen_guarded,+ Local Boundary Correction,3,0,3,60.386891594752,0.009954453024058429,60.37286641825867,60.39495657112122,INDETERMINATE
3sat_122.cnf,one_shot,One-shot,3,0,3,60.285949590428665,0.018986910132179156,60.25921179580688,60.30145668525696,INDETERMINATE
3sat_122.cnf,online_consistent_boundary400,Online-Consistent Selector,3,0,3,60.381383505727136,0.034721862846336236,60.33357457595825,60.41499061535645,INDETERMINATE
3sat_123.cnf,local_reopen_guarded,+ Local Boundary Correction,3,0,3,60.382299261418666,0.029667171494145446,60.345337418258666,60.41797257112121,INDETERMINATE
3sat_123.cnf,one_shot,One-shot,3,0,3,60.28641625709534,0.01977485389281803,60.263111795806886,60.31145668525696,INDETERMINATE
3sat_123.cnf,online_consistent_boundary400,Online-Consistent Selector,3,0,3,60.38763783906046,0.03400441874289433,60.34813857595825,60.43114261535644,INDETERMINATE
3sat_124.cnf,local_reopen_guarded,+ Local Boundary Correction,3,3,0,0.3882982614186605,0.02526165904270983,0.3593534182586669,0.4209055711212158,SATISFIABLE
3sat_124.cnf,one_shot,One-shot,3,3,0,0.3174945904286702,0.024125489772953895,0.2879967958068847,0.347091685256958,SATISFIABLE
3sat_124.cnf,online_consistent_boundary400,Online-Consistent Selector,3,3,0,0.39809350572713215,0.031214329235940884,0.3556285759582519,0.4297686153564453,SATISFIABLE
3sat_125.cnf,local_reopen_guarded,+ Local Boundary Correction,3,3,0,3.501587469228109,0.04164444818113149,3.443372065811157,3.538416258956909,SATISFIABLE
3sat_125.cnf,one_shot,One-shot,3,3,0,3.497265422566732,0.06147729107926588,3.411850479888916,3.5540228637695312,SATISFIABLE
3sat_125.cnf,online_consistent_boundary400,Online-Consistent Selector,3,3,0,3.523623152750652,0.010797020182278443,3.51089980393982,3.5372958300628663,SATISFIABLE
3sat_126.cnf,local_reopen_guarded,+ Local Boundary Correction,3,0,3,60.36905813589478,0.014162834122142495,60.34934608291626,60.38198906581116,INDETERMINATE
3sat_126.cnf,one_shot,One-shot,3,0,3,60.2845320892334,0.030066815969808383,60.26287292404175,60.32705047988892,INDETERMINATE
3sat_126.cnf,online_consistent_boundary400,Online-Consistent Selector,3,0,3,60.38413348608398,0.020187417577977835,60.35622783006286,60.40330680393982,INDETERMINATE
3sat_127.cnf,local_reopen_guarded,+ Local Boundary Correction,3,0,3,60.37803680256144,0.007095838872978639,60.36834908291626,60.38514725895691,INDETERMINATE
3sat_127.cnf,one_shot,One-shot,3,0,3,60.28169875590007,0.043730711486377055,60.23077286376953,60.33755047988892,INDETERMINATE
3sat_127.cnf,online_consistent_boundary400,Online-Consistent Selector,3,0,3,60.38173348608399,0.010892607553688344,60.36831583006286,60.39499580393982,INDETERMINATE
3sat_128.cnf,local_reopen_guarded,+ Local Boundary Correction,3,3,0,8.54055646922811,0.1245247220378566,8.36914308291626,8.661230258956909,SATISFIABLE
3sat_128.cnf,one_shot,One-shot,3,3,0,35.33206542256673,0.40809541183150927,34.773372924041745,35.73675047988892,SATISFIABLE
3sat_128.cnf,online_consistent_boundary400,Online-Consistent Selector,3,3,0,8.577792819417319,0.10481477016073792,8.483578830062866,8.72400580393982,SATISFIABLE
3sat_129.cnf,local_reopen_guarded,+ Local Boundary Correction,3,3,0,1.1970264692281087,0.018576681003252757,1.1720102589569092,1.2164830658111572,SATISFIABLE
3sat_129.cnf,one_shot,One-shot,3,3,0,1.1188710892333986,0.01846021933523478,1.103887924041748,1.144877479888916,SATISFIABLE
3sat_129.cnf,online_consistent_boundary400,Online-Consistent Selector,3,3,0,1.1946508194173178,0.02764184857986699,1.1566828300628662,1.2216928242492675,SATISFIABLE
3sat_13.cnf,local_reopen_guarded,+ Local Boundary Correction,3,0,3,60.39018313589477,0.01077206594868613,60.37970308291626,60.40499825895691,INDETERMINATE
3sat_13.cnf,one_shot,One-shot,3,0,3,60.29039875590007,0.0318294497071754,60.25967286376953,60.33425047988892,INDETERMINATE
3sat_13.cnf,online_consistent_boundary400,Online-Consistent Selector,3,0,3,60.39028948608399,0.006994043407225425,60.38111383006287,60.39807582424927,INDETERMINATE
3sat_130.cnf,local_reopen_guarded,+ Local Boundary Correction,3,3,0,4.879011802561442,0.11497331220908018,4.731231258956909,5.011630065811157,SATISFIABLE
3sat_130.cnf,one_shot,One-shot,3,3,0,4.822122089233399,0.11189505475644397,4.691712863769531,4.964952924041748,SATISFIABLE
3sat_130.cnf,online_consistent_boundary400,Online-Consistent Selector,3,3,0,4.928618486083984,0.13359545901118636,4.765802824249268,5.093031830062866,SATISFIABLE
3sat_131.cnf,local_reopen_guarded,+ Local Boundary Correction,3,3,0,3.684956469228109,0.05121595549915951,3.623154258956909,3.7485680658111575,SATISFIABLE
3sat_131.cnf,one_shot,One-shot,3,3,0,3.643878755900065,0.04744571852262209,3.578470479888916,3.689542924041748,SATISFIABLE
3sat_131.cnf,online_consistent_boundary400,Online-Consistent Selector,3,3,0,3.747180486083984,0.10174757051552591,3.656571803939819,3.8892908300628655,SATISFIABLE
3sat_132.cnf,local_reopen_guarded,+ Local Boundary Correction,3,3,0,0.44288146922810867,0.02143278388852922,0.4143210829162597,0.4659522589569091,SATISFIABLE
3sat_132.cnf,one_shot,One-shot,3,3,0,0.39931075590006504,0.025453249023466677,0.381018924041748,0.435305479888916,SATISFIABLE
3sat_132.cnf,online_consistent_boundary400,Online-Consistent Selector,3,3,0,0.44937115275065104,0.01855713665653751,0.4233628300628662,0.4654128039398193,SATISFIABLE
3sat_133.cnf,local_reopen_guarded,+ Local Boundary Correction,3,0,3,60.38130113589477,0.006492023482163605,60.37222406581116,60.38703325895691,INDETERMINATE
3sat_133.cnf,one_shot,One-shot,3,0,3,60.2754320892334,0.022452251342753356,60.25107286376953,60.30525047988892,INDETERMINATE
3sat_133.cnf,online_consistent_boundary400,Online-Consistent Selector,3,0,3,60.38530748608398,0.024519443125009907,60.350736830062864,60.40492882424927,INDETERMINATE
3sat_134.cnf,local_reopen_guarded,+ Local Boundary Correction,3,0,3,60.37236273505147,0.027810286684291478,60.33937534738159,60.407403457199095,INDETERMINATE
3sat_134.cnf,one_shot,One-shot,3,0,3,60.27423358624776,0.006701868052700246,60.26947957878113,60.283711442947386,INDETERMINATE
3sat_134.cnf,online_consistent_boundary400,Online-Consistent Selector,3,0,3,60.36949057525126,0.020915166165194437,60.34110413035583,60.39088265686036,INDETERMINATE
3sat_135.cnf,local_reopen_guarded,+ Local Boundary Correction,3,0,3,60.38453540171813,0.033312193495969894,60.34941634738159,60.4292894571991,INDETERMINATE
3sat_135.cnf,one_shot,One-shot,3,0,3,60.280333586247764,0.030749613598645077,60.24850973701477,60.32191144294739,INDETERMINATE
3sat_135.cnf,online_consistent_boundary400,Online-Consistent Selector,3,0,3,60.38195690858459,0.010551391769650857,60.37041713035583,60.39591965686036,INDETERMINATE
3sat_136.cnf,local_reopen_guarded,+ Local Boundary Correction,3,0,3,60.36721840171814,0.025799557733875586,60.33953234738159,60.40164145719909,INDETERMINATE
3sat_136.cnf,one_shot,One-shot,3,0,3,60.28223358624776,0.022453067998566965,60.26287957878113,60.31371144294739,INDETERMINATE
3sat_136.cnf,online_consistent_boundary400,Online-Consistent Selector,3,0,3,60.37891524191793,0.021163335851075868,60.34899513035584,60.39452365686035,INDETERMINATE
3sat_137.cnf,local_reopen_guarded,+ Local Boundary Correction,3,0,3,60.3658220683848,0.025315733876482584,60.34557434738159,60.40151645719909,INDETERMINATE
3sat_137.cnf,one_shot,One-shot,3,0,3,60.27506691958109,0.029109861801512676,60.24907957878113,60.31571144294739,INDETERMINATE
3sat_137.cnf,online_consistent_boundary400,Online-Consistent Selector,3,0,3,60.36953390858459,0.013570238471441743,60.35381013035584,60.38692465686035,INDETERMINATE
3sat_138.cnf,local_reopen_guarded,+ Local Boundary Correction,3,0,3,60.36706273505147,0.02728593164243532,60.32950934738159,60.3935264571991,INDETERMINATE
3sat_138.cnf,one_shot,One-shot,3,0,3,60.275900252914425,0.005146366040913663,60.26897957878113,60.28131144294738,INDETERMINATE
3sat_138.cnf,online_consistent_boundary400,Online-Consistent Selector,3,0,3,60.37879857525127,0.013469835119184958,60.35998113035584,60.3907729385376,INDETERMINATE
3sat_139.cnf,local_reopen_guarded,+ Local Boundary Correction,3,0,3,60.36936373505147,0.026689800239449737,60.33732234738159,60.40266245719909,INDETERMINATE
3sat_139.cnf,one_shot,One-shot,3,0,3,60.280266919581095,0.025536244403482403,60.26030973701477,60.31631144294739,INDETERMINATE
3sat_139.cnf,online_consistent_boundary400,Online-Consistent Selector,3,0,3,60.379906908584594,0.023830553269155594,60.34659613035584,60.40099365686035,INDETERMINATE
3sat_14.cnf,local_reopen_guarded,+ Local Boundary Correction,3,3,0,5.634151735051474,0.0602180996177002,5.5616913473815925,5.709130457199097,SATISFIABLE
3sat_14.cnf,one_shot,One-shot,3,3,0,5.484196919581095,0.10043817018674281,5.354539578781128,5.59925973701477,SATISFIABLE
3sat_14.cnf,online_consistent_boundary400,Online-Consistent Selector,3,3,0,5.556555575251262,0.045970946488963625,5.492332130355836,5.597413938537597,SATISFIABLE
3sat_140.cnf,local_reopen_guarded,+ Local Boundary Correction,3,3,0,5.29569140171814,0.03360739592930147,5.25238140057373,5.334298347381592,SATISFIABLE
3sat_140.cnf,one_shot,One-shot,3,3,0,49.30806691958109,0.416993525004008,48.88421144294739,49.875079578781126,SATISFIABLE
3sat_140.cnf,online_consistent_boundary400,Online-Consistent Selector,3,3,0,5.393554575251261,0.03588796350661208,5.350596938537597,5.438440656860352,SATISFIABLE
3sat_141.cnf,local_reopen_guarded,+ Local Boundary Correction,3,3,0,3.324407735051473,0.053454459979012235,3.2502453473815915,3.374178457199097,SATISFIABLE
3sat_141.cnf,one_shot,One-shot,3,3,0,3.2972569195810952,0.07706608128502325,3.215419578781128,3.4005114429473875,SATISFIABLE
3sat_141.cnf,online_consistent_boundary400,Online-Consistent Selector,3,3,0,3.326967575251261,0.06607876674820523,3.2798816568603515,3.420416130355835,SATISFIABLE
3sat_142.cnf,local_reopen_guarded,+ Local Boundary Correction,3,3,0,2.4634600683848062,0.025637365069770733,2.444973347381592,2.4997144005737306,SATISFIABLE
3sat_142.cnf,one_shot,One-shot,3,3,0,2.412583586247762,0.04339944834642509,2.3533797370147704,2.456201442947388,SATISFIABLE
3sat_142.cnf,online_consistent_boundary400,Online-Consistent Selector,3,3,0,2.502834241917929,0.038241567516378715,2.4507259385375977,2.5414251303558357,SATISFIABLE
3sat_143.cnf,local_reopen_guarded,+ Local Boundary Correction,3,0,3,60.38891445890808,0.056636946866735566,60.33060918563843,60.46562744622803,INDETERMINATE
3sat_143.cnf,one_shot,One-shot,3,0,3,60.33002944666544,0.0722172105150063,60.27711274833679,60.43213735313415,INDETERMINATE
3sat_143.cnf,online_consistent_boundary400,Online-Consistent Selector,3,0,3,60.45033230446371,0.08926492338734775,60.32781440020752,60.537942009399416,INDETERMINATE
3sat_144.cnf,local_reopen_guarded,+ Local Boundary Correction,3,0,3,60.38402679224141,0.03560297944619126,60.34699918563843,60.43208844622802,INDETERMINATE
3sat_144.cnf,one_shot,One-shot,3,0,3,60.32259611333211,0.0669996345867353,60.27131274833679,60.41723735313416,INDETERMINATE
3sat_144.cnf,online_consistent_boundary400,Online-Consistent Selector,3,0,3,60.46025197113037,0.08200837709006847,60.349840400207526,60.546199009399416,INDETERMINATE
3sat_145.cnf,local_reopen_guarded,+ Local Boundary Correction,3,0,3,60.40258745890808,0.05082868721941759,60.34717118563843,60.46994544622802,INDETERMINATE
3sat_145.cnf,one_shot,One-shot,3,0,3,60.322696113332114,0.06827766439876833,60.27281274833679,60.41923735313416,INDETERMINATE
3sat_145.cnf,online_consistent_boundary400,Online-Consistent Selector,3,0,3,60.46900163779704,0.09344554849793883,60.34560440020752,60.571663009399416,INDETERMINATE
3sat_146.cnf,local_reopen_guarded,+ Local Boundary Correction,3,0,3,60.39658979224142,0.06411418650226046,60.32452318563843,60.48027544622803,INDETERMINATE
3sat_146.cnf,one_shot,One-shot,3,0,3,60.316429446665445,0.07998452225483653,60.25003823852539,60.42893735313415,INDETERMINATE
3sat_146.cnf,online_consistent_boundary400,Online-Consistent Selector,3,0,3,60.46584397113037,0.08702938871766497,60.35165640020752,60.56271300939941,INDETERMINATE
3sat_147.cnf,local_reopen_guarded,+ Local Boundary Correction,3,3,0,13.212539125574748,0.1175707713076934,13.082419185638429,13.367242446228028,SATISFIABLE
3sat_147.cnf,one_shot,One-shot,3,3,0,13.626729446665445,0.19389807271625784,13.48813823852539,13.900937353134156,SATISFIABLE
3sat_147.cnf,online_consistent_boundary400,Online-Consistent Selector,3,3,0,13.751134971130371,0.05947597341589973,13.67675040020752,13.82233150378418,SATISFIABLE
3sat_148.cnf,local_reopen_guarded,+ Local Boundary Correction,3,0,3,60.39403779224142,0.053395374974255505,60.35057318563843,60.46924644622803,INDETERMINATE
3sat_148.cnf,one_shot,One-shot,3,0,3,60.303296113332124,0.05741378879768372,60.249038238525394,60.38273735313416,INDETERMINATE
3sat_148.cnf,online_consistent_boundary400,Online-Consistent Selector,3,0,3,60.45541663779704,0.0956323248036429,60.32686240020752,60.55607600939941,INDETERMINATE
3sat_149.cnf,local_reopen_guarded,+ Local Boundary Correction,3,3,0,4.071782125574747,0.12897678865630358,3.942511185638428,4.247859446228027,SATISFIABLE
3sat_149.cnf,one_shot,One-shot,3,3,0,4.11374277999878,0.049111445597266185,4.073412748336792,4.182877353134155,SATISFIABLE
3sat_149.cnf,online_consistent_boundary400,Online-Consistent Selector,3,3,0,4.2555339711303715,0.055133551397033284,4.17828240020752,4.303309009399414,SATISFIABLE
3sat_15.cnf,local_reopen_guarded,+ Local Boundary Correction,3,0,3,60.400499125574754,0.04854195440823106,60.357042185638434,60.468250446228026,INDETERMINATE
3sat_15.cnf,one_shot,One-shot,3,0,3,60.30876277999878,0.08357900045018418,60.24503823852539,60.42683735313416,INDETERMINATE
3sat_15.cnf,online_consistent_boundary400,Online-Consistent Selector,3,0,3,60.47522797113037,0.0982003568353364,60.34553140020752,60.58307700939941,INDETERMINATE
3sat_150.cnf,local_reopen_guarded,+ Local Boundary Correction,3,3,0,0.792215458908081,0.050239041946300134,0.7441051856384278,0.8615474462280274,SATISFIABLE
3sat_150.cnf,one_shot,One-shot,3,3,0,0.7323037799987793,0.06610581368877254,0.684797748336792,0.8257873531341553,SATISFIABLE
3sat_150.cnf,online_consistent_boundary400,Online-Consistent Selector,3,3,0,0.8732266377970378,0.08396788405803458,0.7591684002075195,0.958873009399414,SATISFIABLE
3sat_151.cnf,local_reopen_guarded,+ Local Boundary Correction,3,0,3,60.40056912557475,0.05979790013490064,60.34924018563843,60.48443744622803,INDETERMINATE
3sat_151.cnf,one_shot,One-shot,3,0,3,60.327362779998786,0.07369644419451031,60.27253823852539,60.43153735313415,INDETERMINATE
3sat_151.cnf,online_consistent_boundary400,Online-Consistent Selector,3,0,3,60.47547897113037,0.09080216824348955,60.35550140020752,60.57511100939941,INDETERMINATE
3sat_152.cnf,local_reopen_guarded,+ Local Boundary Correction,3,0,3,60.403618571111046,0.04101352082463324,60.35904492733764,60.45804658224488,INDETERMINATE
3sat_152.cnf,one_shot,One-shot,3,0,3,60.2961209845225,0.02691743305212608,60.27150578613281,60.33357597541809,INDETERMINATE
3sat_152.cnf,online_consistent_boundary400,Online-Consistent Selector,3,0,3,60.40023968448384,0.01640916383968441,60.37733005354309,60.41489646723938,INDETERMINATE
3sat_153.cnf,local_reopen_guarded,+ Local Boundary Correction,3,0,3,60.392539904444384,0.02925271857306322,60.356172927337646,60.42780158224488,INDETERMINATE
3sat_153.cnf,one_shot,One-shot,3,0,3,60.29198765118917,0.020843713560859664,60.27210578613281,60.320775975418094,INDETERMINATE
3sat_153.cnf,online_consistent_boundary400,Online-Consistent Selector,3,0,3,60.385744684483846,0.03181949339155608,60.34999605354309,60.42728853266907,INDETERMINATE
3sat_154.cnf,local_reopen_guarded,+ Local Boundary Correction,3,3,0,0.6183025711110433,0.04193219627278088,0.5600799273376464,0.657163582244873,SATISFIABLE
3sat_154.cnf,one_shot,One-shot,3,3,0,1.7329309845225016,0.039357300180250104,1.6959111920166017,1.7874359754180908,SATISFIABLE
3sat_154.cnf,online_consistent_boundary400,Online-Consistent Selector,3,3,0,0.621850684483846,0.020116213390169203,0.5950650535430908,0.6435435326690674,SATISFIABLE
3sat_155.cnf,local_reopen_guarded,+ Local Boundary Correction,3,0,3,60.39780857111105,0.03542886273923288,60.349671927337646,60.43391658224488,INDETERMINATE
3sat_155.cnf,one_shot,One-shot,3,0,3,60.298654317855835,0.021586125404096122,60.27400578613281,60.32657597541809,INDETERMINATE
3sat_155.cnf,online_consistent_boundary400,Online-Consistent Selector,3,0,3,60.37496301781717,0.018154869663051475,60.36182605354309,60.40063553266906,INDETERMINATE
3sat_156.cnf,local_reopen_guarded,+ Local Boundary Correction,3,0,3,60.40439490444438,0.03501975561565581,60.35689792733765,60.44029258224487,INDETERMINATE
3sat_156.cnf,one_shot,One-shot,3,0,3,60.29808765118917,0.0174775298465756,60.2803811920166,60.32187597541809,INDETERMINATE
3sat_156.cnf,online_consistent_boundary400,Online-Consistent Selector,3,0,3,60.394721017817176,0.025833432496951993,60.35832705354309,60.41568546723938,INDETERMINATE
3sat_157.cnf,local_reopen_guarded,+ Local Boundary Correction,3,3,0,34.117925571111044,0.2717672452573541,33.81957458224488,34.47692520375061,SATISFIABLE
3sat_157.cnf,one_shot,One-shot,3,3,0,3.2670009845225016,0.03702919578018598,3.2167611920166017,3.304915975418091,SATISFIABLE
3sat_157.cnf,online_consistent_boundary400,Online-Consistent Selector,3,3,0,33.64748901781718,0.21592794822335845,33.423920467239384,33.93941253266907,SATISFIABLE
3sat_158.cnf,local_reopen_guarded,+ Local Boundary Correction,3,0,3,60.40486823777771,0.03038589209768555,60.36337592733765,60.43529658224488,INDETERMINATE
3sat_158.cnf,one_shot,One-shot,3,0,3,60.30578765118917,0.02262282433507838,60.27930578613281,60.33457597541809,INDETERMINATE
3sat_158.cnf,online_consistent_boundary400,Online-Consistent Selector,3,0,3,60.388956684483844,0.028947354311203287,60.34805305354309,60.41085546723938,INDETERMINATE
3sat_159.cnf,local_reopen_guarded,+ Local Boundary Correction,3,0,3,60.39510423777771,0.03731735366893555,60.34992992733764,60.44132058224488,INDETERMINATE
3sat_159.cnf,one_shot,One-shot,3,0,3,60.2916209845225,0.0078032168223947295,60.28380578613281,60.30227597541809,INDETERMINATE
3sat_159.cnf,online_consistent_boundary400,Online-Consistent Selector,3,0,3,60.393455351150514,0.022440379965376803,60.36195205354309,60.412525532669065,INDETERMINATE
3sat_16.cnf,local_reopen_guarded,+ Local Boundary Correction,3,0,3,60.392114571111044,0.030358517245599063,60.34975592733765,60.41935758224488,INDETERMINATE
3sat_16.cnf,one_shot,One-shot,3,0,3,60.307854317855835,0.018056877869487103,60.287805786132814,60.33157597541809,INDETERMINATE
3sat_16.cnf,online_consistent_boundary400,Online-Consistent Selector,3,0,3,60.40055635115052,0.02514596148701654,60.36844805354309,60.42984953266907,INDETERMINATE
3sat_160.cnf,local_reopen_guarded,+ Local Boundary Correction,3,0,3,60.40110123777771,0.04094625973868302,60.35416292733765,60.45393858224488,INDETERMINATE
3sat_160.cnf,one_shot,One-shot,3,0,3,60.30985431785583,0.022933684036236846,60.28490578613281,60.34027597541809,INDETERMINATE
3sat_160.cnf,online_consistent_boundary400,Online-Consistent Selector,3,0,3,60.38915835115051,0.015393131392570373,60.367619053543095,60.40266053266907,INDETERMINATE
3sat_161.cnf,local_reopen_guarded,+ Local Boundary Correction,3,0,3,60.36449120064799,0.004876710149207648,60.35852492430115,60.370470354965214,INDETERMINATE
3sat_161.cnf,one_shot,One-shot,3,0,3,60.32332323481242,0.028134101655775696,60.29769476127625,60.362494207382206,INDETERMINATE
3sat_161.cnf,online_consistent_boundary400,Online-Consistent Selector,3,0,3,60.392724740066534,0.03128541664069891,60.349692184173584,60.423146931304935,INDETERMINATE
3sat_162.cnf,local_reopen_guarded,+ Local Boundary Correction,3,0,3,60.36300686731465,0.011218402411132025,60.35291732267761,60.378654924301145,INDETERMINATE
3sat_162.cnf,one_shot,One-shot,3,0,3,60.31838990147909,0.02702436145881671,60.29839476127624,60.3565942073822,INDETERMINATE
3sat_162.cnf,online_consistent_boundary400,Online-Consistent Selector,3,0,3,60.37852740673319,0.02839322254258714,60.345296184173584,60.41466293130493,INDETERMINATE
3sat_163.cnf,local_reopen_guarded,+ Local Boundary Correction,3,3,0,35.671751867314654,0.5332473011858115,35.101898322677606,36.38443935496521,SATISFIABLE
3sat_163.cnf,one_shot,One-shot,3,0,3,60.32405656814575,0.049734581081305934,60.27829476127624,60.3931942073822,INDETERMINATE
3sat_163.cnf,online_consistent_boundary400,Online-Consistent Selector,3,3,0,34.51427240673319,0.6702064143766118,33.99711518417358,35.46072910472107,SATISFIABLE
3sat_164.cnf,local_reopen_guarded,+ Local Boundary Correction,3,0,3,60.35505986731466,0.004015693703594321,60.35114732267761,60.360580924301146,INDETERMINATE
3sat_164.cnf,one_shot,One-shot,3,0,3,60.31945656814576,0.046239134473119316,60.26879476127625,60.3805942073822,INDETERMINATE
3sat_164.cnf,online_consistent_boundary400,Online-Consistent Selector,3,0,3,60.375284740066526,0.026130524425860398,60.34458118417359,60.408445931304925,INDETERMINATE
3sat_165.cnf,local_reopen_guarded,+ Local Boundary Correction,3,3,0,0.40895053398132325,0.003676695290420427,0.4046189243011474,0.4136073226776123,SATISFIABLE
3sat_165.cnf,one_shot,One-shot,3,3,0,0.48919456814575196,0.03826916543251676,0.4500307612762451,0.5411252073822022,SATISFIABLE
3sat_165.cnf,online_consistent_boundary400,Online-Consistent Selector,3,3,0,0.42628840673319496,0.03438328635262566,0.383223184173584,0.4673749313049316,SATISFIABLE
3sat_166.cnf,local_reopen_guarded,+ Local Boundary Correction,3,0,3,60.36974953398132,0.008513480431581594,60.36238135496521,60.38167992430115,INDETERMINATE
3sat_166.cnf,one_shot,One-shot,3,0,3,60.324456568145756,0.039758219610169926,60.283494761276245,60.37829420738221,INDETERMINATE
3sat_166.cnf,online_consistent_boundary400,Online-Consistent Selector,3,0,3,60.381979406733194,0.03489373372773617,60.335902184173584,60.42031593130493,INDETERMINATE
3sat_167.cnf,local_reopen_guarded,+ Local Boundary Correction,3,3,0,13.214422867314658,0.0274091231960305,13.183221924301147,13.249942322677612,SATISFIABLE
3sat_167.cnf,one_shot,One-shot,3,3,0,13.03805656814575,0.0008119689361187742,13.037094761276244,13.039080735778809,SATISFIABLE
3sat_167.cnf,online_consistent_boundary400,Online-Consistent Selector,3,3,0,13.171099406733193,0.11982046103249712,13.014546184173582,13.305534104721067,SATISFIABLE
3sat_168.cnf,local_reopen_guarded,+ Local Boundary Correction,3,0,3,60.36696320064798,0.00866244343192533,60.355944322677615,60.37710892430115,INDETERMINATE
3sat_168.cnf,one_shot,One-shot,3,0,3,60.32235656814576,0.03377907178187079,60.291194761276245,60.36929420738221,INDETERMINATE
3sat_168.cnf,online_consistent_boundary400,Online-Consistent Selector,3,0,3,60.38570207339986,0.03010293255580687,60.34550318417358,60.41793893130493,INDETERMINATE
3sat_169.cnf,local_reopen_guarded,+ Local Boundary Correction,3,0,3,60.360600867314666,0.013760036498415654,60.341179354965206,60.37136592430115,INDETERMINATE
3sat_169.cnf,one_shot,One-shot,3,0,3,60.32522323481242,0.03574982046005769,60.29309476127624,60.375094207382205,INDETERMINATE
3sat_169.cnf,online_consistent_boundary400,Online-Consistent Selector,3,0,3,60.37795174006653,0.03606671310396311,60.33400118417359,60.42234293130493,INDETERMINATE
3sat_17.cnf,local_reopen_guarded,+ Local Boundary Correction,3,0,3,60.34859953398132,0.011515208086949688,60.336939322677615,60.36427492430114,INDETERMINATE
3sat_17.cnf,one_shot,One-shot,3,0,3,60.32302323481242,0.030219350412800453,60.29069476127624,60.3633942073822,INDETERMINATE
3sat_17.cnf,online_consistent_boundary400,Online-Consistent Selector,3,0,3,60.39156240673319,0.02870999202171268,60.35557818417359,60.42584093130493,INDETERMINATE
3sat_170.cnf,local_reopen_guarded,+ Local Boundary Correction,3,0,3,60.3843769699351,0.014654169114198,60.36785554992676,60.40347276274109,INDETERMINATE
3sat_170.cnf,one_shot,One-shot,3,0,3,60.301292094802854,0.010147839041420617,60.2901357749939,60.314688205337525,INDETERMINATE
3sat_170.cnf,online_consistent_boundary400,Online-Consistent Selector,3,0,3,60.383969617533374,0.0119702970999563,60.36759292004395,60.39587076219178,INDETERMINATE
3sat_171.cnf,local_reopen_guarded,+ Local Boundary Correction,3,0,3,60.37802263660177,0.021151833621926474,60.35249654992676,60.40429176274109,INDETERMINATE
3sat_171.cnf,one_shot,One-shot,3,0,3,60.29095876146952,0.004292784829080775,60.2853357749939,60.29575230407715,INDETERMINATE
3sat_171.cnf,online_consistent_boundary400,Online-Consistent Selector,3,0,3,60.38633561753337,0.008919368113068277,60.37836092004394,60.398786762191776,INDETERMINATE
3sat_172.cnf,local_reopen_guarded,+ Local Boundary Correction,3,0,3,60.38931730326843,0.0067790590528855315,60.37986854992676,60.39544676274109,INDETERMINATE
3sat_172.cnf,one_shot,One-shot,3,0,3,60.299592094802854,0.004897134324228784,60.2928357749939,60.30428820533752,INDETERMINATE
3sat_172.cnf,online_consistent_boundary400,Online-Consistent Selector,3,0,3,60.37874528420004,0.01606623901510118,60.35659392004395,60.394199762191775,INDETERMINATE
3sat_173.cnf,local_reopen_guarded,+ Local Boundary Correction,3,0,3,60.38626863660176,0.005545411610270153,60.38109554992676,60.39395976274109,INDETERMINATE
3sat_173.cnf,one_shot,One-shot,3,0,3,60.287592094802854,0.010840583570777815,60.273652304077146,60.30008820533752,INDETERMINATE
3sat_173.cnf,online_consistent_boundary400,Online-Consistent Selector,3,0,3,60.38194728420003,0.005421920625437926,60.37799292004394,60.38961376219177,INDETERMINATE
3sat_174.cnf,local_reopen_guarded,+ Local Boundary Correction,3,0,3,60.3856829699351,0.005248550435212145,60.37979276274109,60.39253959713745,INDETERMINATE
3sat_174.cnf,one_shot,One-shot,3,0,3,60.29445876146952,0.01687950001884047,60.2746357749939,60.31588820533752,INDETERMINATE
3sat_174.cnf,online_consistent_boundary400,Online-Consistent Selector,3,0,3,60.37084461753337,0.01091954954188173,60.35877192004394,60.385220170364384,INDETERMINATE
3sat_175.cnf,local_reopen_guarded,+ Local Boundary Correction,3,0,3,60.37560063660177,0.004234541425701922,60.37130654992677,60.381362597137446,INDETERMINATE
3sat_175.cnf,one_shot,One-shot,3,0,3,60.295225428136185,0.001585061938191498,60.29305230407715,60.29678820533753,INDETERMINATE
3sat_175.cnf,online_consistent_boundary400,Online-Consistent Selector,3,0,3,60.35044228420003,0.014310009990480568,60.33439476219177,60.36914417036438,INDETERMINATE
3sat_176.cnf,local_reopen_guarded,+ Local Boundary Correction,3,3,0,1.8708546366017658,0.014013433937719637,1.851761597137451,1.8850007627410887,SATISFIABLE
3sat_176.cnf,one_shot,One-shot,3,3,0,1.7728287614695233,0.025522049524941567,1.7367757749938966,1.7923382053375243,SATISFIABLE
3sat_176.cnf,online_consistent_boundary400,Online-Consistent Selector,3,3,0,1.8518212842000326,0.06761982581664783,1.7563419200439454,1.90419017036438,SATISFIABLE
3sat_177.cnf,local_reopen_guarded,+ Local Boundary Correction,3,0,3,60.378646636601765,0.023958135301079295,60.34663154992676,60.404259597137454,INDETERMINATE
3sat_177.cnf,one_shot,One-shot,3,0,3,60.29752542813619,0.010147512387610686,60.28445230407715,60.30918820533753,INDETERMINATE
3sat_177.cnf,online_consistent_boundary400,Online-Consistent Selector,3,0,3,60.3845029508667,0.01727202328282873,60.36847492004394,60.408479762191774,INDETERMINATE
3sat_178.cnf,local_reopen_guarded,+ Local Boundary Correction,3,0,3,60.37965430326843,0.018971699946818566,60.35513854992676,60.40135259713745,INDETERMINATE
3sat_178.cnf,one_shot,One-shot,3,0,3,60.29312542813619,0.00908686117687859,60.28053577499389,60.30165230407715,INDETERMINATE
3sat_178.cnf,online_consistent_boundary400,Online-Consistent Selector,3,0,3,60.3787639508667,0.004342166624636416,60.37266592004394,60.38243917036438,INDETERMINATE
3sat_179.cnf,local_reopen_guarded,+ Local Boundary Correction,3,0,3,60.387428969935094,0.015128316281764795,60.36627254992676,60.400764597137446,INDETERMINATE
3sat_179.cnf,one_shot,One-shot,3,0,3,60.30369209480286,0.011570698077441781,60.2873357749939,60.31228820533752,INDETERMINATE
3sat_179.cnf,online_consistent_boundary400,Online-Consistent Selector,3,0,3,60.37832961753336,0.008074951547875941,60.366931920043946,60.38464217036438,INDETERMINATE
3sat_18.cnf,local_reopen_guarded,+ Local Boundary Correction,3,0,3,60.36156223072815,0.017812603500468684,60.34057429142761,60.384121152435306,INDETERMINATE
3sat_18.cnf,one_shot,One-shot,3,0,3,60.28919948921203,0.018763204502855943,60.27098722229004,60.31501854476929,INDETERMINATE
3sat_18.cnf,online_consistent_boundary400,Online-Consistent Selector,3,0,3,60.35579740267945,0.028854319498552817,60.31600026416016,60.38350612269592,INDETERMINATE
3sat_180.cnf,local_reopen_guarded,+ Local Boundary Correction,3,3,0,17.107355897394815,0.11877908893783319,16.975372152435302,17.263336248321533,SATISFIABLE
3sat_180.cnf,one_shot,One-shot,3,3,0,16.769466155878703,0.05502468183914655,16.693392700576783,16.821687222290038,SATISFIABLE
3sat_180.cnf,online_consistent_boundary400,Online-Consistent Selector,3,3,0,16.63885906934611,0.3326147502968774,16.16847482118225,16.875740122695923,SATISFIABLE
3sat_181.cnf,local_reopen_guarded,+ Local Boundary Correction,3,3,0,2.2506832307281495,0.01853663441189685,2.2366602914276124,2.2768761524353027,SATISFIABLE
3sat_181.cnf,one_shot,One-shot,3,3,0,2.139876155878703,0.021166539141846637,2.109987222290039,2.156242700576782,SATISFIABLE
3sat_181.cnf,online_consistent_boundary400,Online-Consistent Selector,3,3,0,2.2896344026794435,0.02813203043280483,2.252791122695923,2.321057821182251,SATISFIABLE
3sat_182.cnf,local_reopen_guarded,+ Local Boundary Correction,3,0,3,60.36593823072815,0.029375839296934055,60.32679329142761,60.3975591524353,INDETERMINATE
3sat_182.cnf,one_shot,One-shot,3,0,3,60.28323282254538,0.023228378940409272,60.25739270057678,60.31371854476929,INDETERMINATE
3sat_182.cnf,online_consistent_boundary400,Online-Consistent Selector,3,0,3,60.36779073601278,0.02251525410181222,60.34403026416015,60.398028122695926,INDETERMINATE
3sat_183.cnf,local_reopen_guarded,+ Local Boundary Correction,3,0,3,60.34062056406148,0.02516989897067117,60.30564529142761,60.363838248321535,INDETERMINATE
3sat_183.cnf,one_shot,One-shot,3,0,3,60.2884661558787,0.007460147105711157,60.27839270057678,60.29621854476929,INDETERMINATE
3sat_183.cnf,online_consistent_boundary400,Online-Consistent Selector,3,0,3,60.353704069346115,0.034718368390782045,60.31624926416016,60.399925122695926,INDETERMINATE
3sat_184.cnf,local_reopen_guarded,+ Local Boundary Correction,3,0,3,60.377030230728145,0.019611504625166067,60.34948829142761,60.39362924832153,INDETERMINATE
3sat_184.cnf,one_shot,One-shot,3,0,3,60.29219948921204,0.00936848618353305,60.28199270057678,60.30461854476929,INDETERMINATE
3sat_184.cnf,online_consistent_boundary400,Online-Consistent Selector,3,0,3,60.38084606934611,0.035031690631662685,60.33213526416016,60.41302912269592,INDETERMINATE
3sat_185.cnf,local_reopen_guarded,+ Local Boundary Correction,3,0,3,60.36604423072814,0.024185722074585175,60.338959291427614,60.3976761524353,INDETERMINATE
3sat_185.cnf,one_shot,One-shot,3,0,3,60.28769948921204,0.007789333041312961,60.27939270057679,60.29811854476929,INDETERMINATE
3sat_185.cnf,online_consistent_boundary400,Online-Consistent Selector,3,0,3,60.37136640267945,0.034716801914873176,60.32345426416016,60.40460712269593,INDETERMINATE
3sat_186.cnf,local_reopen_guarded,+ Local Boundary Correction,3,0,3,60.37564089739482,0.0186241809593963,60.351527291427615,60.39687324832153,INDETERMINATE
3sat_186.cnf,one_shot,One-shot,3,0,3,60.280799489212036,0.011584670221550785,60.26939270057678,60.29668722229004,INDETERMINATE
3sat_186.cnf,online_consistent_boundary400,Online-Consistent Selector,3,0,3,60.37092406934611,0.04153761556564868,60.31405826416015,60.41211512269592,INDETERMINATE
3sat_187.cnf,local_reopen_guarded,+ Local Boundary Correction,3,0,3,60.36478889739482,0.026278957204945646,60.32791929142761,60.38726715243531,INDETERMINATE
3sat_187.cnf,one_shot,One-shot,3,0,3,60.287666155878696,0.010556339699899159,60.27508722229004,60.30091854476929,INDETERMINATE
3sat_187.cnf,online_consistent_boundary400,Online-Consistent Selector,3,0,3,60.37276073601277,0.023359148800917905,60.34146326416016,60.39756512269592,INDETERMINATE
3sat_188.cnf,local_reopen_guarded,+ Local Boundary Correction,3,3,0,32.05808789739482,0.38555936860178536,31.535705152435305,32.45463524832154,SATISFIABLE
3sat_188.cnf,one_shot,One-shot,3,0,3,60.28013282254537,0.019845271104485574,60.254092700576784,60.30221854476929,INDETERMINATE
3sat_188.cnf,online_consistent_boundary400,Online-Consistent Selector,3,0,3,60.372229402679444,0.041540903617773794,60.31350026416016,60.40287312269593,INDETERMINATE
3sat_189.cnf,local_reopen_guarded,+ Local Boundary Correction,3,3,0,17.383239914942422,0.1833477572312025,17.18031777835083,17.624492095199585,SATISFIABLE
3sat_189.cnf,one_shot,One-shot,3,0,3,60.30629530563355,0.021854465232036675,60.27706027832031,60.32959679069519,INDETERMINATE
3sat_189.cnf,online_consistent_boundary400,Online-Consistent Selector,3,3,0,17.212855800079343,0.12907901271939645,17.11614037750244,17.395290662902834,SATISFIABLE
3sat_19.cnf,local_reopen_guarded,+ Local Boundary Correction,3,3,0,1.4906209149424237,0.05159172548957788,1.438940095199585,1.56106377835083,SATISFIABLE
3sat_19.cnf,one_shot,One-shot,3,3,0,3.9664519723002125,0.05387416068656482,3.8970167906951914,4.028330278320313,SATISFIABLE
3sat_19.cnf,online_consistent_boundary400,Online-Consistent Selector,3,3,0,1.4399948000793457,0.023506352194883853,1.4085783775024414,1.4651146629028322,SATISFIABLE
3sat_190.cnf,local_reopen_guarded,+ Local Boundary Correction,3,3,0,0.4491985816090902,0.05183579258382605,0.3940890951995849,0.5186177783508301,SATISFIABLE
3sat_190.cnf,one_shot,One-shot,3,3,0,0.34998197230021155,0.015549863430837495,0.3284142783203125,0.3644837906951904,SATISFIABLE
3sat_190.cnf,online_consistent_boundary400,Online-Consistent Selector,3,3,0,0.405887133412679,0.02338185745025357,0.3760263775024414,0.433118662902832,SATISFIABLE
3sat_191.cnf,local_reopen_guarded,+ Local Boundary Correction,3,0,3,60.39756958160908,0.05904401347165752,60.34839509519959,60.480600778350826,INDETERMINATE
3sat_191.cnf,one_shot,One-shot,3,0,3,60.29922863896687,0.009860214198409116,60.28836027832031,60.31222884788513,INDETERMINATE
3sat_191.cnf,online_consistent_boundary400,Online-Consistent Selector,3,0,3,60.36571413341269,0.034564442348954894,60.32684037750244,60.410815662902834,INDETERMINATE
3sat_192.cnf,local_reopen_guarded,+ Local Boundary Correction,3,0,3,60.418547248275765,0.048886279843590695,60.37331009519959,60.48644277835084,INDETERMINATE
3sat_192.cnf,one_shot,One-shot,3,0,3,60.29936197230021,0.031288649079841635,60.25556027832031,60.32669679069519,INDETERMINATE
3sat_192.cnf,online_consistent_boundary400,Online-Consistent Selector,3,0,3,60.37229480007935,0.02250691679765447,60.34256037750245,60.396997662902834,INDETERMINATE
3sat_193.cnf,local_reopen_guarded,+ Local Boundary Correction,3,0,3,60.418957581609085,0.05398337532385542,60.37062509519959,60.49430277835083,INDETERMINATE
3sat_193.cnf,one_shot,One-shot,3,0,3,60.2965619723002,0.01726891016725267,60.27236027832031,60.31149679069519,INDETERMINATE
3sat_193.cnf,online_consistent_boundary400,Online-Consistent Selector,3,0,3,60.367896800079336,0.02581507129030858,60.33475237750244,60.39772466290283,INDETERMINATE
3sat_194.cnf,local_reopen_guarded,+ Local Boundary Correction,3,0,3,60.40711124827576,0.05802757726620589,60.34117909519959,60.48239177835083,INDETERMINATE
3sat_194.cnf,one_shot,One-shot,3,0,3,60.29426197230021,0.022276413746907503,60.26296027832032,60.31299679069519,INDETERMINATE
3sat_194.cnf,online_consistent_boundary400,Online-Consistent Selector,3,0,3,60.37049013341268,0.020608933204900478,60.34318337750244,60.39296666290283,INDETERMINATE
3sat_195.cnf,local_reopen_guarded,+ Local Boundary Correction,3,0,3,60.41236124827575,0.0470280296578695,60.36380709519959,60.475999778350825,INDETERMINATE
3sat_195.cnf,one_shot,One-shot,3,0,3,60.29656197230022,0.024649206677382414,60.26176027832031,60.31569679069519,INDETERMINATE
3sat_195.cnf,online_consistent_boundary400,Online-Consistent Selector,3,0,3,60.364054800079344,0.02806879122066445,60.32550637750244,60.39153266290283,INDETERMINATE
3sat_196.cnf,local_reopen_guarded,+ Local Boundary Correction,3,3,0,11.784888914942423,0.21867348011953228,11.53638377835083,12.068549871276856,SATISFIABLE
3sat_196.cnf,one_shot,One-shot,3,3,0,31.41662863896688,0.22319540594335846,31.11459679069519,31.647060278320318,SATISFIABLE
3sat_196.cnf,online_consistent_boundary400,Online-Consistent Selector,3,3,0,31.19757446674601,0.34547412989984994,30.73061837750244,31.55552166290283,SATISFIABLE
3sat_197.cnf,local_reopen_guarded,+ Local Boundary Correction,3,0,3,60.40535058160909,0.05601790866050481,60.35765709519959,60.48397877835083,INDETERMINATE
3sat_197.cnf,one_shot,One-shot,3,0,3,60.29659530563354,0.019155201056720094,60.27096027832031,60.31699679069519,INDETERMINATE
3sat_197.cnf,online_consistent_boundary400,Online-Consistent Selector,3,0,3,60.36591113341268,0.03134737228264425,60.32158837750245,60.38885135983276,INDETERMINATE
3sat_198.cnf,local_reopen_guarded,+ Local Boundary Correction,3,0,3,60.36579863247681,0.01937184826654691,60.345103725463865,60.39169257676697,INDETERMINATE
3sat_198.cnf,one_shot,One-shot,3,0,3,60.303374243545534,0.017540745130620268,60.28781855354309,60.3278862449646,INDETERMINATE
3sat_198.cnf,online_consistent_boundary400,Online-Consistent Selector,3,0,3,60.35029644509379,0.0050859706605376875,60.344566832519526,60.35692679266358,INDETERMINATE
3sat_199.cnf,local_reopen_guarded,+ Local Boundary Correction,3,0,3,60.36996596581014,0.019502114482266655,60.34574972546386,60.39350557676697,INDETERMINATE
3sat_199.cnf,one_shot,One-shot,3,0,3,60.309107576878866,0.02051327190550978,60.28691855354309,60.3363862449646,INDETERMINATE
3sat_199.cnf,online_consistent_boundary400,Online-Consistent Selector,3,0,3,60.36038911176045,0.009340215229565602,60.35170083251953,60.373349792663575,INDETERMINATE
3sat_2.cnf,local_reopen_guarded,+ Local Boundary Correction,3,0,3,60.34454263247681,0.016063043761638203,60.32742657676697,60.366035595199584,INDETERMINATE
3sat_2.cnf,one_shot,One-shot,3,0,3,60.31170757687886,0.012511977807419791,60.3022179321289,60.3293862449646,INDETERMINATE
3sat_2.cnf,online_consistent_boundary400,Online-Consistent Selector,3,0,3,60.35251477842712,0.01765942828100594,60.333916832519535,60.37624879266357,INDETERMINATE
3sat_20.cnf,local_reopen_guarded,+ Local Boundary Correction,3,3,0,12.760957299143476,0.2088669659111557,12.511429725463866,13.022615595199586,SATISFIABLE
3sat_20.cnf,one_shot,One-shot,3,3,0,12.546040910212199,0.13730072564363102,12.3585862449646,12.683617932128906,SATISFIABLE
3sat_20.cnf,online_consistent_boundary400,Online-Consistent Selector,3,3,0,12.580373445093791,0.2718255658451956,12.300724832519531,12.948629792663574,SATISFIABLE
3sat_21.cnf,local_reopen_guarded,+ Local Boundary Correction,3,0,3,60.367737965810136,0.014345219887778192,60.35126559519959,60.38622957676697,INDETERMINATE
3sat_21.cnf,one_shot,One-shot,3,0,3,60.31450757687887,0.021148275259163855,60.298417932128906,60.3443862449646,INDETERMINATE
3sat_21.cnf,online_consistent_boundary400,Online-Consistent Selector,3,0,3,60.351997111760454,0.009284557616622734,60.33924171009827,60.36107283251953,INDETERMINATE
3sat_22.cnf,local_reopen_guarded,+ Local Boundary Correction,3,3,0,1.7729992991434733,0.033379169405448404,1.726139725463867,1.8013675767669677,SATISFIABLE
3sat_22.cnf,one_shot,One-shot,3,3,0,1.6353609102121986,0.007343129897891496,1.6259779321289063,1.6439062449645996,SATISFIABLE
3sat_22.cnf,online_consistent_boundary400,Online-Consistent Selector,3,3,0,1.7375541117604574,0.02061480852830951,1.7165258325195314,1.7655557926635743,SATISFIABLE
3sat_23.cnf,local_reopen_guarded,+ Local Boundary Correction,3,0,3,60.36392829914348,0.00971907974095269,60.35142772546387,60.37512757676697,INDETERMINATE
3sat_23.cnf,one_shot,One-shot,3,0,3,60.31830757687887,0.015924300462328945,60.30431855354309,60.3405862449646,INDETERMINATE
3sat_23.cnf,online_consistent_boundary400,Online-Consistent Selector,3,0,3,60.356312445093785,0.00905514320570049,60.34964983251953,60.36911479266357,INDETERMINATE
3sat_24.cnf,local_reopen_guarded,+ Local Boundary Correction,3,3,0,4.525015632476807,0.032972482063794335,4.478412595199584,4.549693576766968,SATISFIABLE
3sat_24.cnf,one_shot,One-shot,3,3,0,4.448454243545533,0.043858967163180225,4.387027932128906,4.4866185535430905,SATISFIABLE
3sat_24.cnf,online_consistent_boundary400,Online-Consistent Selector,3,3,0,4.427661445093791,0.08071662439354915,4.322635792663574,4.518903710098267,SATISFIABLE
3sat_25.cnf,local_reopen_guarded,+ Local Boundary Correction,3,3,0,1.55754396581014,0.03489974892897159,1.5149027254638672,1.6003885767669677,SATISFIABLE
3sat_25.cnf,one_shot,One-shot,3,3,0,1.4831242435455323,0.02792433802659459,1.4595979321289063,1.5223562449645995,SATISFIABLE
3sat_25.cnf,online_consistent_boundary400,Online-Consistent Selector,3,3,0,1.5176741117604575,0.025337596041074082,1.4910488325195312,1.5517547926635742,SATISFIABLE
3sat_26.cnf,local_reopen_guarded,+ Local Boundary Correction,3,0,3,60.36206129914348,0.022506245862379242,60.330235725463865,60.37835657676697,INDETERMINATE
3sat_26.cnf,one_shot,One-shot,3,0,3,60.318440910212196,0.016291797202955042,60.30161855354309,60.3404862449646,INDETERMINATE
3sat_26.cnf,online_consistent_boundary400,Online-Consistent Selector,3,0,3,60.35010744509379,0.012305428125003747,60.33946983251953,60.36735379266357,INDETERMINATE
3sat_27.cnf,local_reopen_guarded,+ Local Boundary Correction,3,3,0,0.5797798414611817,0.018536463677234622,0.5544230438385009,0.5982180440216065,SATISFIABLE
3sat_27.cnf,one_shot,One-shot,3,3,0,0.5032348788096109,0.01786935650878373,0.4842704361267089,0.5271819986419678,SATISFIABLE
3sat_27.cnf,online_consistent_boundary400,Online-Consistent Selector,3,3,0,0.5763998002878825,0.022902788017073593,0.5528612134399414,0.6074371435699463,SATISFIABLE
3sat_28.cnf,local_reopen_guarded,+ Local Boundary Correction,3,0,3,60.36272884146118,0.026817919721178297,60.325074043838505,60.3854790440216,INDETERMINATE
3sat_28.cnf,one_shot,One-shot,3,0,3,60.27658554547628,0.02957257724187032,60.23746343612671,60.30894899864197,INDETERMINATE
3sat_28.cnf,online_consistent_boundary400,Online-Consistent Selector,3,0,3,60.37455780028788,0.020484565436222773,60.35191421343995,60.40152814356995,INDETERMINATE
3sat_29.cnf,local_reopen_guarded,+ Local Boundary Correction,3,0,3,60.35958650812785,0.018948377174934108,60.3327900438385,60.37313843652344,INDETERMINATE
3sat_29.cnf,one_shot,One-shot,3,0,3,60.282552212142946,0.03380189344742913,60.24156343612671,60.324348998641966,INDETERMINATE
3sat_29.cnf,online_consistent_boundary400,Online-Consistent Selector,3,0,3,60.36445180028789,0.010145096561831546,60.35040421343994,60.374002143569946,INDETERMINATE
3sat_3.cnf,local_reopen_guarded,+ Local Boundary Correction,3,0,3,60.360142841461176,0.030775106418838627,60.3265340438385,60.4008950440216,INDETERMINATE
3sat_3.cnf,one_shot,One-shot,3,0,3,60.28208554547627,0.017665802490136,60.26546343612671,60.306548998641965,INDETERMINATE
3sat_3.cnf,online_consistent_boundary400,Online-Consistent Selector,3,0,3,60.37289013362122,0.0158416846871271,60.35547321343994,60.39380214356994,INDETERMINATE
3sat_30.cnf,local_reopen_guarded,+ Local Boundary Correction,3,0,3,60.36765450812785,0.020160554488247225,60.3396280438385,60.3862020440216,INDETERMINATE
3sat_30.cnf,one_shot,One-shot,3,0,3,60.28671887880961,0.0291143067077164,60.25436343612671,60.324948998641965,INDETERMINATE
3sat_30.cnf,online_consistent_boundary400,Online-Consistent Selector,3,0,3,60.36841780028789,0.014537784641436798,60.35730421343994,60.38895414356995,INDETERMINATE
3sat_31.cnf,local_reopen_guarded,+ Local Boundary Correction,3,0,3,60.334888174794514,0.035199322320470974,60.30834443652344,60.38463004402161,INDETERMINATE
3sat_31.cnf,one_shot,One-shot,3,0,3,60.29265221214295,0.0265828856625046,60.26246343612671,60.32714899864197,INDETERMINATE
3sat_31.cnf,online_consistent_boundary400,Online-Consistent Selector,3,0,3,60.35983480028788,0.020730051166216536,60.33376821343994,60.38448714356995,INDETERMINATE
3sat_32.cnf,local_reopen_guarded,+ Local Boundary Correction,3,0,3,60.360478174794515,0.023864465012257724,60.3407700438385,60.3940590440216,INDETERMINATE
3sat_32.cnf,one_shot,One-shot,3,0,3,60.28661887880961,0.025018951402479655,60.25366343612671,60.314248998641965,INDETERMINATE
3sat_32.cnf,online_consistent_boundary400,Online-Consistent Selector,3,0,3,60.35219280028789,0.018658648096256107,60.328407213439945,60.373980143569945,INDETERMINATE
3sat_33.cnf,local_reopen_guarded,+ Local Boundary Correction,3,0,3,60.36326817479452,0.022666228145194298,60.3359330438385,60.391435044021605,INDETERMINATE
3sat_33.cnf,one_shot,One-shot,3,0,3,60.28378554547627,0.026773606012759625,60.25726343612671,60.320448998641965,INDETERMINATE
3sat_33.cnf,online_consistent_boundary400,Online-Consistent Selector,3,0,3,60.35753880028788,0.022238459006441356,60.32780021343994,60.38127014356995,INDETERMINATE
3sat_34.cnf,local_reopen_guarded,+ Local Boundary Correction,3,0,3,60.36658217479451,0.01602456144262136,60.3442100438385,60.380898044021606,INDETERMINATE
3sat_34.cnf,one_shot,One-shot,3,0,3,60.284718878809606,0.020207234609803226,60.25966343612671,60.309148998641966,INDETERMINATE
3sat_34.cnf,online_consistent_boundary400,Online-Consistent Selector,3,0,3,60.36316746695454,0.01285388070230187,60.34962221343994,60.38043904385376,INDETERMINATE
3sat_35.cnf,local_reopen_guarded,+ Local Boundary Correction,3,0,3,60.35607450812785,0.028540802492202776,60.3177380438385,60.3861790440216,INDETERMINATE
3sat_35.cnf,one_shot,One-shot,3,0,3,60.280685545476274,0.014479381041007084,60.26616343612671,60.30044899864197,INDETERMINATE
3sat_35.cnf,online_consistent_boundary400,Online-Consistent Selector,3,0,3,60.363542133621216,0.004130397913142572,60.35886804385376,60.36891314356995,INDETERMINATE
3sat_36.cnf,local_reopen_guarded,+ Local Boundary Correction,3,0,3,60.3706198319397,0.0063334584424373005,60.36593615397644,60.37957350987244,INDETERMINATE
3sat_36.cnf,one_shot,One-shot,3,0,3,60.279559475708005,0.018546869640765486,60.26200327301025,60.30521402130127,INDETERMINATE
3sat_36.cnf,online_consistent_boundary400,Online-Consistent Selector,3,0,3,60.429512250478105,0.07773299987716384,60.35638705055237,60.53716041688537,INDETERMINATE
3sat_37.cnf,local_reopen_guarded,+ Local Boundary Correction,3,0,3,60.3744388319397,0.019808764945347026,60.34643083197022,60.388937509872434,INDETERMINATE
3sat_37.cnf,one_shot,One-shot,3,0,3,60.27245947570801,0.013568586619250022,60.25780327301025,60.29051402130127,INDETERMINATE
3sat_37.cnf,online_consistent_boundary400,Online-Consistent Selector,3,0,3,60.42164458381145,0.0850556484112299,60.35883428399658,60.54189141688538,INDETERMINATE
3sat_38.cnf,local_reopen_guarded,+ Local Boundary Correction,3,0,3,60.372401498606365,0.007354370829023122,60.36217983197022,60.379176153976445,INDETERMINATE
3sat_38.cnf,one_shot,One-shot,3,0,3,60.27319280904134,0.016437090055571733,60.2606611328125,60.29641402130127,INDETERMINATE
3sat_38.cnf,online_consistent_boundary400,Online-Consistent Selector,3,0,3,60.427546917144774,0.06992287115673423,60.37302405055237,60.52625241688538,INDETERMINATE
3sat_39.cnf,local_reopen_guarded,+ Local Boundary Correction,3,0,3,60.37145449860636,0.012401899070620231,60.35697483197022,60.38726550987244,INDETERMINATE
3sat_39.cnf,one_shot,One-shot,3,0,3,60.27242614237468,0.012557934283601265,60.2599611328125,60.28961402130127,INDETERMINATE
3sat_39.cnf,online_consistent_boundary400,Online-Consistent Selector,3,0,3,60.42417791714477,0.08963019413496694,60.34302605055237,60.54908141688537,INDETERMINATE
3sat_4.cnf,local_reopen_guarded,+ Local Boundary Correction,3,0,3,60.37936583193971,0.028581660296569826,60.34255383197022,60.41222950987244,INDETERMINATE
3sat_4.cnf,one_shot,One-shot,3,0,3,60.268359475708,0.012297802495789332,60.25730327301025,60.28551402130127,INDETERMINATE
3sat_4.cnf,online_consistent_boundary400,Online-Consistent Selector,3,0,3,60.42081158381145,0.08506134853174638,60.35642428399658,60.54100441688538,INDETERMINATE
3sat_40.cnf,local_reopen_guarded,+ Local Boundary Correction,3,0,3,60.373919831939695,0.010355592481491862,60.36029583197021,60.38538450987243,INDETERMINATE
3sat_40.cnf,one_shot,One-shot,3,0,3,60.27235947570801,0.01458722415117344,60.2605611328125,60.29291402130127,INDETERMINATE
3sat_40.cnf,online_consistent_boundary400,Online-Consistent Selector,3,0,3,60.42703691714477,0.06978126975112107,60.36564005055237,60.52464541688538,INDETERMINATE
3sat_41.cnf,local_reopen_guarded,+ Local Boundary Correction,3,0,3,60.376873165273025,0.006000393249479133,60.368433831970215,60.38186115397644,INDETERMINATE
3sat_41.cnf,one_shot,One-shot,3,0,3,60.276426142374675,0.016175954828028142,60.25690327301025,60.29651402130127,INDETERMINATE
3sat_41.cnf,online_consistent_boundary400,Online-Consistent Selector,3,0,3,60.42121758381145,0.08392570303343742,60.33774905055237,60.536027416885375,INDETERMINATE
3sat_42.cnf,local_reopen_guarded,+ Local Boundary Correction,3,0,3,60.36621483193969,0.011538557643074246,60.35267283197021,60.38087050987244,INDETERMINATE
3sat_42.cnf,one_shot,One-shot,3,0,3,60.27399280904134,0.017930314143200815,60.2601611328125,60.29931402130127,INDETERMINATE
3sat_42.cnf,online_consistent_boundary400,Online-Consistent Selector,3,0,3,60.411534250478105,0.08221587243537938,60.34446605055237,60.52732141688538,INDETERMINATE
3sat_43.cnf,local_reopen_guarded,+ Local Boundary Correction,3,0,3,60.37721249860636,0.02583980094283573,60.342558831970216,60.40458350987244,INDETERMINATE
3sat_43.cnf,one_shot,One-shot,3,0,3,60.27819280904134,0.009842774200910951,60.26930327301025,60.29191402130127,INDETERMINATE
3sat_43.cnf,online_consistent_boundary400,Online-Consistent Selector,3,0,3,60.43202525047811,0.08326342641006407,60.36552005055237,60.549432416885374,INDETERMINATE
3sat_44.cnf,local_reopen_guarded,+ Local Boundary Correction,3,0,3,60.364216165273035,0.01874599015895186,60.338213831970215,60.38169250987244,INDETERMINATE
3sat_44.cnf,one_shot,One-shot,3,0,3,60.28429280904135,0.012603160898077653,60.27170327301025,60.30151402130127,INDETERMINATE
3sat_44.cnf,online_consistent_boundary400,Online-Consistent Selector,3,0,3,60.43096025047811,0.08067802670078235,60.37012405055237,60.54497041688538,INDETERMINATE
3sat_45.cnf,local_reopen_guarded,+ Local Boundary Correction,3,0,3,60.35778167890422,0.010911369740573752,60.34252808673096,60.36742910083008,INDETERMINATE
3sat_45.cnf,one_shot,One-shot,3,0,3,60.28296324373881,0.02501476271701419,60.262841486358646,60.3182222114563,INDETERMINATE
3sat_45.cnf,online_consistent_boundary400,Online-Consistent Selector,3,0,3,60.36989247463989,0.017135219031939215,60.35540630004883,60.39395925523377,INDETERMINATE
3sat_46.cnf,local_reopen_guarded,+ Local Boundary Correction,3,3,0,0.5936323455708822,0.01266360953076393,0.576043086730957,0.6053448491516114,SATISFIABLE
3sat_46.cnf,one_shot,One-shot,3,3,0,36.633996577072146,0.33941170788523345,36.21794148635864,37.04932603340149,SATISFIABLE
3sat_46.cnf,online_consistent_boundary400,Online-Consistent Selector,3,3,0,36.95359980797323,0.6636894360111409,36.02198925523376,37.51840930004883,SATISFIABLE
3sat_47.cnf,local_reopen_guarded,+ Local Boundary Correction,3,3,0,2.904465345570882,0.04816156721398918,2.859211086730957,2.971175849151612,SATISFIABLE
3sat_47.cnf,one_shot,One-shot,3,3,0,2.7998965770721433,0.06749564583195602,2.709161486358642,2.870932211456299,SATISFIABLE
3sat_47.cnf,online_consistent_boundary400,Online-Consistent Selector,3,3,0,2.938728807973226,0.14982014869793453,2.7968102552337646,3.145935868637085,SATISFIABLE
3sat_48.cnf,local_reopen_guarded,+ Local Boundary Correction,3,0,3,60.36643267890421,0.017311399107803143,60.34396208673096,60.38608410083008,INDETERMINATE
3sat_48.cnf,one_shot,One-shot,3,0,3,60.284729910405474,0.022884797632162508,60.25844148635864,60.3142222114563,INDETERMINATE
3sat_48.cnf,online_consistent_boundary400,Online-Consistent Selector,3,0,3,60.36370014130656,0.020974789801279894,60.34110886863708,60.39164325523377,INDETERMINATE
3sat_49.cnf,local_reopen_guarded,+ Local Boundary Correction,3,0,3,60.35878267890421,0.01706966973502799,60.33602708673096,60.37713884915161,INDETERMINATE
3sat_49.cnf,one_shot,One-shot,3,0,3,60.28299657707214,0.018229062399721902,60.26344148635864,60.3073222114563,INDETERMINATE
3sat_49.cnf,online_consistent_boundary400,Online-Consistent Selector,3,0,3,60.37258747463989,0.013751556536392557,60.36136986863709,60.39195425523376,INDETERMINATE
3sat_5.cnf,local_reopen_guarded,+ Local Boundary Correction,3,0,3,60.365196012237554,0.01596508496717492,60.34705608673096,60.385907849151614,INDETERMINATE
3sat_5.cnf,one_shot,One-shot,3,0,3,60.27166324373881,0.012899373287510549,60.255141486358646,60.2866222114563,INDETERMINATE
3sat_5.cnf,online_consistent_boundary400,Online-Consistent Selector,3,0,3,60.367615141306565,0.02521857047459697,60.34643630004883,60.40305525523377,INDETERMINATE
3sat_50.cnf,local_reopen_guarded,+ Local Boundary Correction,3,0,3,60.36424901223754,0.016172404409563634,60.34464608673096,60.38425410083008,INDETERMINATE
3sat_50.cnf,one_shot,One-shot,3,0,3,60.28102991040547,0.01597082065389416,60.26034148635864,60.299222211456296,INDETERMINATE
3sat_50.cnf,online_consistent_boundary400,Online-Consistent Selector,3,0,3,60.37742114130656,0.016167452447021786,60.35937730004883,60.39860425523376,INDETERMINATE
3sat_51.cnf,local_reopen_guarded,+ Local Boundary Correction,3,0,3,60.36324201223755,0.017698468392271016,60.33901608673096,60.38080310083008,INDETERMINATE
3sat_51.cnf,one_shot,One-shot,3,0,3,60.28649657707214,0.019649473616494592,60.26654148635864,60.3132222114563,INDETERMINATE
3sat_51.cnf,online_consistent_boundary400,Online-Consistent Selector,3,0,3,60.35835347463989,0.017100459138533305,60.33602930004883,60.377569255233766,INDETERMINATE
3sat_52.cnf,local_reopen_guarded,+ Local Boundary Correction,3,0,3,60.33607467890422,0.015735947301461557,60.31575110083008,60.35408784915161,INDETERMINATE
3sat_52.cnf,one_shot,One-shot,3,0,3,60.28209657707214,0.022453201595805723,60.26244148635864,60.3135222114563,INDETERMINATE
3sat_52.cnf,online_consistent_boundary400,Online-Consistent Selector,3,0,3,60.366825141306556,0.020595692168349722,60.346944300048825,60.39520025523376,INDETERMINATE
3sat_53.cnf,local_reopen_guarded,+ Local Boundary Correction,3,0,3,60.351289678904216,0.017015870478740147,60.32866108673096,60.36969410083008,INDETERMINATE
3sat_53.cnf,one_shot,One-shot,3,0,3,60.28092991040547,0.025164948890617073,60.247841486358645,60.308822211456295,INDETERMINATE
3sat_53.cnf,online_consistent_boundary400,Online-Consistent Selector,3,0,3,60.37584314130657,0.019362266424960316,60.352544300048834,60.399951255233766,INDETERMINATE
3sat_54.cnf,local_reopen_guarded,+ Local Boundary Correction,3,3,0,22.30608069256083,0.1853441820867092,22.045222885406496,22.45872675358581,SATISFIABLE
3sat_54.cnf,one_shot,One-shot,3,3,0,22.253769825998944,0.2580621920616888,21.98158260765076,22.60040970344544,SATISFIABLE
3sat_54.cnf,online_consistent_boundary400,Online-Consistent Selector,3,3,0,22.10059900448608,0.1004766896881319,22.0080764899292,22.24025745648193,SATISFIABLE
3sat_55.cnf,local_reopen_guarded,+ Local Boundary Correction,3,0,3,60.3776353592275,0.007152512400072513,60.367880438690186,60.38482988540649,INDETERMINATE
3sat_55.cnf,one_shot,One-shot,3,0,3,60.27543649266562,0.0013066463136107525,60.27371716690063,60.27688260765076,INDETERMINATE
3sat_55.cnf,online_consistent_boundary400,Online-Consistent Selector,3,0,3,60.39508167115275,0.01886616930556747,60.374825456481936,60.4202484899292,INDETERMINATE
3sat_56.cnf,local_reopen_guarded,+ Local Boundary Correction,3,0,3,60.386073025894156,0.017101534902522857,60.362879438690186,60.40360588540649,INDETERMINATE
3sat_56.cnf,one_shot,One-shot,3,0,3,60.28303649266561,0.008358322953222818,60.27601716690064,60.29478260765076,INDETERMINATE
3sat_56.cnf,online_consistent_boundary400,Online-Consistent Selector,3,0,3,60.36718000448608,0.030197683998268887,60.328606456481936,60.4023384899292,INDETERMINATE
3sat_57.cnf,local_reopen_guarded,+ Local Boundary Correction,3,0,3,60.38772969256083,0.01956876818892373,60.361275438690186,60.407994885406495,INDETERMINATE
3sat_57.cnf,one_shot,One-shot,3,0,3,60.273269825998945,0.008432879569501416,60.26191716690064,60.28210970344544,INDETERMINATE
3sat_57.cnf,online_consistent_boundary400,Online-Consistent Selector,3,0,3,60.38194667115275,0.033786954362385976,60.34395645648193,60.4260394899292,INDETERMINATE
3sat_58.cnf,local_reopen_guarded,+ Local Boundary Correction,3,0,3,60.39228869256083,0.012653238130086302,60.37633943869019,60.40728988540649,INDETERMINATE
3sat_58.cnf,one_shot,One-shot,3,0,3,60.278936492665615,0.011404792530661043,60.26840970344544,60.29478260765076,INDETERMINATE
3sat_58.cnf,online_consistent_boundary400,Online-Consistent Selector,3,0,3,60.38795000448608,0.022757340641489487,60.36278345648193,60.4179064899292,INDETERMINATE
3sat_59.cnf,local_reopen_guarded,+ Local Boundary Correction,3,0,3,60.372303359227494,0.007835094245117713,60.36312143869018,60.38226575358582,INDETERMINATE
3sat_59.cnf,one_shot,One-shot,3,0,3,60.27343649266561,0.008228489854579038,60.26190970344543,60.28058260765076,INDETERMINATE
3sat_59.cnf,online_consistent_boundary400,Online-Consistent Selector,3,0,3,60.38230533781942,0.015734585912486606,60.36717006704712,60.4039994899292,INDETERMINATE
3sat_6.cnf,local_reopen_guarded,+ Local Boundary Correction,3,0,3,60.37433669256083,0.03603197914716189,60.342402438690186,60.4246928854065,INDETERMINATE
3sat_6.cnf,one_shot,One-shot,3,0,3,60.279836492665616,0.013294939338962813,60.26121716690064,60.29140970344543,INDETERMINATE
3sat_6.cnf,online_consistent_boundary400,Online-Consistent Selector,3,0,3,60.37267233781942,0.020959051957099257,60.35315645648193,60.4017504899292,INDETERMINATE
3sat_60.cnf,local_reopen_guarded,+ Local Boundary Correction,3,0,3,60.3845043592275,0.01236657569710841,60.374955753585816,60.4019678854065,INDETERMINATE
3sat_60.cnf,one_shot,One-shot,3,0,3,60.28510315933227,0.008837423704600863,60.27330970344544,60.29458260765076,INDETERMINATE
3sat_60.cnf,online_consistent_boundary400,Online-Consistent Selector,3,0,3,60.37833033781942,0.03208992557009055,60.341991456481935,60.4200424899292,INDETERMINATE
3sat_61.cnf,local_reopen_guarded,+ Local Boundary Correction,3,0,3,60.37384102589416,0.02542801247667299,60.33793043869018,60.39343888540649,INDETERMINATE
3sat_61.cnf,one_shot,One-shot,3,0,3,60.27490315933227,0.006051375276861117,60.268282607650754,60.28290970344543,INDETERMINATE
3sat_61.cnf,online_consistent_boundary400,Online-Consistent Selector,3,0,3,60.375943671152754,0.02030868218221727,60.34778145648193,60.3949064899292,INDETERMINATE
3sat_62.cnf,local_reopen_guarded,+ Local Boundary Correction,3,0,3,60.370810025894166,0.017575574228798678,60.35479743869018,60.395279885406495,INDETERMINATE
3sat_62.cnf,one_shot,One-shot,3,0,3,60.27560315933227,0.007207339835769841,60.26881716690063,60.28558260765076,INDETERMINATE
3sat_62.cnf,online_consistent_boundary400,Online-Consistent Selector,3,0,3,60.39350533781942,0.02738735869487136,60.35816445648194,60.4249004899292,INDETERMINATE
3sat_63.cnf,local_reopen_guarded,+ Local Boundary Correction,3,3,0,5.581813855214437,0.13296296193196425,5.394151676116943,5.685935900543213,SATISFIABLE
3sat_63.cnf,one_shot,One-shot,3,3,0,5.268212139714559,0.09847543922764437,5.138031983261109,5.376150360794068,SATISFIABLE
3sat_63.cnf,online_consistent_boundary400,Online-Consistent Selector,3,3,0,5.521986461441039,0.10218170679375208,5.44928945904541,5.666492307220459,SATISFIABLE
3sat_64.cnf,local_reopen_guarded,+ Local Boundary Correction,3,0,3,60.39411618854778,0.022051909500742265,60.36933698898316,60.42290467611694,INDETERMINATE
3sat_64.cnf,one_shot,One-shot,3,0,3,60.28153213971456,0.023210136875278255,60.25728036079407,60.3128140750885,INDETERMINATE
3sat_64.cnf,online_consistent_boundary400,Online-Consistent Selector,3,0,3,60.35831779477437,0.012862693476115895,60.34022145904541,60.36896761805725,INDETERMINATE
3sat_65.cnf,local_reopen_guarded,+ Local Boundary Correction,3,3,0,0.38692052188110343,0.028891444842500915,0.3466669889831543,0.4131146761169433,SATISFIABLE
3sat_65.cnf,one_shot,One-shot,3,3,0,0.31383113971455895,0.02036871625560112,0.2899063607940674,0.339687075088501,SATISFIABLE
3sat_65.cnf,online_consistent_boundary400,Online-Consistent Selector,3,3,0,0.34949112810770666,0.02206344338277558,0.3242444590454101,0.3779936180572509,SATISFIABLE
3sat_66.cnf,local_reopen_guarded,+ Local Boundary Correction,3,0,3,60.39518518854777,0.031158843135085906,60.35252798898315,60.42608367611695,INDETERMINATE
3sat_66.cnf,one_shot,One-shot,3,0,3,60.27756547304789,0.01339421401383217,60.25888036079407,60.28960198326111,INDETERMINATE
3sat_66.cnf,online_consistent_boundary400,Online-Consistent Selector,3,0,3,60.36451979477437,0.03920318039364245,60.31942745904541,60.41500061805725,INDETERMINATE
3sat_67.cnf,local_reopen_guarded,+ Local Boundary Correction,3,0,3,60.409919188547775,0.0427810571986748,60.35075998898316,60.45047467611695,INDETERMINATE
3sat_67.cnf,one_shot,One-shot,3,0,3,60.28636547304789,0.01671113882477406,60.265880360794064,60.3068140750885,INDETERMINATE
3sat_67.cnf,online_consistent_boundary400,Online-Consistent Selector,3,0,3,60.37045246144104,0.02431089127074233,60.34911945904541,60.40446861805725,INDETERMINATE
3sat_68.cnf,local_reopen_guarded,+ Local Boundary Correction,3,0,3,60.41241552188111,0.03900192836331067,60.35731898898315,60.44220090054321,INDETERMINATE
3sat_68.cnf,one_shot,One-shot,3,0,3,60.28559880638122,0.021955858670523732,60.26228036079407,60.3150140750885,INDETERMINATE
3sat_68.cnf,online_consistent_boundary400,Online-Consistent Selector,3,0,3,60.36749712810771,0.022185138648360827,60.34115145904541,60.39542461805725,INDETERMINATE
3sat_69.cnf,local_reopen_guarded,+ Local Boundary Correction,3,0,3,60.40110885521443,0.04097148379778861,60.34381098898315,60.43722167611695,INDETERMINATE
3sat_69.cnf,one_shot,One-shot,3,0,3,60.28586547304789,0.021314702289372475,60.25768036079407,60.3092140750885,INDETERMINATE
3sat_69.cnf,online_consistent_boundary400,Online-Consistent Selector,3,0,3,60.36532046144104,0.017336949738545868,60.346279459045405,60.38821761805725,INDETERMINATE
3sat_7.cnf,local_reopen_guarded,+ Local Boundary Correction,3,0,3,60.3991565218811,0.024836392307445932,60.364553988983154,60.42167967611695,INDETERMINATE
3sat_7.cnf,one_shot,One-shot,3,0,3,60.29143213971455,0.022207086097145532,60.26188036079407,60.3154140750885,INDETERMINATE
3sat_7.cnf,online_consistent_boundary400,Online-Consistent Selector,3,0,3,60.36821179477437,0.025721623470392706,60.33622245904541,60.39920361805726,INDETERMINATE
3sat_70.cnf,local_reopen_guarded,+ Local Boundary Correction,3,3,0,0.4714845218811035,0.03205439089887532,0.4265199889831543,0.4989536761169433,SATISFIABLE
3sat_70.cnf,one_shot,One-shot,3,3,0,0.34927047304789216,0.021291827017827412,0.3228713607940673,0.3750130750885009,SATISFIABLE
3sat_70.cnf,online_consistent_boundary400,Online-Consistent Selector,3,3,0,0.4268707947743733,0.018865991328031868,0.4100054590454101,0.4532076180572509,SATISFIABLE
3sat_71.cnf,local_reopen_guarded,+ Local Boundary Correction,3,0,3,60.3909675218811,0.014437956313372085,60.37120198898315,60.40528590054321,INDETERMINATE
3sat_71.cnf,one_shot,One-shot,3,0,3,60.291732139714554,0.022294604105618572,60.26298036079407,60.3173140750885,INDETERMINATE
3sat_71.cnf,online_consistent_boundary400,Online-Consistent Selector,3,0,3,60.358804461441046,0.023171870405204464,60.32713045904541,60.38191961805725,INDETERMINATE
3sat_72.cnf,local_reopen_guarded,+ Local Boundary Correction,3,0,3,60.395134544331874,0.02151468215162174,60.3739820644989,60.42465152789307,INDETERMINATE
3sat_72.cnf,one_shot,One-shot,3,0,3,60.28829568951924,0.010279821839228495,60.27693458595276,60.30183156433105,INDETERMINATE
3sat_72.cnf,online_consistent_boundary400,Online-Consistent Selector,3,0,3,60.351663290206915,0.00695311662406525,60.341832763366696,60.35677680274964,INDETERMINATE
3sat_73.cnf,local_reopen_guarded,+ Local Boundary Correction,3,0,3,60.400552210998534,0.019403101520396475,60.38356504060364,60.42770852789307,INDETERMINATE
3sat_73.cnf,one_shot,One-shot,3,0,3,60.28039568951925,0.01564748355531224,60.265220918273926,60.301931564331056,INDETERMINATE
3sat_73.cnf,online_consistent_boundary400,Online-Consistent Selector,3,0,3,60.358048956873574,0.024331357257031307,60.3257507633667,60.38447630450439,INDETERMINATE
3sat_74.cnf,local_reopen_guarded,+ Local Boundary Correction,3,0,3,60.39828454433188,0.03063814657846903,60.37147906449891,60.44116852789307,INDETERMINATE
3sat_74.cnf,one_shot,One-shot,3,0,3,60.28819568951925,0.01752879187428454,60.26472091827392,60.306831564331056,INDETERMINATE
3sat_74.cnf,online_consistent_boundary400,Online-Consistent Selector,3,0,3,60.36169995687357,0.013628697952676025,60.34901230450439,60.380608802749634,INDETERMINATE
3sat_75.cnf,local_reopen_guarded,+ Local Boundary Correction,3,0,3,60.38053521099854,0.038525857509765234,60.3325850644989,60.42691452789307,INDETERMINATE
3sat_75.cnf,one_shot,One-shot,3,0,3,60.29296235618591,0.01627750618299862,60.27242091827392,60.31223156433106,INDETERMINATE
3sat_75.cnf,online_consistent_boundary400,Online-Consistent Selector,3,0,3,60.365143623540234,0.020074093792182092,60.3390787633667,60.38791880274963,INDETERMINATE
3sat_76.cnf,local_reopen_guarded,+ Local Boundary Correction,3,0,3,60.3914498776652,0.0260735612623003,60.362084040603634,60.42544552789307,INDETERMINATE
3sat_76.cnf,one_shot,One-shot,3,0,3,60.292562356185904,0.014802364213718062,60.27392091827392,60.31013156433105,INDETERMINATE
3sat_76.cnf,online_consistent_boundary400,Online-Consistent Selector,3,0,3,60.363715290206905,0.009138912855803335,60.35344576336669,60.37564580274963,INDETERMINATE
3sat_77.cnf,local_reopen_guarded,+ Local Boundary Correction,3,0,3,60.39009654433187,0.03445009864072998,60.3598120644989,60.43828952789307,INDETERMINATE
3sat_77.cnf,one_shot,One-shot,3,0,3,60.295795689519245,0.009006045890985812,60.28932091827392,60.308531564331055,INDETERMINATE
3sat_77.cnf,online_consistent_boundary400,Online-Consistent Selector,3,0,3,60.35086195687358,0.010758609724775499,60.3374953045044,60.36383980274963,INDETERMINATE
3sat_78.cnf,local_reopen_guarded,+ Local Boundary Correction,3,0,3,60.39112887766521,0.021651188828630014,60.37229604060364,60.42145352789307,INDETERMINATE
3sat_78.cnf,one_shot,One-shot,3,0,3,60.29362902285258,0.014998550085766256,60.27362091827393,60.30973156433105,INDETERMINATE
3sat_78.cnf,online_consistent_boundary400,Online-Consistent Selector,3,0,3,60.352489623540244,0.01521755016656623,60.3357467633667,60.37257080274964,INDETERMINATE
3sat_79.cnf,local_reopen_guarded,+ Local Boundary Correction,3,0,3,60.39246754433187,0.02795991644263359,60.35990504060364,60.42817552789307,INDETERMINATE
3sat_79.cnf,one_shot,One-shot,3,0,3,60.29406235618592,0.016697122555073895,60.27753458595276,60.31693156433106,INDETERMINATE
3sat_79.cnf,online_consistent_boundary400,Online-Consistent Selector,3,0,3,60.37148262354025,0.01170168892122772,60.3589217633667,60.38709380274964,INDETERMINATE
3sat_8.cnf,local_reopen_guarded,+ Local Boundary Correction,3,0,3,60.39755687766521,0.023754993523857987,60.37969504060364,60.431128527893065,INDETERMINATE
3sat_8.cnf,one_shot,One-shot,3,0,3,60.29092902285257,0.0189166712386415,60.26432091827392,60.30663458595276,INDETERMINATE
3sat_8.cnf,online_consistent_boundary400,Online-Consistent Selector,3,0,3,60.35501295687357,0.01233920305937349,60.3375627633667,60.36378230450439,INDETERMINATE
3sat_80.cnf,local_reopen_guarded,+ Local Boundary Correction,3,0,3,60.3944908776652,0.0351736574038285,60.35986004060364,60.44273052789306,INDETERMINATE
3sat_80.cnf,one_shot,One-shot,3,0,3,60.28356235618591,0.016732132101501207,60.26513458595276,60.30563156433105,INDETERMINATE
3sat_80.cnf,online_consistent_boundary400,Online-Consistent Selector,3,0,3,60.34787395687358,0.0012114120532998273,60.34634380274964,60.3493063045044,INDETERMINATE
3sat_81.cnf,local_reopen_guarded,+ Local Boundary Correction,3,0,3,60.36833749364217,0.010553707199800786,60.3600609248352,60.38323193489075,INDETERMINATE
3sat_81.cnf,one_shot,One-shot,3,0,3,60.281611064275104,0.014972699537290465,60.264206595611576,60.3007577205658,INDETERMINATE
3sat_81.cnf,online_consistent_boundary400,Online-Consistent Selector,3,0,3,60.36273873797099,0.009151049463258128,60.35264046415711,60.37479724067688,INDETERMINATE
3sat_82.cnf,local_reopen_guarded,+ Local Boundary Correction,3,3,0,25.837843493642172,0.3490190579013051,25.42073892483521,26.274954934890747,SATISFIABLE
3sat_82.cnf,one_shot,One-shot,3,3,0,25.54941106427511,0.38591112952175627,25.08610659561157,26.03086887664795,SATISFIABLE
3sat_82.cnf,online_consistent_boundary400,Online-Consistent Selector,3,3,0,25.229586071304322,0.4055686687054093,24.656152464157103,25.52675950907898,SATISFIABLE
3sat_83.cnf,local_reopen_guarded,+ Local Boundary Correction,3,0,3,60.36118249364217,0.009241252832899805,60.348543924835205,60.37038293489075,INDETERMINATE
3sat_83.cnf,one_shot,One-shot,3,0,3,60.290277730941774,0.022366027023608955,60.268906595611575,60.32115772056579,INDETERMINATE
3sat_83.cnf,online_consistent_boundary400,Online-Consistent Selector,3,0,3,60.370240404637656,0.021751568738017226,60.35008550907898,60.40044324067688,INDETERMINATE
3sat_84.cnf,local_reopen_guarded,+ Local Boundary Correction,3,0,3,60.377112493642166,0.007290135461818817,60.36905762120056,60.386712934890745,INDETERMINATE
3sat_84.cnf,one_shot,One-shot,3,0,3,60.282244397608444,0.025369580205763825,60.26006887664795,60.317757720565794,INDETERMINATE
3sat_84.cnf,online_consistent_boundary400,Online-Consistent Selector,3,0,3,60.37624973797099,0.013995696937349053,60.3564854641571,60.38705350907898,INDETERMINATE
3sat_85.cnf,local_reopen_guarded,+ Local Boundary Correction,3,3,0,1.1944598269755045,0.014579360226243308,1.1834506212005615,1.215061934890747,SATISFIABLE
3sat_85.cnf,one_shot,One-shot,3,0,3,60.28361106427511,0.016772218685522425,60.26790659561157,60.3068577205658,INDETERMINATE
3sat_85.cnf,online_consistent_boundary400,Online-Consistent Selector,3,3,0,1.1831444046376547,0.021520895321738422,1.1529244641571046,1.20138324067688,SATISFIABLE
3sat_86.cnf,local_reopen_guarded,+ Local Boundary Correction,3,3,0,4.207639160308838,0.08124876518141454,4.101090621200561,4.298163924835205,SATISFIABLE
3sat_86.cnf,one_shot,One-shot,3,3,0,3.5264610642751055,0.057829495262942524,3.4477188766479494,3.584966595611572,SATISFIABLE
3sat_86.cnf,online_consistent_boundary400,Online-Consistent Selector,3,3,0,4.1853217379709875,0.12991103929927994,4.073604464157105,4.367492509078979,SATISFIABLE
3sat_87.cnf,local_reopen_guarded,+ Local Boundary Correction,3,0,3,60.37810949364217,0.008001271478471532,60.36993062120056,60.38897093489075,INDETERMINATE
3sat_87.cnf,one_shot,One-shot,3,0,3,60.28527773094177,0.028680461002098,60.25360659561157,60.3230577205658,INDETERMINATE
3sat_87.cnf,online_consistent_boundary400,Online-Consistent Selector,3,0,3,60.36722273797099,0.015387379515729388,60.34679050907898,60.38392346415711,INDETERMINATE
3sat_88.cnf,local_reopen_guarded,+ Local Boundary Correction,3,3,0,0.6313628269755045,0.008938719304509377,0.6187959248352051,0.6388319348907471,SATISFIABLE
3sat_88.cnf,one_shot,One-shot,3,3,0,0.5420210642751058,0.019198646060622142,0.5236755956115723,0.5685277205657959,SATISFIABLE
3sat_88.cnf,online_consistent_boundary400,Online-Consistent Selector,3,3,0,0.6257790713043213,0.0074972599437660775,0.6151924641571045,0.6315785090789795,SATISFIABLE
3sat_89.cnf,local_reopen_guarded,+ Local Boundary Correction,3,3,0,0.5777241603088379,0.006981987621694958,0.5688376212005615,0.5858949348907471,SATISFIABLE
3sat_89.cnf,one_shot,One-shot,3,0,3,60.28041106427511,0.02752125573962017,60.255468876647946,60.3187577205658,INDETERMINATE
3sat_89.cnf,online_consistent_boundary400,Online-Consistent Selector,3,3,0,0.5754900713043213,0.011607469313969639,0.5591974641571045,0.5853722406768799,SATISFIABLE
3sat_9.cnf,local_reopen_guarded,+ Local Boundary Correction,3,0,3,60.38539216030884,0.0034026207812210604,60.38058092483521,60.38787362120056,INDETERMINATE
3sat_9.cnf,one_shot,One-shot,3,0,3,60.28687773094177,0.026236875517440097,60.26716887664795,60.323957720565794,INDETERMINATE
3sat_9.cnf,online_consistent_boundary400,Online-Consistent Selector,3,0,3,60.38146040463766,0.0036897285692161674,60.3765774641571,60.38549524067688,INDETERMINATE
3sat_90.cnf,local_reopen_guarded,+ Local Boundary Correction,3,0,3,60.37317660466004,0.004500581840143667,60.36683566241455,60.376823724426266,INDETERMINATE
3sat_90.cnf,one_shot,One-shot,3,0,3,60.281253225962324,0.014801117903998002,60.26616467208862,60.3013617893219,INDETERMINATE
3sat_90.cnf,online_consistent_boundary400,Online-Consistent Selector,3,0,3,60.380101609598796,0.017428351550567052,60.36569947970581,60.40462477452088,INDETERMINATE
3sat_91.cnf,local_reopen_guarded,+ Local Boundary Correction,3,3,0,0.39447127132670085,0.005086485511950668,0.3881746624145508,0.4006317244262695,SATISFIABLE
3sat_91.cnf,one_shot,One-shot,3,3,0,0.5321088926289876,0.012034549492900481,0.5151542164764404,0.541870672088623,SATISFIABLE
3sat_91.cnf,online_consistent_boundary400,Online-Consistent Selector,3,3,0,0.3934606095987956,0.009712921837663235,0.3797244797058106,0.400346774520874,SATISFIABLE
3sat_92.cnf,local_reopen_guarded,+ Local Boundary Correction,3,3,0,3.879925604660034,0.06992036833176235,3.782745662414551,3.944337427139282,SATISFIABLE
3sat_92.cnf,one_shot,One-shot,3,3,0,9.094086559295654,0.16057900417121468,8.9134317893219,9.30358321647644,SATISFIABLE
3sat_92.cnf,online_consistent_boundary400,Online-Consistent Selector,3,3,0,3.9515286095987956,0.062488665618136686,3.8942134797058103,4.038439774520874,SATISFIABLE
3sat_93.cnf,local_reopen_guarded,+ Local Boundary Correction,3,3,0,23.0664132713267,0.25772767501609184,22.71888672442627,23.335330662414552,SATISFIABLE
3sat_93.cnf,one_shot,One-shot,3,3,0,22.86105322596232,0.5770970196408335,22.051664672088624,23.356461789321894,SATISFIABLE
3sat_93.cnf,online_consistent_boundary400,Online-Consistent Selector,3,3,0,23.079835942932124,0.44216696910288683,22.56204947970581,23.642357774520875,SATISFIABLE
3sat_94.cnf,local_reopen_guarded,+ Local Boundary Correction,3,3,0,2.0911252713267006,0.031170812803423265,2.0594834271392823,2.133526724426269,SATISFIABLE
3sat_94.cnf,one_shot,One-shot,3,3,0,2.0359365592956546,0.05293513841410796,1.9610917893218995,2.0747332164764405,SATISFIABLE
3sat_94.cnf,online_consistent_boundary400,Online-Consistent Selector,3,3,0,2.112454942932129,0.014056500036988722,2.0993054797058104,2.131940774520874,SATISFIABLE
3sat_95.cnf,local_reopen_guarded,+ Local Boundary Correction,3,0,3,60.36457193799337,0.0017430982280043337,60.36303572442627,60.36700966241455,INDETERMINATE
3sat_95.cnf,one_shot,One-shot,3,0,3,60.28695322596232,0.017636068816931093,60.27113321647644,60.3115617893219,INDETERMINATE
3sat_95.cnf,online_consistent_boundary400,Online-Consistent Selector,3,0,3,60.362782276265456,0.007817221962584588,60.35318947970581,60.3723375745697,INDETERMINATE
3sat_96.cnf,local_reopen_guarded,+ Local Boundary Correction,3,3,0,0.4527292713267008,0.010760885312774882,0.4378864271392822,0.4630597244262695,SATISFIABLE
3sat_96.cnf,one_shot,One-shot,3,3,0,0.5064698926289876,0.008373907237965106,0.4952862164764404,0.5154347893218993,SATISFIABLE
3sat_96.cnf,online_consistent_boundary400,Online-Consistent Selector,3,3,0,0.4504252762654622,0.004294085077218907,0.4451464797058105,0.4556645745697021,SATISFIABLE
3sat_97.cnf,local_reopen_guarded,+ Local Boundary Correction,3,3,0,14.6286582713267,0.1105865430264938,14.484338427139283,14.75299972442627,SATISFIABLE
3sat_97.cnf,one_shot,One-shot,3,0,3,60.28568655929566,0.013137011606988382,60.27326467208862,60.3038617893219,INDETERMINATE
3sat_97.cnf,online_consistent_boundary400,Online-Consistent Selector,3,3,0,14.611810609598793,0.1237393741498984,14.43892947970581,14.721729574569702,SATISFIABLE
3sat_98.cnf,local_reopen_guarded,+ Local Boundary Correction,3,0,3,60.36803060466003,0.009503782150015442,60.35459442713928,60.37503966241455,INDETERMINATE
3sat_98.cnf,one_shot,One-shot,3,0,3,60.27858655929566,0.01075888927105164,60.269264672088624,60.2936617893219,INDETERMINATE
3sat_98.cnf,online_consistent_boundary400,Online-Consistent Selector,3,0,3,60.37792627626546,0.015883814852294238,60.3637845745697,60.40011177452087,INDETERMINATE
3sat_99.cnf,local_reopen_guarded,+ Local Boundary Correction,3,0,3,60.36454560466004,0.0027129529892463158,60.36187772442627,60.36826742713929,INDETERMINATE
3sat_99.cnf,one_shot,One-shot,3,0,3,60.27958655929566,0.010947137324213986,60.27146467208863,60.2950617893219,INDETERMINATE
3sat_99.cnf,online_consistent_boundary400,Online-Consistent Selector,3,0,3,60.3691096095988,0.015313901160168798,60.35132347970581,60.38870377452088,INDETERMINATE
