file_key,one_shot_solved_repeats,one_shot_solved,one_shot_time_mean,one_shot_time_std,one_shot_result_values,online_solved_repeats,online_solved,online_time_mean,online_time_std,online_result_values,old_compact_solved_repeats,old_compact_solved,old_compact_time_mean,old_compact_time_std,old_compact_result_values,local_correction_solved_repeats,local_correction_solved,local_correction_time_mean,local_correction_time_std,local_correction_result_values,pattern,pattern_label,stable_repeats,online_minus_one_shot_time_mean,old_minus_online_time_mean,local_minus_online_time_mean,local_minus_old_time_mean
3sat_0.cnf,0,False,60.32314038887024,0.0479997494652864,INDETERMINATE,0,False,60.43005462882487,0.0391882464639936,INDETERMINATE,0,False,60.4265950978953,0.0614970846984837,INDETERMINATE,0,False,60.42790238451639,0.0383116778531445,INDETERMINATE,0000,p0000,True,0.10691423995462657,-0.0034595309295681886,-0.00215224430847627,0.0013072866210919187
3sat_1.cnf,3,True,3.097757055536906,0.1580847045198488,SATISFIABLE,3,True,3.3258219621582032,0.0764119321549004,SATISFIABLE,3,True,3.2909814312286376,0.1003086357105671,SATISFIABLE,3,True,3.199037051183065,0.1145624426965694,SATISFIABLE,1111,p1111,True,0.22806490662129741,-0.03484053092956563,-0.12678491097513822,-0.0919443800455726
3sat_10.cnf,0,False,60.31480705553691,0.0451359389009678,INDETERMINATE,0,False,60.42795229549154,0.0247304296395714,INDETERMINATE,0,False,60.43117143122864,0.0537206239448886,INDETERMINATE,0,False,60.417639051183066,0.0432185447735141,INDETERMINATE,0000,p0000,True,0.11314523995462622,0.00321913573710475,-0.01031324430847036,-0.01353238004557511
3sat_100.cnf,3,True,0.4090407222035725,0.0424655390715272,SATISFIABLE,3,True,0.5167376288248698,0.0327504096519743,SATISFIABLE,3,True,0.523043764561971,0.0531358568657222,SATISFIABLE,3,True,0.5194960511830647,0.0475116990882248,SATISFIABLE,1111,p1111,True,0.10769690662129733,0.006306135737101148,0.0027584223581949008,-0.0035477133789062476
3sat_101.cnf,0,False,60.32417372220357,0.0326382100072984,INDETERMINATE,0,False,60.42907362882488,0.0319104786387722,INDETERMINATE,0,False,60.42818009789531,0.0701146646466382,INDETERMINATE,0,False,60.42762138451639,0.0372963972264311,INDETERMINATE,0000,p0000,True,0.10489990662131277,-0.0008935309295736715,-0.0014522443084885595,-0.0005587133789148879
3sat_102.cnf,0,False,60.32514038887024,0.0440707583927863,INDETERMINATE,0,False,60.428348628824864,0.0226315863715272,INDETERMINATE,0,False,60.4193000978953,0.0597856136133473,INDETERMINATE,0,False,60.40170571784973,0.0524771223572241,INDETERMINATE,0000,p0000,True,0.10320823995462547,-0.009048530929561593,-0.02664291097513427,-0.017594380045572677
3sat_103.cnf,0,False,60.31214038887024,0.0416307295374501,INDETERMINATE,0,False,60.43113862882488,0.0414809912167445,INDETERMINATE,0,False,60.43277676456197,0.0565141563944778,INDETERMINATE,0,False,60.42768471784973,0.0400178979187227,INDETERMINATE,0000,p0000,True,0.11899823995464232,0.0016381357370889305,-0.0034539109751534625,-0.005092046712242393
3sat_104.cnf,0,False,60.32397372220357,0.0486859404426657,INDETERMINATE,0,False,60.43526762882488,0.0344296001716721,INDETERMINATE,0,False,60.424882097895306,0.0547046495540004,INDETERMINATE,0,False,60.4123953845164,0.0581146218882201,INDETERMINATE,0000,p0000,True,0.111293906621313,-0.010385530929575282,-0.02287224430848056,-0.012486713378905279
3sat_105.cnf,0,False,60.32127372220358,0.0537477827679832,INDETERMINATE,0,False,60.42449096215821,0.0400915795643049,INDETERMINATE,0,False,60.42217276456197,0.0520861686658055,INDETERMINATE,0,False,60.42810405118306,0.035493611780257,INDETERMINATE,0000,p0000,True,0.10321723995463117,-0.002318197596238747,0.0036130890248529113,0.005931286621091658
3sat_106.cnf,0,False,60.32270705553691,0.0428773812590301,INDETERMINATE,0,False,60.42733229549154,0.0405997451587034,INDETERMINATE,0,False,60.41296376456197,0.0619148906297522,INDETERMINATE,0,False,60.4195013845164,0.0315127026728592,INDETERMINATE,0000,p0000,True,0.10462523995462902,-0.014368530929566248,-0.007830910975137328,0.006537619954428919
3sat_107.cnf,0,False,60.292612768809,0.0280745981358843,INDETERMINATE,0,False,60.37870003078715,0.0274250070596371,INDETERMINATE,0,False,60.38155669151814,0.017386881513504,INDETERMINATE,0,False,60.39395334239197,0.0159754790363426,INDETERMINATE,0000,p0000,True,0.08608726197815031,0.002856660730991223,0.015253311604816133,0.01239665087382491
3sat_108.cnf,0,False,60.29131276880901,0.0243952824307513,INDETERMINATE,0,False,60.38927436412049,0.0177930605537456,INDETERMINATE,0,False,60.38518869151815,0.0069875399003002,INDETERMINATE,0,False,60.385481675725295,0.0159861903051915,INDETERMINATE,0000,p0000,True,0.09796159531148163,-0.004085672602336388,-0.003792688395193977,0.00029298420714241047
3sat_109.cnf,0,False,60.28811276880899,0.0319188156687628,INDETERMINATE,0,False,60.38060536412048,0.0271836755333252,INDETERMINATE,0,False,60.38607035818482,0.0095893802212124,INDETERMINATE,0,False,60.38816300905864,0.0071799288879163,INDETERMINATE,0000,p0000,True,0.09249259531148368,0.00546499406434009,0.007557644938160024,0.0020926508738199345
3sat_11.cnf,3,True,1.6723594354756672,0.0195037932125782,SATISFIABLE,3,True,1.7912470307871502,0.0151380029542885,SATISFIABLE,3,True,1.816361691518148,0.0354240069561527,SATISFIABLE,3,True,1.7861993423919678,0.0277660028445502,SATISFIABLE,1111,p1111,True,0.11888759531148296,0.025114660730997773,-0.005047688395182437,-0.03016234912618021
3sat_110.cnf,0,False,60.287579435475664,0.0167590937847989,INDETERMINATE,0,False,60.38509036412049,0.0199350154888552,INDETERMINATE,0,False,60.39737902485148,0.0193436884102507,INDETERMINATE,0,False,60.388973009058624,0.0034039996370898,INDETERMINATE,0000,p0000,True,0.09751092864482303,0.012288660730995105,0.0038826449381375028,-0.008406015792857602
3sat_111.cnf,0,False,60.301012768809,0.013830596393936,INDETERMINATE,0,False,60.39376003078715,0.0261945432904401,INDETERMINATE,0,False,60.381956358184816,0.0136832729755492,INDETERMINATE,0,False,60.39064867572531,0.0099286330803342,INDETERMINATE,0000,p0000,True,0.09274726197814687,-0.011803672602333393,-0.0031113550618400154,0.008692317540493377
3sat_112.cnf,0,False,60.29257943547567,0.0228337992288351,INDETERMINATE,0,False,60.38488636412049,0.0181087646343343,INDETERMINATE,0,False,60.39076335818481,0.0036758653219262,INDETERMINATE,0,False,60.3877076757253,0.0043505676850998,INDETERMINATE,0000,p0000,True,0.09230692864481682,0.005876994064323071,0.002821311604812138,-0.0030556824595109333
3sat_113.cnf,0,False,60.28977943547567,0.0156932927647606,INDETERMINATE,0,False,60.38173936412048,0.0240841241044514,INDETERMINATE,0,False,60.38794469151815,0.006314235036969,INDETERMINATE,0,False,60.38360234239197,0.0056983427469595,INDETERMINATE,0000,p0000,True,0.09195992864480473,0.006205327397672988,0.0018629782714896237,-0.004342349126183365
3sat_114.cnf,0,False,60.286512768809,0.0193404017195194,INDETERMINATE,0,False,60.38650836412049,0.0276696172969607,INDETERMINATE,0,False,60.37539435818481,0.0102150815173951,INDETERMINATE,0,False,60.380431342391965,0.0088159858879236,INDETERMINATE,0000,p0000,True,0.0999955953114906,-0.011114005935674243,-0.006077021728522425,0.005036984207151818
3sat_115.cnf,0,False,60.29877943547567,0.0150857206650014,INDETERMINATE,0,False,60.377517030787146,0.0232461617171846,INDETERMINATE,0,False,60.375415024851485,0.0127319056439008,INDETERMINATE,0,False,60.38150534239196,0.0154396983996256,INDETERMINATE,0000,p0000,True,0.07873759531147329,-0.002102005935661566,0.003988311604814498,0.0060903175404760646
3sat_116.cnf,0,False,60.284616257095344,0.02596323283736,INDETERMINATE,0,False,60.382456505727134,0.0398357514069443,INDETERMINATE,0,False,60.39921497477214,0.0041498506053069,INDETERMINATE,0,False,60.392367594752,0.0208271377018791,INDETERMINATE,0000,p0000,True,0.09784024863179042,0.01675846904500844,0.009911089024868147,-0.006847380020140292
3sat_117.cnf,0,False,60.279082923762,0.0241754575793384,INDETERMINATE,0,False,60.38426583906047,0.0304114741064043,INDETERMINATE,0,False,60.38279464143881,0.0052449092667462,INDETERMINATE,0,False,60.375996594752,0.0192718108917846,INDETERMINATE,0000,p0000,True,0.1051829152984709,-0.0014711976216617018,-0.008269244308465318,-0.006798046686803616
3sat_118.cnf,0,False,60.28471625709534,0.0252813762725163,INDETERMINATE,0,False,60.36898250572713,0.0215421073585738,INDETERMINATE,0,False,60.393207641438806,0.0116572996840539,INDETERMINATE,0,False,60.385765594752,0.0384970323583051,INDETERMINATE,0000,p0000,True,0.084266248631792,0.024225135711674284,0.01678308902486947,-0.007442046686804815
3sat_119.cnf,0,False,60.28614959042867,0.0149656573674805,INDETERMINATE,0,False,60.3879991723938,0.0359686007254173,INDETERMINATE,0,False,60.377726641438805,0.0056745280197265,INDETERMINATE,0,False,60.38595292808532,0.024969491533956,INDETERMINATE,0000,p0000,True,0.10184958196512639,-0.010272530954992476,-0.0020462443084809934,0.008226286646511483
3sat_12.cnf,0,False,60.276782923762006,0.0196012353473893,INDETERMINATE,0,False,60.38462683906047,0.0299303791810775,INDETERMINATE,0,False,60.39589597477214,0.0093510851188504,INDETERMINATE,0,False,60.38348492808532,0.0184309977005401,INDETERMINATE,0000,p0000,True,0.10784391529846715,0.011269135711664546,-0.00114191097515004,-0.012411046686814586
3sat_120.cnf,3,True,3.357666257095337,0.1093213660036651,SATISFIABLE,3,True,1.0680655057271322,0.0236186028334065,SATISFIABLE,3,True,1.0892729747721357,0.0054407108316895,SATISFIABLE,3,True,1.0835625947519938,0.0227968603226574,SATISFIABLE,1111,p1111,True,-2.289600751368205,0.02120746904500348,0.015497089024861577,-0.005710380020141903
3sat_121.cnf,3,True,1.6929362570953368,0.0111427004104037,SATISFIABLE,3,True,1.785663839060465,0.0550957178119048,SATISFIABLE,3,True,1.7825659747721356,0.0255456505955097,SATISFIABLE,3,True,1.779595594751994,0.0349650618691512,SATISFIABLE,1111,p1111,True,0.09272758196512831,-0.003097864288329477,-0.0060682443084711934,-0.0029703800201417163
3sat_122.cnf,0,False,60.285949590428665,0.0189869101321791,INDETERMINATE,0,False,60.381383505727136,0.0347218628463362,INDETERMINATE,0,False,60.38893397477214,0.0108607043495387,INDETERMINATE,0,False,60.386891594752,0.0099544530240584,INDETERMINATE,0000,p0000,True,0.09543391529847156,0.007550469045000341,0.00550808902486466,-0.002042380020135681
3sat_123.cnf,0,False,60.28641625709534,0.019774853892818,INDETERMINATE,0,False,60.38763783906046,0.0340044187428943,INDETERMINATE,0,False,60.398885974772135,0.0055295483297471,INDETERMINATE,0,False,60.382299261418666,0.0296671714941454,INDETERMINATE,0000,p0000,True,0.10122158196512032,0.011248135711674934,-0.005338577641794018,-0.01658671335346895
3sat_124.cnf,3,True,0.3174945904286702,0.0241254897729538,SATISFIABLE,3,True,0.3980935057271321,0.0312143292359408,SATISFIABLE,3,True,0.408818641438802,0.0014814658460861,SATISFIABLE,3,True,0.3882982614186605,0.0252616590427098,SATISFIABLE,1111,p1111,True,0.08059891529846192,0.010725135711669886,-0.009795244308471618,-0.020520380020141504
3sat_125.cnf,3,True,3.497265422566732,0.0614772910792658,SATISFIABLE,3,True,3.523623152750652,0.0107970201822784,SATISFIABLE,3,True,3.491972345840454,0.0393891183250528,SATISFIABLE,3,True,3.501587469228109,0.0416444481811314,SATISFIABLE,1111,p1111,True,0.02635773018391996,-0.031650806910197726,-0.022035683522542815,0.009615123387654911
3sat_126.cnf,0,False,60.2845320892334,0.0300668159698083,INDETERMINATE,0,False,60.38413348608398,0.0201874175779778,INDETERMINATE,0,False,60.3897376791738,0.010180796493455,INDETERMINATE,0,False,60.36905813589478,0.0141628341221424,INDETERMINATE,0000,p0000,True,0.09960139685058067,0.0056041930898160786,-0.01507535018919981,-0.02067954327901589
3sat_127.cnf,0,False,60.28169875590007,0.043730711486377,INDETERMINATE,0,False,60.38173348608399,0.0108926075536883,INDETERMINATE,0,False,60.39431667917379,0.0094017338719615,INDETERMINATE,0,False,60.37803680256144,0.0070958388729786,INDETERMINATE,0000,p0000,True,0.10003473018392128,0.012583193089803046,-0.003696683522548483,-0.01627987661235153
3sat_128.cnf,3,True,35.33206542256673,0.4080954118315092,SATISFIABLE,3,True,8.577792819417319,0.1048147701607379,SATISFIABLE,3,True,8.719744345840455,0.0997210830464931,SATISFIABLE,3,True,8.54055646922811,0.1245247220378566,SATISFIABLE,1111,p1111,True,-26.75427260314941,0.1419515264231368,-0.03723635018920923,-0.17918787661234603
3sat_129.cnf,3,True,1.1188710892333986,0.0184602193352347,SATISFIABLE,3,True,1.1946508194173178,0.0276418485798669,SATISFIABLE,3,True,1.2108833458404542,0.0223299725113563,SATISFIABLE,3,True,1.1970264692281087,0.0185766810032527,SATISFIABLE,1111,p1111,True,0.07577973018391915,0.01623252642313644,0.0023756498107909696,-0.01385687661234547
3sat_13.cnf,0,False,60.29039875590007,0.0318294497071754,INDETERMINATE,0,False,60.39028948608399,0.0069940434072254,INDETERMINATE,0,False,60.38171434584046,0.0138822421280196,INDETERMINATE,0,False,60.39018313589477,0.0107720659486861,INDETERMINATE,0000,p0000,True,0.09989073018391537,-0.008575140243529233,-0.00010635018921334449,0.008468790054315889
3sat_130.cnf,3,True,4.822122089233399,0.1118950547564439,SATISFIABLE,3,True,4.928618486083984,0.1335954590111863,SATISFIABLE,3,True,4.90185401250712,0.1313286661696729,SATISFIABLE,3,True,4.879011802561442,0.1149733122090801,SATISFIABLE,1111,p1111,True,0.1064963968505852,-0.026764473576863956,-0.049606683522541495,-0.02284220994567754
3sat_131.cnf,3,True,3.643878755900065,0.047445718522622,SATISFIABLE,3,True,3.747180486083984,0.1017475705155259,SATISFIABLE,3,True,3.713381679173788,0.0287034479273891,SATISFIABLE,3,True,3.684956469228109,0.0512159554991595,SATISFIABLE,1111,p1111,True,0.10330173018391875,-0.03379880691019599,-0.062224016855874975,-0.028425209945678986
3sat_132.cnf,3,True,0.399310755900065,0.0254532490234666,SATISFIABLE,3,True,0.449371152750651,0.0185571366565375,SATISFIABLE,3,True,0.4574310125071207,0.0125910802862048,SATISFIABLE,3,True,0.4428814692281086,0.0214327838885292,SATISFIABLE,1111,p1111,True,0.050060396850586,0.008059859756469723,-0.006489683522542367,-0.01454954327901209
3sat_133.cnf,0,False,60.2754320892334,0.0224522513427533,INDETERMINATE,0,False,60.38530748608398,0.0245194431250099,INDETERMINATE,0,False,60.39669367917379,0.0201365836137785,INDETERMINATE,0,False,60.38130113589477,0.0064920234821636,INDETERMINATE,0000,p0000,True,0.10987539685058323,0.011386193089805374,-0.004006350189207808,-0.015392543279013182
3sat_134.cnf,0,False,60.27423358624776,0.0067018680527002,INDETERMINATE,0,False,60.36949057525126,0.0209151661651944,INDETERMINATE,0,False,60.38106718387858,0.006064327583546,INDETERMINATE,0,False,60.37236273505147,0.0278102866842914,INDETERMINATE,0000,p0000,True,0.09525698900350221,0.011576608627315466,0.002872159800205054,-0.008704448827110411
3sat_135.cnf,0,False,60.28033358624776,0.030749613598645,INDETERMINATE,0,False,60.38195690858459,0.0105513917696508,INDETERMINATE,0,False,60.37849285054525,0.0059198543667358,INDETERMINATE,0,False,60.38453540171813,0.0333121934959698,INDETERMINATE,0000,p0000,True,0.10162332233683458,-0.0034640580393414666,0.00257849313354086,0.006042551172882327
3sat_136.cnf,0,False,60.28223358624776,0.0224530679985669,INDETERMINATE,0,False,60.37891524191793,0.0211633358510758,INDETERMINATE,0,False,60.39320018387858,0.0117831860565969,INDETERMINATE,0,False,60.36721840171814,0.0257995577338755,INDETERMINATE,0000,p0000,True,0.09668165567016729,0.014284941960646336,-0.011696840199789449,-0.025981782160435785
3sat_137.cnf,0,False,60.27506691958109,0.0291098618015126,INDETERMINATE,0,False,60.36953390858459,0.0135702384714417,INDETERMINATE,0,False,60.38231585054525,0.0071047620736399,INDETERMINATE,0,False,60.3658220683848,0.0253157338764825,INDETERMINATE,0000,p0000,True,0.09446698900350015,0.012781941960653853,-0.0037118401997915385,-0.01649378216044539
3sat_138.cnf,0,False,60.275900252914425,0.0051463660409136,INDETERMINATE,0,False,60.37879857525127,0.0134698351191849,INDETERMINATE,0,False,60.39083885054525,0.0216405279491784,INDETERMINATE,0,False,60.36706273505147,0.0272859316424353,INDETERMINATE,0000,p0000,True,0.10289832233684137,0.012040275293983882,-0.011735840199797565,-0.023776115493781447
3sat_139.cnf,0,False,60.280266919581095,0.0255362444034824,INDETERMINATE,0,False,60.379906908584594,0.0238305532691555,INDETERMINATE,0,False,60.39105751721191,0.0082175325467149,INDETERMINATE,0,False,60.36936373505147,0.0266898002394497,INDETERMINATE,0000,p0000,True,0.09963998900349935,0.011150608627318093,-0.010543173533122285,-0.021693782160440378
3sat_14.cnf,3,True,5.484196919581095,0.1004381701867428,SATISFIABLE,3,True,5.556555575251262,0.0459709464889636,SATISFIABLE,3,True,5.601915517211914,0.0742533034218295,SATISFIABLE,3,True,5.634151735051474,0.0602180996177002,SATISFIABLE,1111,p1111,True,0.07235865567016742,0.04535994196065207,0.07759615980021195,0.03223621783955988
3sat_140.cnf,3,True,49.30806691958109,0.416993525004008,SATISFIABLE,3,True,5.393554575251261,0.035887963506612,SATISFIABLE,3,True,49.25679518387858,0.1225802500918512,SATISFIABLE,3,True,5.29569140171814,0.0336073959293014,SATISFIABLE,1111,p1111,True,-43.91451234432983,43.86324060862732,-0.09786317353312057,-43.96110378216044
3sat_141.cnf,3,True,3.2972569195810952,0.0770660812850232,SATISFIABLE,3,True,3.326967575251261,0.0660787667482052,SATISFIABLE,3,True,3.360512517211914,0.0369020700935547,SATISFIABLE,3,True,3.324407735051473,0.0534544599790122,SATISFIABLE,1111,p1111,True,0.029710655670165842,0.03354494196065305,-0.002559840199788166,-0.03610478216044122
3sat_142.cnf,3,True,2.412583586247762,0.043399448346425,SATISFIABLE,3,True,2.502834241917929,0.0382415675163787,SATISFIABLE,3,True,2.4971241838785807,0.0174791903102089,SATISFIABLE,3,True,2.4634600683848062,0.0256373650697707,SATISFIABLE,1111,p1111,True,0.09025065567016677,-0.005710058039348098,-0.03937417353312256,-0.03366411549377446
3sat_143.cnf,0,False,60.33002944666544,0.0722172105150063,INDETERMINATE,0,False,60.45033230446371,0.0892649233873477,INDETERMINATE,0,False,60.37904489782206,0.0120792240520444,INDETERMINATE,0,False,60.38891445890808,0.0566369468667355,INDETERMINATE,0000,p0000,True,0.120302857798265,-0.07128740664164468,-0.06141784555562424,0.00986956108602044
3sat_144.cnf,0,False,60.32259611333211,0.0669996345867353,INDETERMINATE,0,False,60.46025197113037,0.0820083770900684,INDETERMINATE,0,False,60.36341189782206,0.0284150578532526,INDETERMINATE,0,False,60.38402679224141,0.0356029794461912,INDETERMINATE,0000,p0000,True,0.13765585779825784,-0.09684007330830724,-0.07622517888896141,0.02061489441934583
3sat_145.cnf,0,False,60.322696113332114,0.0682776643987683,INDETERMINATE,0,False,60.46900163779704,0.0934455484979388,INDETERMINATE,0,False,60.37062189782207,0.014348211142246,INDETERMINATE,0,False,60.40258745890808,0.0508286872194175,INDETERMINATE,0000,p0000,True,0.14630552446492828,-0.09837973997497329,-0.06641417888896228,0.03196556108601101
3sat_146.cnf,0,False,60.316429446665445,0.0799845222548365,INDETERMINATE,0,False,60.46584397113037,0.0870293887176649,INDETERMINATE,0,False,60.36264023115539,0.0215464959757101,INDETERMINATE,0,False,60.39658979224142,0.0641141865022604,INDETERMINATE,0000,p0000,True,0.1494145244649232,-0.10320373997497967,-0.06925417888894714,0.03394956108603253
3sat_147.cnf,3,True,13.626729446665443,0.1938980727162578,SATISFIABLE,3,True,13.751134971130371,0.0594759734158997,SATISFIABLE,3,True,13.735990897822065,0.0429190165981932,SATISFIABLE,3,True,13.212539125574748,0.1175707713076934,SATISFIABLE,1111,p1111,True,0.12440552446492781,-0.01514407330830636,-0.5385958455556228,-0.5234517722473164
3sat_148.cnf,0,False,60.30329611333213,0.0574137887976837,INDETERMINATE,0,False,60.45541663779704,0.0956323248036429,INDETERMINATE,0,False,60.35401023115539,0.0115757308649134,INDETERMINATE,0,False,60.39403779224142,0.0533953749742555,INDETERMINATE,0000,p0000,True,0.15212052446491242,-0.1014064066416509,-0.06137884555562323,0.040027561086027674
3sat_149.cnf,3,True,4.11374277999878,0.0491114455972661,SATISFIABLE,3,True,4.255533971130372,0.0551335513970332,SATISFIABLE,3,True,4.196525897822062,0.0206962889896382,SATISFIABLE,3,True,4.071782125574747,0.1289767886563035,SATISFIABLE,1111,p1111,True,0.14179119113159278,-0.05900807330831004,-0.18375184555562551,-0.12474377224731548
3sat_15.cnf,0,False,60.30876277999878,0.0835790004501841,INDETERMINATE,0,False,60.47522797113037,0.0982003568353364,INDETERMINATE,0,False,60.34609456448874,0.0097595104524439,INDETERMINATE,0,False,60.400499125574754,0.048541954408231,INDETERMINATE,0000,p0000,True,0.16646519113159286,-0.12913340664163542,-0.07472884555561876,0.054404561086016656
3sat_150.cnf,3,True,0.7323037799987793,0.0661058136887725,SATISFIABLE,3,True,0.8732266377970378,0.0839678840580345,SATISFIABLE,3,True,0.7751418978220622,0.0175293597430373,SATISFIABLE,3,True,0.792215458908081,0.0502390419463001,SATISFIABLE,1111,p1111,True,0.14092285779825853,-0.09808473997497558,-0.08101117888895681,0.017073561086018763
3sat_151.cnf,0,False,60.32736277999879,0.0736964441945103,INDETERMINATE,0,False,60.47547897113037,0.0908021682434895,INDETERMINATE,0,False,60.36619456448873,0.0116921892985939,INDETERMINATE,0,False,60.40056912557475,0.0597979001349006,INDETERMINATE,0000,p0000,True,0.14811619113157803,-0.10928440664164185,-0.07490984555562363,0.03437456108601822
3sat_152.cnf,0,False,60.2961209845225,0.026917433052126,INDETERMINATE,0,False,60.40023968448384,0.0164091638396844,INDETERMINATE,0,False,60.38530062819418,0.0460022425183919,INDETERMINATE,0,False,60.403618571111046,0.0410135208246332,INDETERMINATE,0000,p0000,True,0.10411869996134016,-0.014939056289662744,0.0033788866272033147,0.01831794291686606
3sat_153.cnf,0,False,60.29198765118917,0.0208437135608596,INDETERMINATE,0,False,60.385744684483846,0.031819493391556,INDETERMINATE,0,False,60.3763279615275,0.0568202609719497,INDETERMINATE,0,False,60.392539904444384,0.0292527185730632,INDETERMINATE,0000,p0000,True,0.0937570332946791,-0.009416722956345325,0.006795219960537224,0.01621194291688255
3sat_154.cnf,3,True,1.7329309845225016,0.0393573001802501,SATISFIABLE,3,True,0.621850684483846,0.0201162133901692,SATISFIABLE,3,True,1.84770429486084,0.0412500683665323,SATISFIABLE,3,True,0.6183025711110433,0.0419321962727808,SATISFIABLE,1111,p1111,True,-1.1110803000386555,1.2258536103769941,-0.003548113372802697,-1.2294017237497967
3sat_155.cnf,0,False,60.29865431785584,0.0215861254040961,INDETERMINATE,0,False,60.37496301781717,0.0181548696630514,INDETERMINATE,0,False,60.38657962819417,0.0551057698419337,INDETERMINATE,0,False,60.39780857111105,0.0354288627392328,INDETERMINATE,0000,p0000,True,0.07630869996133072,0.011616610376997016,0.02284555329387672,0.011228942916879703
3sat_156.cnf,0,False,60.29808765118917,0.0174775298465756,INDETERMINATE,0,False,60.394721017817176,0.0258334324969519,INDETERMINATE,0,False,60.36834996152751,0.0519140809654578,INDETERMINATE,0,False,60.40439490444438,0.0350197556156558,INDETERMINATE,0000,p0000,True,0.09663336662800504,-0.02637105628966907,0.009673886627204809,0.03604494291687388
3sat_157.cnf,3,True,3.2670009845225016,0.0370291957801859,SATISFIABLE,3,True,33.64748901781718,0.2159279482233584,SATISFIABLE,3,True,33.72865429486084,0.1240230538334087,SATISFIABLE,3,True,34.117925571111044,0.2717672452573541,SATISFIABLE,1111,p1111,True,30.38048803329468,0.0811652770436595,0.47043655329386524,0.38927127625020574
3sat_158.cnf,0,False,60.30578765118917,0.0226228243350783,INDETERMINATE,0,False,60.38895668448384,0.0289473543112032,INDETERMINATE,0,False,60.36211962819417,0.0441952344067122,INDETERMINATE,0,False,60.40486823777771,0.0303858920976855,INDETERMINATE,0000,p0000,True,0.0831690332946664,-0.02683705628966493,0.015911553293875613,0.04274860958354054
3sat_159.cnf,0,False,60.2916209845225,0.0078032168223947,INDETERMINATE,0,False,60.393455351150514,0.0224403799653768,INDETERMINATE,0,False,60.371066961527504,0.0687428934023859,INDETERMINATE,0,False,60.39510423777771,0.0373173536689355,INDETERMINATE,0000,p0000,True,0.10183436662801171,-0.022388389623010596,0.0016488866271942015,0.024037276250204798
3sat_16.cnf,0,False,60.30785431785584,0.0180568778694871,INDETERMINATE,0,False,60.40055635115052,0.0251459614870165,INDETERMINATE,0,False,60.37566062819417,0.0599234210118814,INDETERMINATE,0,False,60.39211457111104,0.030358517245599,INDETERMINATE,0000,p0000,True,0.09270203329467819,-0.024895722956351563,-0.008441780039483149,0.016453942916868414
3sat_160.cnf,0,False,60.30985431785583,0.0229336840362368,INDETERMINATE,0,False,60.38915835115051,0.0153931313925703,INDETERMINATE,0,False,60.36914396152751,0.0445578833345417,INDETERMINATE,0,False,60.40110123777771,0.040946259738683,INDETERMINATE,0000,p0000,True,0.07930403329468305,-0.020014389623000284,0.011942886627196003,0.03195727625019629
3sat_161.cnf,0,False,60.32332323481242,0.0281341016557756,INDETERMINATE,0,False,60.39272474006653,0.0312854166406989,INDETERMINATE,0,False,60.37834321639506,0.0244811344025269,INDETERMINATE,0,False,60.36449120064799,0.0048767101492076,INDETERMINATE,0000,p0000,True,0.06940150525410616,-0.014381523671467278,-0.02823353941853668,-0.013852015747069402
3sat_162.cnf,0,False,60.31838990147909,0.0270243614588167,INDETERMINATE,0,False,60.37852740673319,0.0283932225425871,INDETERMINATE,0,False,60.35529654972839,0.0293492321338954,INDETERMINATE,0,False,60.36300686731465,0.011218402411132,INDETERMINATE,0000,p0000,True,0.06013750525410444,-0.023230857004797656,-0.015520539418538704,0.007710317586258952
3sat_163.cnf,0,False,60.32405656814575,0.0497345810813059,INDETERMINATE,3,True,34.51427240673319,0.6702064143766118,SATISFIABLE,3,True,34.84833621639506,0.2453479570423057,SATISFIABLE,3,True,35.671751867314654,0.5332473011858115,SATISFIABLE,0111,p0111,True,-25.80978416141256,0.33406380966187044,1.1574794605814631,0.8234156509195927
3sat_164.cnf,0,False,60.31945656814576,0.0462391344731193,INDETERMINATE,0,False,60.375284740066526,0.0261305244258603,INDETERMINATE,0,False,60.37521688306172,0.0250060746465005,INDETERMINATE,0,False,60.35505986731466,0.0040156937035943,INDETERMINATE,0000,p0000,True,0.05582817192076561,-6.785700480804735e-05,-0.020224872751867906,-0.02015701574705986
3sat_165.cnf,3,True,0.4891945681457519,0.0382691654325167,SATISFIABLE,3,True,0.4262884067331949,0.0343832863526256,SATISFIABLE,3,True,0.5391192163950602,0.0251856882874262,SATISFIABLE,3,True,0.4089505339813232,0.0036766952904204,SATISFIABLE,1111,p1111,True,-0.062906161412557,0.11283080966186532,-0.017337872751871708,-0.13016868241373702
3sat_166.cnf,0,False,60.32445656814576,0.0397582196101699,INDETERMINATE,0,False,60.3819794067332,0.0348937337277361,INDETERMINATE,0,False,60.37313754972839,0.0268971280863971,INDETERMINATE,0,False,60.36974953398132,0.0085134804315815,INDETERMINATE,0000,p0000,True,0.05752283858743823,-0.00884185700481055,-0.012229872751881032,-0.003388015747070483
3sat_167.cnf,3,True,13.03805656814575,0.0008119689361187,SATISFIABLE,3,True,13.171099406733193,0.1198204610324971,SATISFIABLE,3,True,13.272930549728391,0.1814145668971335,SATISFIABLE,3,True,13.214422867314658,0.0274091231960305,SATISFIABLE,1111,p1111,True,0.1330428385874427,0.10183114299519858,0.04332346058146541,-0.058507682413733164
3sat_168.cnf,0,False,60.32235656814576,0.0337790717818707,INDETERMINATE,0,False,60.38570207339986,0.0301029325558068,INDETERMINATE,0,False,60.3647025497284,0.0367265115978174,INDETERMINATE,0,False,60.36696320064798,0.0086624434319253,INDETERMINATE,0000,p0000,True,0.0633455052541052,-0.020999523671463294,-0.01873887275188224,0.002260650919581053
3sat_169.cnf,0,False,60.32522323481242,0.0357498204600576,INDETERMINATE,0,False,60.37795174006653,0.0360667131039631,INDETERMINATE,0,False,60.37659488306173,0.0346325062927465,INDETERMINATE,0,False,60.360600867314666,0.0137600364984156,INDETERMINATE,0000,p0000,True,0.05272850525410888,-0.0013568570048008155,-0.017350872751862312,-0.015994015747061496
3sat_17.cnf,0,False,60.32302323481242,0.0302193504128004,INDETERMINATE,0,False,60.39156240673319,0.0287099920217126,INDETERMINATE,0,False,60.37494788306173,0.0389631429858606,INDETERMINATE,0,False,60.34859953398132,0.0115152080869496,INDETERMINATE,0000,p0000,True,0.06853917192077574,-0.0166145236714641,-0.04296287275187183,-0.02634834908040773
3sat_170.cnf,0,False,60.30129209480285,0.0101478390414206,INDETERMINATE,0,False,60.383969617533374,0.0119702970999563,INDETERMINATE,0,False,60.36389061360168,0.021187080938681,INDETERMINATE,0,False,60.3843769699351,0.014654169114198,INDETERMINATE,0000,p0000,True,0.08267752273052764,-0.020079003931691375,0.00040735240172296017,0.020486356333414335
3sat_171.cnf,0,False,60.29095876146952,0.0042927848290807,INDETERMINATE,0,False,60.38633561753337,0.0089193681130682,INDETERMINATE,0,False,60.35321861360168,0.0013080914060773,INDETERMINATE,0,False,60.37802263660177,0.0211518336219264,INDETERMINATE,0000,p0000,True,0.09537685606385082,-0.03311700393168593,-0.008312980931599157,0.024804023000086772
3sat_172.cnf,0,False,60.29959209480285,0.0048971343242287,INDETERMINATE,0,False,60.37874528420004,0.0160662390151011,INDETERMINATE,0,False,60.37255094693503,0.0214862368361173,INDETERMINATE,0,False,60.38931730326843,0.0067790590528855,INDETERMINATE,0000,p0000,True,0.0791531893971964,-0.006194337265014838,0.010572019068384009,0.016766356333398846
3sat_173.cnf,0,False,60.28759209480285,0.0108405835707778,INDETERMINATE,0,False,60.38194728420003,0.0054219206254379,INDETERMINATE,0,False,60.35889194693502,0.013410720291039,INDETERMINATE,0,False,60.38626863660176,0.0055454116102701,INDETERMINATE,0000,p0000,True,0.09435518939718435,-0.02305533726501352,0.004321352401731815,0.027376689666745335
3sat_174.cnf,0,False,60.29445876146952,0.0168795000188404,INDETERMINATE,0,False,60.37084461753337,0.0109195495418817,INDETERMINATE,0,False,60.366188613601686,0.0185519469991714,INDETERMINATE,0,False,60.3856829699351,0.0052485504352121,INDETERMINATE,0000,p0000,True,0.07638585606385107,-0.004656003931685859,0.01483835240172482,0.01949435633341068
3sat_175.cnf,0,False,60.295225428136185,0.0015850619381914,INDETERMINATE,0,False,60.35044228420003,0.0143100099904805,INDETERMINATE,0,False,60.36443228026835,0.0092464048307858,INDETERMINATE,0,False,60.37560063660177,0.0042345414257019,INDETERMINATE,0000,p0000,True,0.05521685606384352,0.013989996068325183,0.025158352401739137,0.011168356333413954
3sat_176.cnf,3,True,1.7728287614695233,0.0255220495249415,SATISFIABLE,3,True,1.8518212842000328,0.0676198258166478,SATISFIABLE,3,True,1.9050482802683515,0.0189722311036657,SATISFIABLE,3,True,1.8708546366017655,0.0140134339377196,SATISFIABLE,1111,p1111,True,0.0789925227305095,0.05322699606831871,0.01903335240173276,-0.03419364366658595
3sat_177.cnf,0,False,60.29752542813619,0.0101475123876106,INDETERMINATE,0,False,60.3845029508667,0.0172720232828287,INDETERMINATE,0,False,60.35357861360168,0.0126450029249653,INDETERMINATE,0,False,60.378646636601765,0.0239581353010792,INDETERMINATE,0000,p0000,True,0.08697752273050696,-0.030924337265020085,-0.005856314264931939,0.025068023000088147
3sat_178.cnf,0,False,60.29312542813619,0.0090868611768785,INDETERMINATE,0,False,60.3787639508667,0.0043421666246364,INDETERMINATE,0,False,60.35891728026835,0.0110939597572319,INDETERMINATE,0,False,60.37965430326843,0.0189716999468185,INDETERMINATE,0000,p0000,True,0.08563852273050543,-0.01984667059834777,0.0008903524017327413,0.020737023000080512
3sat_179.cnf,0,False,60.30369209480286,0.0115706980774417,INDETERMINATE,0,False,60.37832961753336,0.0080749515478759,INDETERMINATE,0,False,60.36224928026835,0.0203749413772853,INDETERMINATE,0,False,60.38742896993509,0.0151283162817647,INDETERMINATE,0000,p0000,True,0.07463752273049806,-0.016080337265009348,0.009099352401726435,0.025179689666735783
3sat_18.cnf,0,False,60.28919948921203,0.0187632045028559,INDETERMINATE,0,False,60.35579740267945,0.0288543194985528,INDETERMINATE,0,False,60.36483169874064,0.025117027115357,INDETERMINATE,0,False,60.36156223072815,0.0178126035004686,INDETERMINATE,0000,p0000,True,0.06659791346741883,0.009034296061187774,0.005764828048697268,-0.0032694680124905062
3sat_180.cnf,3,True,16.769466155878703,0.0550246818391465,SATISFIABLE,3,True,16.63885906934611,0.3326147502968774,SATISFIABLE,3,True,17.092676365407304,0.398036480256567,SATISFIABLE,3,True,17.107355897394815,0.1187790889378331,SATISFIABLE,1111,p1111,True,-0.13060708653259212,0.45381729606119237,0.4684968280487034,0.01467953198751104
3sat_181.cnf,3,True,2.139876155878703,0.0211665391418466,SATISFIABLE,3,True,2.2896344026794435,0.0281320304328048,SATISFIABLE,3,True,2.2558740320739745,0.0354224452275451,SATISFIABLE,3,True,2.250683230728149,0.0185366344118968,SATISFIABLE,1111,p1111,True,0.14975824680074057,-0.03376037060546899,-0.038951171951294494,-0.005190801345825502
3sat_182.cnf,0,False,60.28323282254538,0.0232283789404092,INDETERMINATE,0,False,60.36779073601278,0.0225152541018122,INDETERMINATE,0,False,60.366209032073975,0.0182511081293123,INDETERMINATE,0,False,60.36593823072815,0.029375839296934,INDETERMINATE,0000,p0000,True,0.08455791346739971,-0.0015817039388039689,-0.0018525052846314338,-0.00027080134582746496
3sat_183.cnf,0,False,60.2884661558787,0.0074601471057111,INDETERMINATE,0,False,60.35370406934612,0.034718368390782,INDETERMINATE,0,False,60.36457203207397,0.0185064248246155,INDETERMINATE,0,False,60.34062056406148,0.0251698989706711,INDETERMINATE,0000,p0000,True,0.06523791346742058,0.010867962727850511,-0.01308350528464075,-0.02395146801249126
3sat_184.cnf,0,False,60.29219948921204,0.009368486183533,INDETERMINATE,0,False,60.38084606934611,0.0350316906316626,INDETERMINATE,0,False,60.363691365407306,0.0045976183682993,INDETERMINATE,0,False,60.37703023072815,0.019611504625166,INDETERMINATE,0000,p0000,True,0.08864658013407478,-0.01715470393880736,-0.00381583861796031,0.013338865320847049
3sat_185.cnf,0,False,60.28769948921204,0.0077893330413129,INDETERMINATE,0,False,60.37136640267945,0.0347168019148731,INDETERMINATE,0,False,60.38087969874064,0.006710403421402,INDETERMINATE,0,False,60.36604423072814,0.0241857220745851,INDETERMINATE,0000,p0000,True,0.08366691346741106,0.009513296061193444,-0.005322171951306132,-0.014835468012499575
3sat_186.cnf,0,False,60.28079948921204,0.0115846702215507,INDETERMINATE,0,False,60.37092406934611,0.0415376155656486,INDETERMINATE,0,False,60.37466403207397,0.0145545485896603,INDETERMINATE,0,False,60.37564089739482,0.0186241809593963,INDETERMINATE,0000,p0000,True,0.09012458013406643,0.003739962727863144,0.0047168280487071,0.000976865320843956
3sat_187.cnf,0,False,60.287666155878696,0.0105563396998991,INDETERMINATE,0,False,60.37276073601277,0.0233591488009179,INDETERMINATE,0,False,60.36605869874064,0.0221026778898738,INDETERMINATE,0,False,60.36478889739482,0.0262789572049456,INDETERMINATE,0000,p0000,True,0.08509458013407567,-0.006702037272134476,-0.00797183861795503,-0.0012698013458205537
3sat_188.cnf,0,False,60.28013282254537,0.0198452711044855,INDETERMINATE,0,False,60.37222940267944,0.0415409036177737,INDETERMINATE,3,True,31.83502769874064,0.0781369584215565,SATISFIABLE,3,True,32.05808789739482,0.3855593686017853,SATISFIABLE,0011,p0011,True,0.09209658013406852,-28.5372017039388,-28.314141505284617,0.22306019865418136
3sat_189.cnf,0,False,60.30629530563355,0.0218544652320366,INDETERMINATE,3,True,17.212855800079343,0.1290790127193964,SATISFIABLE,3,True,17.227472989145912,0.2955674125295968,SATISFIABLE,3,True,17.383239914942422,0.1833477572312025,SATISFIABLE,0111,p0111,True,-43.0934395055542,0.014617189066569836,0.17038411486307936,0.15576692579650953
3sat_19.cnf,3,True,3.966451972300213,0.0538741606865648,SATISFIABLE,3,True,1.4399948000793457,0.0235063521948838,SATISFIABLE,3,True,4.054061655812581,0.0264850730447049,SATISFIABLE,3,True,1.4906209149424237,0.0515917254895778,SATISFIABLE,1111,p1111,True,-2.5264571722208675,2.6140668557332356,0.050626114863078,-2.563440740870157
3sat_190.cnf,3,True,0.3499819723002115,0.0155498634308374,SATISFIABLE,3,True,0.405887133412679,0.0233818574502535,SATISFIABLE,3,True,0.3863756558125813,0.0094972640349435,SATISFIABLE,3,True,0.4491985816090902,0.051835792583826,SATISFIABLE,1111,p1111,True,0.055905161112467516,-0.019511477600097693,0.043311448196411195,0.06282292579650889
3sat_191.cnf,0,False,60.29922863896687,0.0098602141984091,INDETERMINATE,0,False,60.36571413341269,0.0345644423489548,INDETERMINATE,0,False,60.35326065581258,0.009547853772583,INDETERMINATE,0,False,60.39756958160908,0.0590440134716575,INDETERMINATE,0000,p0000,True,0.0664854944458142,-0.01245347760010418,0.03185544819639574,0.04430892579649992
3sat_192.cnf,0,False,60.29936197230021,0.0312886490798416,INDETERMINATE,0,False,60.37229480007935,0.0225069167976544,INDETERMINATE,0,False,60.34424098914591,0.0196205927282434,INDETERMINATE,0,False,60.418547248275765,0.0488862798435906,INDETERMINATE,0000,p0000,True,0.07293282777914101,-0.028053810933442946,0.04625244819641239,0.07430625912985533
3sat_193.cnf,0,False,60.2965619723002,0.0172689101672526,INDETERMINATE,0,False,60.367896800079336,0.0258150712903085,INDETERMINATE,0,False,60.36155198914592,0.0153593707421822,INDETERMINATE,0,False,60.418957581609085,0.0539833753238554,INDETERMINATE,0000,p0000,True,0.07133482777913258,-0.006344810933413214,0.05106078152974902,0.057405592463162236
3sat_194.cnf,0,False,60.29426197230021,0.0222764137469075,INDETERMINATE,0,False,60.37049013341268,0.0206089332049004,INDETERMINATE,0,False,60.35593432247925,0.016872700095763,INDETERMINATE,0,False,60.40711124827576,0.0580275772662058,INDETERMINATE,0000,p0000,True,0.07622816111246777,-0.01455581093343028,0.03662111486308106,0.05117692579651134
3sat_195.cnf,0,False,60.29656197230022,0.0246492066773824,INDETERMINATE,0,False,60.364054800079344,0.0280687912206644,INDETERMINATE,0,False,60.33889032247925,0.0102294457402781,INDETERMINATE,0,False,60.41236124827575,0.0470280296578695,INDETERMINATE,0000,p0000,True,0.06749282777912669,-0.025164477600092994,0.04830644819640639,0.07347092579649939
3sat_196.cnf,3,True,31.41662863896688,0.2231954059433584,SATISFIABLE,3,True,31.19757446674601,0.3454741298998499,SATISFIABLE,3,True,11.946870322479247,0.1078508005278397,SATISFIABLE,3,True,11.784888914942425,0.2186734801195322,SATISFIABLE,1111,p1111,True,-0.2190541722208721,-19.250704144266763,-19.412685551803584,-0.16198140753682289
3sat_197.cnf,0,False,60.29659530563354,0.01915520105672,INDETERMINATE,0,False,60.36591113341268,0.0313473722826442,INDETERMINATE,0,False,60.34258498914591,0.0090774809737712,INDETERMINATE,0,False,60.40535058160909,0.0560179086605048,INDETERMINATE,0000,p0000,True,0.06931582777914258,-0.023326144266768267,0.03943944819641132,0.06276559246317959
3sat_198.cnf,0,False,60.303374243545534,0.0175407451306202,INDETERMINATE,0,False,60.35029644509379,0.0050859706605376,INDETERMINATE,0,False,60.376880619323735,0.0075815833899355,INDETERMINATE,0,False,60.36579863247681,0.0193718482665469,INDETERMINATE,0000,p0000,True,0.04692220154825577,0.026584174229945745,0.015502187383020782,-0.011081986846924963
3sat_199.cnf,0,False,60.30910757687887,0.0205132719055097,INDETERMINATE,0,False,60.36038911176045,0.0093402152295656,INDETERMINATE,0,False,60.36392295265707,0.0111018159396301,INDETERMINATE,0,False,60.36996596581014,0.0195021144822666,INDETERMINATE,0000,p0000,True,0.05128153488157494,0.0035338408966225643,0.009576854049690553,0.006043013153067989
3sat_2.cnf,0,False,60.31170757687886,0.0125119778074197,INDETERMINATE,0,False,60.35251477842712,0.0176594282810059,INDETERMINATE,0,False,60.363911952657055,0.0207245073143301,INDETERMINATE,0,False,60.34454263247681,0.0160630437616382,INDETERMINATE,0000,p0000,True,0.04080720154826167,0.011397174229934137,-0.007972145950311926,-0.019369320180246064
3sat_20.cnf,3,True,12.5460409102122,0.137300725643631,SATISFIABLE,3,True,12.580373445093793,0.2718255658451956,SATISFIABLE,3,True,12.666773285990397,0.239619703615498,SATISFIABLE,3,True,12.760957299143476,0.2088669659111557,SATISFIABLE,1111,p1111,True,0.03433253488159238,0.08639984089660402,0.1805838540496829,0.0941840131530789
3sat_21.cnf,0,False,60.31450757687887,0.0211482752591638,INDETERMINATE,0,False,60.35199711176045,0.0092845576166227,INDETERMINATE,0,False,60.35374761932373,0.0077948692191273,INDETERMINATE,0,False,60.367737965810136,0.0143452198877781,INDETERMINATE,0000,p0000,True,0.0374895348815798,0.0017505075632797684,0.015740854049688835,0.013990346486409067
3sat_22.cnf,3,True,1.6353609102121986,0.0073431298978914,SATISFIABLE,3,True,1.7375541117604574,0.0206148085283095,SATISFIABLE,3,True,1.7788406193237305,0.002505997524063,SATISFIABLE,3,True,1.772999299143473,0.0333791694054484,SATISFIABLE,1111,p1111,True,0.10219320154825873,0.04128650756327312,0.03544518738301572,-0.005841320180257403
3sat_23.cnf,0,False,60.31830757687887,0.0159243004623289,INDETERMINATE,0,False,60.356312445093785,0.0090551432057004,INDETERMINATE,0,False,60.37010961932373,0.0151141839476302,INDETERMINATE,0,False,60.36392829914348,0.0097190797409526,INDETERMINATE,0000,p0000,True,0.038004868214912335,0.013797174229942755,0.007615854049696225,-0.00618132018024653
3sat_24.cnf,3,True,4.448454243545533,0.0438589671631802,SATISFIABLE,3,True,4.427661445093791,0.0807166243935491,SATISFIABLE,3,True,4.48054761932373,0.0853513493452057,SATISFIABLE,3,True,4.525015632476807,0.0329724820637943,SATISFIABLE,1111,p1111,True,-0.0207927984517422,0.05288617422993891,0.09735418738301593,0.044468013153077024
3sat_25.cnf,3,True,1.4831242435455323,0.0279243380265945,SATISFIABLE,3,True,1.5176741117604575,0.025337596041074,SATISFIABLE,3,True,1.5547316193237306,0.0204836923038389,SATISFIABLE,3,True,1.55754396581014,0.0348997489289715,SATISFIABLE,1111,p1111,True,0.03454986821492523,0.037057507563273084,0.03986985404968246,0.0028123464864093783
3sat_26.cnf,0,False,60.3184409102122,0.016291797202955,INDETERMINATE,0,False,60.35010744509379,0.0123054281250037,INDETERMINATE,0,False,60.36159195265706,0.010342400245879,INDETERMINATE,0,False,60.36206129914348,0.0225062458623792,INDETERMINATE,0000,p0000,True,0.03166653488158744,0.011484507563267243,0.011953854049686186,0.0004693464864189423
3sat_27.cnf,3,True,0.5032348788096109,0.0178693565087837,SATISFIABLE,3,True,0.5763998002878825,0.0229027880170735,SATISFIABLE,3,True,0.6000500464223225,0.0636356531812166,SATISFIABLE,3,True,0.5797798414611817,0.0185364636772346,SATISFIABLE,1111,p1111,True,0.07316492147827158,0.02365024613444,0.003380041173299153,-0.020270204961140847
3sat_28.cnf,0,False,60.27658554547628,0.0295725772418703,INDETERMINATE,0,False,60.37455780028788,0.0204845654362227,INDETERMINATE,0,False,60.38307571308899,0.0648213148652566,INDETERMINATE,0,False,60.36272884146118,0.0268179197211782,INDETERMINATE,0000,p0000,True,0.09797225481160154,0.008517912801110583,-0.01182895882670465,-0.020346871627815233
3sat_29.cnf,0,False,60.28255221214295,0.0338018934474291,INDETERMINATE,0,False,60.36445180028789,0.0101450965618315,INDETERMINATE,0,False,60.38200871308899,0.0510354764534098,INDETERMINATE,0,False,60.35958650812785,0.0189483771749341,INDETERMINATE,0000,p0000,True,0.08189958814493536,0.01755691280110483,-0.004865292160040724,-0.022422204961145553
3sat_3.cnf,0,False,60.28208554547627,0.017665802490136,INDETERMINATE,0,False,60.37289013362122,0.0158416846871271,INDETERMINATE,0,False,60.39453971308899,0.0618648107487273,INDETERMINATE,0,False,60.360142841461176,0.0307751064188386,INDETERMINATE,0000,p0000,True,0.09080458814494818,0.021649579467769797,-0.012747292160042889,-0.034396871627812686
3sat_30.cnf,0,False,60.28671887880961,0.0291143067077164,INDETERMINATE,0,False,60.36841780028789,0.0145377846414367,INDETERMINATE,0,False,60.39517004642232,0.0558112874205881,INDETERMINATE,0,False,60.36765450812785,0.0201605544882472,INDETERMINATE,0000,p0000,True,0.08169892147827795,0.02675224613443561,-0.0007632921600375653,-0.027515538294473174
3sat_31.cnf,0,False,60.29265221214295,0.0265828856625046,INDETERMINATE,0,False,60.35983480028788,0.0207300511662165,INDETERMINATE,0,False,60.38492337975566,0.0643558561603456,INDETERMINATE,0,False,60.334888174794514,0.0351993223204709,INDETERMINATE,0000,p0000,True,0.06718258814493083,0.0250885794677842,-0.024946625493363683,-0.05003520496114788
3sat_32.cnf,0,False,60.28661887880961,0.0250189514024796,INDETERMINATE,0,False,60.35219280028789,0.0186586480962561,INDETERMINATE,0,False,60.38090204642233,0.0621471553364377,INDETERMINATE,0,False,60.36047817479452,0.0238644650122577,INDETERMINATE,0000,p0000,True,0.06557392147827557,0.028709246134440036,0.008285374506634469,-0.020423871627805568
3sat_33.cnf,0,False,60.28378554547627,0.0267736060127596,INDETERMINATE,0,False,60.35753880028788,0.0222384590064413,INDETERMINATE,0,False,60.36895471308899,0.0641318815214909,INDETERMINATE,0,False,60.36326817479452,0.0226662281451942,INDETERMINATE,0000,p0000,True,0.07375325481160644,0.011415912801112427,0.005729374506643126,-0.005686538294469301
3sat_34.cnf,0,False,60.284718878809606,0.0202072346098032,INDETERMINATE,0,False,60.36316746695454,0.0128538807023018,INDETERMINATE,0,False,60.399665713088986,0.0707238718764331,INDETERMINATE,0,False,60.36658217479451,0.0160245614426213,INDETERMINATE,0000,p0000,True,0.07844858814493705,0.036498246134442525,0.0034147078399655584,-0.033083538294476966
3sat_35.cnf,0,False,60.280685545476274,0.014479381041007,INDETERMINATE,0,False,60.363542133621216,0.0041303979131425,INDETERMINATE,0,False,60.38607704642232,0.0659500714555749,INDETERMINATE,0,False,60.35607450812785,0.0285408024922027,INDETERMINATE,0000,p0000,True,0.08285658814494212,0.02253491280110609,-0.007467625493369212,-0.0300025382944753
3sat_36.cnf,0,False,60.279559475708005,0.0185468696407654,INDETERMINATE,0,False,60.429512250478105,0.0777329998771638,INDETERMINATE,0,False,60.35640767786662,0.0405374222419973,INDETERMINATE,0,False,60.3706198319397,0.0063334584424373,INDETERMINATE,0000,p0000,True,0.1499527747700995,-0.07310457261148429,-0.05889241853840588,0.014212154073078409
3sat_37.cnf,0,False,60.27245947570801,0.01356858661925,INDETERMINATE,0,False,60.42164458381145,0.0850556484112299,INDETERMINATE,0,False,60.37920967786662,0.0321725006283452,INDETERMINATE,0,False,60.3744388319397,0.019808764945347,INDETERMINATE,0000,p0000,True,0.14918510810343832,-0.04243490594483035,-0.04720575187175058,-0.004770845926920231
3sat_38.cnf,0,False,60.27319280904134,0.0164370900555717,INDETERMINATE,0,False,60.42754691714477,0.0699228711567342,INDETERMINATE,0,False,60.35863467786661,0.0382904478566327,INDETERMINATE,0,False,60.372401498606365,0.0073543708290231,INDETERMINATE,0000,p0000,True,0.1543541081034263,-0.0689122392781556,-0.055145418538401714,0.013766820739753882
3sat_39.cnf,0,False,60.27242614237468,0.0125579342836012,INDETERMINATE,0,False,60.42417791714477,0.0896301941349669,INDETERMINATE,0,False,60.36689034453328,0.0213357438810397,INDETERMINATE,0,False,60.37145449860636,0.0124018990706202,INDETERMINATE,0000,p0000,True,0.15175177477009072,-0.05728757261148587,-0.05272341853840601,0.004564154073079862
3sat_4.cnf,0,False,60.268359475708,0.0122978024957893,INDETERMINATE,0,False,60.42081158381145,0.0850613485317463,INDETERMINATE,0,False,60.36071667786663,0.0312701804321026,INDETERMINATE,0,False,60.37936583193971,0.0285816602965698,INDETERMINATE,0000,p0000,True,0.15245210810344645,-0.060094905944822585,-0.041445751871741265,0.01864915407308132
3sat_40.cnf,0,False,60.27235947570801,0.0145872241511734,INDETERMINATE,0,False,60.42703691714477,0.069781269751121,INDETERMINATE,0,False,60.37088767786662,0.0276999599707123,INDETERMINATE,0,False,60.373919831939695,0.0103555924814918,INDETERMINATE,0000,p0000,True,0.15467744143676043,-0.056149239278148855,-0.05311708520507352,0.0030321540730753327
3sat_41.cnf,0,False,60.27642614237468,0.0161759548280281,INDETERMINATE,0,False,60.42121758381145,0.0839257030334374,INDETERMINATE,0,False,60.356036011199954,0.021233006229342,INDETERMINATE,0,False,60.37687316527303,0.0060003932494791,INDETERMINATE,0000,p0000,True,0.14479144143676592,-0.06518157261149327,-0.0443444185384152,0.020837154073078068
3sat_42.cnf,0,False,60.27399280904134,0.0179303141432008,INDETERMINATE,0,False,60.411534250478105,0.0822158724353793,INDETERMINATE,0,False,60.35032201119996,0.0175100096868562,INDETERMINATE,0,False,60.36621483193969,0.0115385576430742,INDETERMINATE,0000,p0000,True,0.13754144143676683,-0.06121223927814867,-0.04531941853841204,0.015892820739736635
3sat_43.cnf,0,False,60.27819280904134,0.0098427742009109,INDETERMINATE,0,False,60.43202525047811,0.083263426410064,INDETERMINATE,0,False,60.359654677866615,0.0381277589819916,INDETERMINATE,0,False,60.37721249860636,0.0258398009428357,INDETERMINATE,0000,p0000,True,0.15383244143676933,-0.07237057261149715,-0.05481275187175072,0.017557820739746433
3sat_44.cnf,0,False,60.28429280904135,0.0126031608980776,INDETERMINATE,0,False,60.43096025047811,0.0806780267007823,INDETERMINATE,0,False,60.37665634453328,0.0350887594940938,INDETERMINATE,0,False,60.36421616527304,0.0187459901589518,INDETERMINATE,0000,p0000,True,0.1466674414367617,-0.05430390594482759,-0.06674408520506603,-0.012440179260238438
3sat_45.cnf,0,False,60.28296324373881,0.0250147627170141,INDETERMINATE,0,False,60.36989247463989,0.0171352190319392,INDETERMINATE,0,False,60.37857067926026,0.0121136594883979,INDETERMINATE,0,False,60.35778167890422,0.0109113697405737,INDETERMINATE,0000,p0000,True,0.0869292309010774,0.008678204620366614,-0.012110795735672752,-0.020789000356039367
3sat_46.cnf,3,True,36.63399657707215,0.3394117078852334,SATISFIABLE,3,True,36.95359980797323,0.6636894360111409,SATISFIABLE,3,True,0.6033110125935872,0.0137247068095215,SATISFIABLE,3,True,0.5936323455708822,0.0126636095307639,SATISFIABLE,1111,p1111,True,0.31960323090107323,-36.35028879537964,-36.359967462402345,-0.009678667022705034
3sat_47.cnf,3,True,2.799896577072144,0.067495645831956,SATISFIABLE,3,True,2.938728807973226,0.1498201486979345,SATISFIABLE,3,True,2.8995393459269203,0.0377923328397376,SATISFIABLE,3,True,2.904465345570882,0.0481615672139891,SATISFIABLE,1111,p1111,True,0.1388322309010821,-0.03918946204630558,-0.03426346240234368,0.004925999643961898
3sat_48.cnf,0,False,60.284729910405474,0.0228847976321625,INDETERMINATE,0,False,60.36370014130656,0.0209747898012798,INDETERMINATE,0,False,60.36408301259359,0.0107343898881182,INDETERMINATE,0,False,60.36643267890421,0.0173113991078031,INDETERMINATE,0000,p0000,True,0.0789702309010849,0.00038287128703018425,0.0027325375976516852,0.002349666310621501
3sat_49.cnf,0,False,60.28299657707214,0.0182290623997219,INDETERMINATE,0,False,60.37258747463989,0.0137515565363925,INDETERMINATE,0,False,60.37171167926025,0.0147599112669422,INDETERMINATE,0,False,60.35878267890421,0.0170696697350279,INDETERMINATE,0000,p0000,True,0.08959089756775285,-0.000875795379641886,-0.013804795735680386,-0.0129290003560385
3sat_5.cnf,0,False,60.27166324373881,0.0128993732875105,INDETERMINATE,0,False,60.367615141306565,0.0252185704745969,INDETERMINATE,0,False,60.37678267926025,0.0102114991504869,INDETERMINATE,0,False,60.365196012237554,0.0159650849671749,INDETERMINATE,0000,p0000,True,0.09595189756775824,0.009167537953686633,-0.0024191290690112055,-0.011586667022697839
3sat_50.cnf,0,False,60.28102991040547,0.0159708206538941,INDETERMINATE,0,False,60.37742114130656,0.0161674524470217,INDETERMINATE,0,False,60.37245334592692,0.0155815611113172,INDETERMINATE,0,False,60.36424901223754,0.0161724044095636,INDETERMINATE,0000,p0000,True,0.09639123090109081,-0.004967795379641871,-0.013172129069019434,-0.008204333689377563
3sat_51.cnf,0,False,60.28649657707214,0.0196494736164945,INDETERMINATE,0,False,60.35835347463989,0.0171004591385333,INDETERMINATE,0,False,60.355887679260256,0.0179365559472709,INDETERMINATE,0,False,60.36324201223755,0.017698468392271,INDETERMINATE,0000,p0000,True,0.07185689756774849,-0.002465795379634983,0.004888537597658171,0.007354332977293154
3sat_52.cnf,0,False,60.28209657707214,0.0224532015958057,INDETERMINATE,0,False,60.36682514130656,0.0205956921683497,INDETERMINATE,0,False,60.36534434592692,0.0230053861650516,INDETERMINATE,0,False,60.33607467890422,0.0157359473014615,INDETERMINATE,0000,p0000,True,0.08472856423442465,-0.0014807953796420747,-0.030750462402345136,-0.02926966702270306
3sat_53.cnf,0,False,60.28092991040547,0.025164948890617,INDETERMINATE,0,False,60.37584314130657,0.0193622664249603,INDETERMINATE,0,False,60.37711667926026,0.0263204049244162,INDETERMINATE,0,False,60.351289678904216,0.0170158704787401,INDETERMINATE,0000,p0000,True,0.09491323090109915,0.0012735379536934488,-0.02455346240235201,-0.02582700035604546
3sat_54.cnf,3,True,22.253769825998944,0.2580621920616888,SATISFIABLE,3,True,22.10059900448608,0.1004766896881319,SATISFIABLE,3,True,22.18211596076965,0.1978329671970216,SATISFIABLE,3,True,22.30608069256083,0.1853441820867092,SATISFIABLE,1111,p1111,True,-0.15317082151286243,0.08151695628356848,0.2054816880747481,0.12396473179117962
3sat_55.cnf,0,False,60.27543649266562,0.0013066463136107,INDETERMINATE,0,False,60.39508167115275,0.0188661693055674,INDETERMINATE,0,False,60.40634829410299,0.0518539752609009,INDETERMINATE,0,False,60.3776353592275,0.0071525124000725,INDETERMINATE,0000,p0000,True,0.11964517848713285,0.011266622950238059,-0.01744631192525503,-0.02871293487549309
3sat_56.cnf,0,False,60.28303649266561,0.0083583229532228,INDETERMINATE,0,False,60.36718000448608,0.0301976839982688,INDETERMINATE,0,False,60.39154262743632,0.0466540178114464,INDETERMINATE,0,False,60.38607302589416,0.0171015349025228,INDETERMINATE,0000,p0000,True,0.08414351182047142,0.024362622950242496,0.01889302140808269,-0.005469601542159808
3sat_57.cnf,0,False,60.27326982599895,0.0084328795695014,INDETERMINATE,0,False,60.38194667115275,0.0337869543623859,INDETERMINATE,0,False,60.402852294102985,0.0417310411056859,INDETERMINATE,0,False,60.38772969256083,0.0195687681889237,INDETERMINATE,0000,p0000,True,0.10867684515379494,0.020905622950238012,0.005783021408085176,-0.015122601542152836
3sat_58.cnf,0,False,60.278936492665615,0.011404792530661,INDETERMINATE,0,False,60.38795000448608,0.0227573406414894,INDETERMINATE,0,False,60.419155294102985,0.0586372378245879,INDETERMINATE,0,False,60.39228869256083,0.0126532381300863,INDETERMINATE,0000,p0000,True,0.10901351182046426,0.031205289616906384,0.00433868807475335,-0.026866601542153035
3sat_59.cnf,0,False,60.27343649266561,0.008228489854579,INDETERMINATE,0,False,60.38230533781942,0.0157345859124866,INDETERMINATE,0,False,60.40300996076965,0.049358217122894,INDETERMINATE,0,False,60.37230335922749,0.0078350942451177,INDETERMINATE,0000,p0000,True,0.10886884515380757,0.020704622950233897,-0.010001978591930083,-0.03070660154216398
3sat_6.cnf,0,False,60.279836492665616,0.0132949393389628,INDETERMINATE,0,False,60.37267233781942,0.0209590519570992,INDETERMINATE,0,False,60.41992096076965,0.0514824485065207,INDETERMINATE,0,False,60.37433669256083,0.0360319791471618,INDETERMINATE,0000,p0000,True,0.09283584515380028,0.04724862295023513,0.0016643547414147974,-0.04558426820882033
3sat_60.cnf,0,False,60.28510315933227,0.0088374237046008,INDETERMINATE,0,False,60.37833033781942,0.0320899255700905,INDETERMINATE,0,False,60.40913562743632,0.0391667015755663,INDETERMINATE,0,False,60.3845043592275,0.0123665756971084,INDETERMINATE,0000,p0000,True,0.09322717848714746,0.03080528961690021,0.006174021408078545,-0.024631268208821666
3sat_61.cnf,0,False,60.27490315933227,0.0060513752768611,INDETERMINATE,0,False,60.375943671152754,0.0203086821822172,INDETERMINATE,0,False,60.40480162743631,0.0473874052837253,INDETERMINATE,0,False,60.37384102589416,0.0254280124766729,INDETERMINATE,0000,p0000,True,0.10104051182048579,0.02885795628355936,-0.0021026452585957145,-0.030960601542155075
3sat_62.cnf,0,False,60.27560315933227,0.0072073398357698,INDETERMINATE,0,False,60.39350533781942,0.0273873586948713,INDETERMINATE,0,False,60.38892562743632,0.0610175298552089,INDETERMINATE,0,False,60.370810025894166,0.0175755742287986,INDETERMINATE,0000,p0000,True,0.11790217848714946,-0.00457971038309779,-0.022695311925254202,-0.018115601542156412
3sat_63.cnf,3,True,5.268212139714559,0.0984754392276443,SATISFIABLE,3,True,5.521986461441039,0.102181706793752,SATISFIABLE,3,True,5.448542754699708,0.0446238664729487,SATISFIABLE,3,True,5.581813855214437,0.1329629619319642,SATISFIABLE,1111,p1111,True,0.25377432172648007,-0.07344370674133138,0.059827393773398185,0.13327110051472957
3sat_64.cnf,0,False,60.28153213971456,0.0232101368752782,INDETERMINATE,0,False,60.35831779477437,0.0128626934761158,INDETERMINATE,0,False,60.357990754699706,0.0340677673774699,INDETERMINATE,0,False,60.39411618854778,0.0220519095007422,INDETERMINATE,0000,p0000,True,0.07678565505981538,-0.00032704007466577423,0.03579839377340477,0.03612543384807054
3sat_65.cnf,3,True,0.3138311397145589,0.0203687162556011,SATISFIABLE,3,True,0.3494911281077066,0.0220634433827755,SATISFIABLE,3,True,0.3480234213663737,0.0271355645488681,SATISFIABLE,3,True,0.3869205218811034,0.0288914448425009,SATISFIABLE,1111,p1111,True,0.03565998839314771,-0.001467706741332897,0.03742939377339677,0.038897100514729666
3sat_66.cnf,0,False,60.27756547304789,0.0133942140138321,INDETERMINATE,0,False,60.36451979477437,0.0392031803936424,INDETERMINATE,0,False,60.351366088033046,0.0053917507355409,INDETERMINATE,0,False,60.39518518854777,0.0311588431350859,INDETERMINATE,0000,p0000,True,0.08695432172647344,-0.013153706741320548,0.030665393773404048,0.043819100514724596
3sat_67.cnf,0,False,60.28636547304789,0.016711138824774,INDETERMINATE,0,False,60.37045246144104,0.0243108912707423,INDETERMINATE,0,False,60.36012375469971,0.010293185109364,INDETERMINATE,0,False,60.409919188547775,0.0427810571986748,INDETERMINATE,0000,p0000,True,0.0840869883931532,-0.010328706741333349,0.03946672710673482,0.04979543384806817
3sat_68.cnf,0,False,60.28559880638122,0.0219558586705237,INDETERMINATE,0,False,60.36749712810771,0.0221851386483608,INDETERMINATE,0,False,60.359559754699696,0.0103954143302006,INDETERMINATE,0,False,60.41241552188111,0.0390019283633106,INDETERMINATE,0000,p0000,True,0.08189832172648437,-0.00793737340801215,0.04491839377340057,0.052855767181412716
3sat_69.cnf,0,False,60.28586547304789,0.0213147022893724,INDETERMINATE,0,False,60.36532046144104,0.0173369497385458,INDETERMINATE,0,False,60.3699157546997,0.0182075785671814,INDETERMINATE,0,False,60.40110885521443,0.0409714837977886,INDETERMINATE,0000,p0000,True,0.07945498839314524,0.004595293258660149,0.03578839377339449,0.03119310051473434
3sat_7.cnf,0,False,60.29143213971455,0.0222070860971455,INDETERMINATE,0,False,60.36821179477437,0.0257216234703927,INDETERMINATE,0,False,60.3420377546997,0.0238363810529403,INDETERMINATE,0,False,60.3991565218811,0.0248363923074459,INDETERMINATE,0000,p0000,True,0.07677965505981632,-0.026174040074664617,0.03094472710673557,0.05711876718140019
3sat_70.cnf,3,True,0.3492704730478921,0.0212918270178274,SATISFIABLE,3,True,0.4268707947743733,0.0188659913280318,SATISFIABLE,3,True,0.4225810880330403,0.0164831532647596,SATISFIABLE,3,True,0.4714845218811035,0.0320543908988753,SATISFIABLE,1111,p1111,True,0.07760032172648118,-0.004289706741332999,0.04461372710673023,0.04890343384806323
3sat_71.cnf,0,False,60.29173213971456,0.0222946041056185,INDETERMINATE,0,False,60.358804461441046,0.0231718704052044,INDETERMINATE,0,False,60.36479142136637,0.0188295396550005,INDETERMINATE,0,False,60.3909675218811,0.014437956313372,INDETERMINATE,0000,p0000,True,0.06707232172648503,0.005986959925323276,0.03216306044005535,0.02617610051473207
3sat_72.cnf,0,False,60.28829568951924,0.0102798218392284,INDETERMINATE,0,False,60.35166329020692,0.0069531166240652,INDETERMINATE,0,False,60.358098030410765,0.0174626864186199,INDETERMINATE,0,False,60.395134544331874,0.0215146821516217,INDETERMINATE,0000,p0000,True,0.06336760068768399,0.006434740203843603,0.04347125412495245,0.03703651392110885
3sat_73.cnf,0,False,60.28039568951925,0.0156474835553122,INDETERMINATE,0,False,60.35804895687357,0.0243313572570313,INDETERMINATE,0,False,60.3445323637441,0.0033341469368742,INDETERMINATE,0,False,60.40055221099853,0.0194031015203964,INDETERMINATE,0000,p0000,True,0.07765326735431444,-0.013516593129466514,0.042503254124959255,0.05601984725442577
3sat_74.cnf,0,False,60.28819568951925,0.0175287918742845,INDETERMINATE,0,False,60.36169995687357,0.013628697952676,INDETERMINATE,0,False,60.35874069707743,0.0109392314315281,INDETERMINATE,0,False,60.39828454433188,0.030638146578469,INDETERMINATE,0000,p0000,True,0.07350426735432336,-0.0029592597961425327,0.03658458745830728,0.039543847254449815
3sat_75.cnf,0,False,60.29296235618591,0.0162775061829986,INDETERMINATE,0,False,60.36514362354024,0.020074093792182,INDETERMINATE,0,False,60.349379030410766,0.0174267595710399,INDETERMINATE,0,False,60.38053521099854,0.0385258575097652,INDETERMINATE,0000,p0000,True,0.07218126735433117,-0.015764593129475202,0.015391587458296385,0.031156180587771587
3sat_76.cnf,0,False,60.292562356185904,0.014802364213718,INDETERMINATE,0,False,60.363715290206905,0.0091389128558033,INDETERMINATE,0,False,60.35288369707743,0.0130712648627777,INDETERMINATE,0,False,60.3914498776652,0.0260735612623003,INDETERMINATE,0000,p0000,True,0.07115293402100065,-0.010831593129474015,0.02773458745829771,0.038566180587771726
3sat_77.cnf,0,False,60.295795689519245,0.0090060458909858,INDETERMINATE,0,False,60.35086195687358,0.0107586097247754,INDETERMINATE,0,False,60.3420433637441,0.0054627017143081,INDETERMINATE,0,False,60.39009654433187,0.0344500986407299,INDETERMINATE,0000,p0000,True,0.055066267354334286,-0.008818593129483077,0.03923458745828867,0.04805318058777175
3sat_78.cnf,0,False,60.29362902285258,0.0149985500857662,INDETERMINATE,0,False,60.35248962354024,0.0152175501665662,INDETERMINATE,0,False,60.355137030410766,0.0174399572038292,INDETERMINATE,0,False,60.39112887766521,0.02165118882863,INDETERMINATE,0000,p0000,True,0.05886060068765886,0.002647406870529778,0.03863925412497338,0.0359918472544436
3sat_79.cnf,0,False,60.29406235618592,0.0166971225550738,INDETERMINATE,0,False,60.37148262354025,0.0117016889212277,INDETERMINATE,0,False,60.35223836374411,0.0109564242115201,INDETERMINATE,0,False,60.39246754433187,0.0279599164426335,INDETERMINATE,0000,p0000,True,0.07742026735433427,-0.01924425979614597,0.020984920791619288,0.040229180587765256
3sat_8.cnf,0,False,60.29092902285257,0.0189166712386415,INDETERMINATE,0,False,60.35501295687357,0.0123392030593734,INDETERMINATE,0,False,60.3328793637441,0.0336705146995011,INDETERMINATE,0,False,60.39755687766521,0.0237549935238579,INDETERMINATE,0000,p0000,True,0.06408393402099932,-0.022133593129474605,0.042543920791636936,0.06467751392111154
3sat_80.cnf,0,False,60.28356235618591,0.0167321321015012,INDETERMINATE,0,False,60.34787395687358,0.0012114120532998,INDETERMINATE,0,False,60.33847203041077,0.0118678226821532,INDETERMINATE,0,False,60.3944908776652,0.0351736574038285,INDETERMINATE,0000,p0000,True,0.06431160068766673,-0.009401926462807353,0.04661692079162094,0.056018847254428294
3sat_81.cnf,0,False,60.281611064275104,0.0149726995372904,INDETERMINATE,0,False,60.36273873797099,0.0091510494632581,INDETERMINATE,0,False,60.3442261041514,0.0210080981407339,INDETERMINATE,0,False,60.36833749364217,0.0105537071998007,INDETERMINATE,0000,p0000,True,0.0811276736958888,-0.018512633819590008,0.005598755671179845,0.024111389490769852
3sat_82.cnf,3,True,25.54941106427511,0.3859111295217562,SATISFIABLE,3,True,25.22958607130432,0.4055686687054093,SATISFIABLE,3,True,43.47358310415141,0.6610380585642496,SATISFIABLE,3,True,25.83784349364217,0.3490190579013051,SATISFIABLE,1111,p1111,True,-0.3198249929707906,18.24399703284709,0.6082574223378501,-17.63573961050924
3sat_83.cnf,0,False,60.290277730941774,0.0223660270236089,INDETERMINATE,0,False,60.370240404637656,0.0217515687380172,INDETERMINATE,0,False,60.34804377081807,0.0252512352205082,INDETERMINATE,0,False,60.36118249364217,0.0092412528328998,INDETERMINATE,0000,p0000,True,0.07996267369588139,-0.0221966338195827,-0.009057910995487362,0.013138722824095339
3sat_84.cnf,0,False,60.28224439760845,0.0253695802057638,INDETERMINATE,0,False,60.37624973797099,0.013995696937349,INDETERMINATE,0,False,60.35260310415142,0.0169671602285128,INDETERMINATE,0,False,60.377112493642166,0.0072901354618188,INDETERMINATE,0000,p0000,True,0.0940053403625356,-0.023646633819566887,0.000862755671178661,0.024509389490745548
3sat_85.cnf,0,False,60.28361106427511,0.0167722186855224,INDETERMINATE,3,True,1.1831444046376547,0.0215208953217384,SATISFIABLE,3,True,1.1667457708180746,0.0189479303630113,SATISFIABLE,3,True,1.1944598269755045,0.0145793602262433,SATISFIABLE,0111,p0111,True,-59.100466659637455,-0.016398633819580066,0.011315422337849768,0.027714056157429834
3sat_86.cnf,3,True,3.526461064275105,0.0578294952629425,SATISFIABLE,3,True,4.185321737970988,0.1299110392992799,SATISFIABLE,3,True,3.572484104151408,0.0599841165895142,SATISFIABLE,3,True,4.207639160308838,0.0812487651814145,SATISFIABLE,1111,p1111,True,0.6588606736958833,-0.6128376338195802,0.02231742233784928,0.6351550561574295
3sat_87.cnf,0,False,60.28527773094177,0.028680461002098,INDETERMINATE,0,False,60.36722273797099,0.0153873795157293,INDETERMINATE,0,False,60.34150177081808,0.017544625204428,INDETERMINATE,0,False,60.37810949364217,0.0080012714784715,INDETERMINATE,0000,p0000,True,0.08194500702921914,-0.025720967152913943,0.010886755671180026,0.03660772282409397
3sat_88.cnf,3,True,0.5420210642751058,0.0191986460606221,SATISFIABLE,3,True,0.6257790713043213,0.007497259943766,SATISFIABLE,3,True,0.6070441041514079,0.0262683324092853,SATISFIABLE,3,True,0.6313628269755045,0.0089387193045093,SATISFIABLE,1111,p1111,True,0.08375800702921554,-0.01873496715291345,0.005583755671183188,0.02431872282409664
3sat_89.cnf,0,False,60.28041106427511,0.0275212557396201,INDETERMINATE,3,True,0.5754900713043213,0.0116074693139696,SATISFIABLE,3,True,0.5501757708180746,0.0231056071858761,SATISFIABLE,3,True,0.5777241603088379,0.0069819876216949,SATISFIABLE,0111,p0111,True,-59.704920992970784,-0.02531430048624672,0.002234089004516604,0.027548389490763325
3sat_9.cnf,0,False,60.28687773094177,0.02623687551744,INDETERMINATE,0,False,60.38146040463766,0.0036897285692161,INDETERMINATE,0,False,60.35061710415141,0.0191851444440523,INDETERMINATE,0,False,60.38539216030884,0.003402620781221,INDETERMINATE,0000,p0000,True,0.09458267369588924,-0.030843300486246505,0.003931755671182202,0.03477505615742871
3sat_90.cnf,0,False,60.28125322596232,0.014801117903998,INDETERMINATE,0,False,60.3801016095988,0.017428351550567,INDETERMINATE,0,False,60.34006604871623,0.015419487621425,INDETERMINATE,0,False,60.37317660466004,0.0045005818401436,INDETERMINATE,0000,p0000,True,0.0988483836364864,-0.040035560882571986,-0.0069250049387648005,0.033110555943807185
3sat_91.cnf,3,True,0.5321088926289876,0.0120345494929004,SATISFIABLE,3,True,0.3934606095987956,0.0097129218376632,SATISFIABLE,3,True,0.6050947153828939,0.0220988426585331,SATISFIABLE,3,True,0.3944712713267008,0.0050864855119506,SATISFIABLE,1111,p1111,True,-0.13864828303019205,0.21163410578409836,0.0010106617279052044,-0.21062344405619315
3sat_92.cnf,3,True,9.094086559295654,0.1605790041712146,SATISFIABLE,3,True,3.951528609598796,0.0624886656181366,SATISFIABLE,3,True,9.02877838204956,0.0767048090096326,SATISFIABLE,3,True,3.879925604660034,0.0699203683317623,SATISFIABLE,1111,p1111,True,-5.142557949696858,5.077249772450765,-0.07160300493876193,-5.148852777389527
3sat_93.cnf,3,True,22.86105322596232,0.5770970196408335,SATISFIABLE,3,True,23.079835942932124,0.4421669691028868,SATISFIABLE,3,True,26.219463715382897,0.2923437609341229,SATISFIABLE,3,True,23.0664132713267,0.2577276750160918,SATISFIABLE,1111,p1111,True,0.21878271696980534,3.1396277724507726,-0.013422671605425762,-3.1530504440561984
3sat_94.cnf,3,True,2.035936559295654,0.0529351384141079,SATISFIABLE,3,True,2.112454942932129,0.0140565000369887,SATISFIABLE,3,True,2.0878633820495605,0.022895683399734,SATISFIABLE,3,True,2.091125271326701,0.0311708128034232,SATISFIABLE,1111,p1111,True,0.07651838363647467,-0.02459156088256842,-0.02132967160542787,0.0032618892771405505
3sat_95.cnf,0,False,60.28695322596232,0.017636068816931,INDETERMINATE,0,False,60.362782276265456,0.0078172219625845,INDETERMINATE,0,False,60.3497477153829,0.0274535051174808,INDETERMINATE,0,False,60.36457193799337,0.0017430982280043,INDETERMINATE,0000,p0000,True,0.07582905030313469,-0.013034560882559276,0.001789661727912062,0.014824222610471338
3sat_96.cnf,3,True,0.5064698926289876,0.0083739072379651,SATISFIABLE,3,True,0.4504252762654622,0.0042940850772189,SATISFIABLE,3,True,0.4269130487162271,0.0302443274766124,SATISFIABLE,3,True,0.4527292713267008,0.0107608853127748,SATISFIABLE,1111,p1111,True,-0.05604461636352537,-0.0235122275492351,0.0023039950612386284,0.025816222610473727
3sat_97.cnf,0,False,60.28568655929566,0.0131370116069883,INDETERMINATE,3,True,14.611810609598791,0.1237393741498984,SATISFIABLE,3,True,14.58285738204956,0.1977303150891719,SATISFIABLE,3,True,14.6286582713267,0.1105865430264938,SATISFIABLE,0111,p0111,True,-45.67387594969687,-0.028953227549230576,0.016847661727908303,0.04580088927713888
3sat_98.cnf,0,False,60.27858655929566,0.0107588892710516,INDETERMINATE,0,False,60.37792627626546,0.0158838148522942,INDETERMINATE,0,False,60.34204738204957,0.0265324738533707,INDETERMINATE,0,False,60.36803060466003,0.0095037821500154,INDETERMINATE,0000,p0000,True,0.09933971696980137,-0.035878894215890966,-0.009895671605434586,0.02598322261045638
3sat_99.cnf,0,False,60.27958655929566,0.0109471373242139,INDETERMINATE,0,False,60.3691096095988,0.0153139011601687,INDETERMINATE,0,False,60.35419438204956,0.0227467724029096,INDETERMINATE,0,False,60.36454560466004,0.0027129529892463,INDETERMINATE,0000,p0000,True,0.08952305030314278,-0.014915227549238352,-0.004564004938764299,0.010351222610474053
