cadical_result,cadical_solved,cadical_time,cadical_wall_time,file,file_key,local_actual_wall_time,local_cpu_time_reported,local_external_timeout,local_result,local_solved,local_stage,local_total_time_reported,local_wall_time,portfolio_solved,portfolio_time
UNKNOWN,False,55.0,55.00790678523481,/home/sunshixin/chenchao/my_rlaf/data/test/3sat/400/3sat_0.cnf,3sat_0.cnf,5.036725546699017,4.730101858265698,True,TIMEOUT,False,final,4.869246296315015,5.0,False,60.0
,False,,,/home/sunshixin/chenchao/my_rlaf/data/test/3sat/400/3sat_1.cnf,3sat_1.cnf,2.4612194299697876,2.16015,False,SATISFIABLE,True,final,2.29204429119873,2.4612194299697876,True,2.4612194299697876
SATISFIABLE,True,0.49728781497105956,0.49728781497105956,/home/sunshixin/chenchao/my_rlaf/data/test/3sat/400/3sat_10.cnf,3sat_10.cnf,5.036389330867678,4.740398744121194,True,TIMEOUT,False,final,4.875245896983743,5.0,True,5.49728781497106
,False,,,/home/sunshixin/chenchao/my_rlaf/data/test/3sat/400/3sat_100.cnf,3sat_100.cnf,0.34977826895192266,0.047962,False,SATISFIABLE,True,final,0.18077672512817383,0.34977826895192266,True,0.34977826895192266
UNKNOWN,False,55.0,55.009237909223884,/home/sunshixin/chenchao/my_rlaf/data/test/3sat/400/3sat_101.cnf,3sat_101.cnf,5.036618235055357,4.680782260838896,True,TIMEOUT,False,final,4.873190521001249,5.0,False,60.0
UNKNOWN,False,55.0,55.007235154975206,/home/sunshixin/chenchao/my_rlaf/data/test/3sat/400/3sat_102.cnf,3sat_102.cnf,5.036345148924738,4.740596652962267,True,TIMEOUT,False,final,4.877328706062853,5.0,False,60.0
UNKNOWN,False,55.0,55.007424070034176,/home/sunshixin/chenchao/my_rlaf/data/test/3sat/400/3sat_103.cnf,3sat_103.cnf,5.0356247066520154,4.739949952345341,True,TIMEOUT,False,final,4.867535370314092,5.0,False,60.0
UNKNOWN,False,55.0,55.00709096994251,/home/sunshixin/chenchao/my_rlaf/data/test/3sat/400/3sat_104.cnf,3sat_104.cnf,5.03545902017504,4.739855171646923,True,TIMEOUT,False,final,4.871016584946483,5.0,False,60.0
UNKNOWN,False,55.0,55.008522862102836,/home/sunshixin/chenchao/my_rlaf/data/test/3sat/400/3sat_105.cnf,3sat_105.cnf,5.0370847643353045,4.74436236359179,True,TIMEOUT,False,final,4.876308703206658,5.0,False,60.0
UNKNOWN,False,55.0,55.00913733104244,/home/sunshixin/chenchao/my_rlaf/data/test/3sat/400/3sat_106.cnf,3sat_106.cnf,5.03776215063408,4.735308179166168,True,TIMEOUT,False,final,4.873051629437774,5.0,False,60.0
UNKNOWN,False,55.0,55.00679263425991,/home/sunshixin/chenchao/my_rlaf/data/test/3sat/400/3sat_107.cnf,3sat_107.cnf,5.037700492423028,4.689366566948593,True,TIMEOUT,False,final,4.875851499169052,5.0,False,60.0
UNKNOWN,False,55.0,55.00709533318877,/home/sunshixin/chenchao/my_rlaf/data/test/3sat/400/3sat_108.cnf,3sat_108.cnf,5.035589416977018,4.740736764855683,True,TIMEOUT,False,final,4.878636245904267,5.0,False,60.0
UNKNOWN,False,55.0,55.00803474802524,/home/sunshixin/chenchao/my_rlaf/data/test/3sat/400/3sat_109.cnf,3sat_109.cnf,5.0368202538229525,4.743069976102561,True,TIMEOUT,False,final,4.874631667920798,5.0,False,60.0
,False,,,/home/sunshixin/chenchao/my_rlaf/data/test/3sat/400/3sat_11.cnf,3sat_11.cnf,1.3753020609728992,1.06372,False,SATISFIABLE,True,final,1.1994853953857423,1.3753020609728992,True,1.3753020609728992
UNKNOWN,False,55.0,55.00582356797531,/home/sunshixin/chenchao/my_rlaf/data/test/3sat/400/3sat_110.cnf,3sat_110.cnf,5.0368363982997835,4.739790768828243,True,TIMEOUT,False,final,4.865918238615841,5.0,False,60.0
SATISFIABLE,True,54.280524912290275,54.280524912290275,/home/sunshixin/chenchao/my_rlaf/data/test/3sat/400/3sat_111.cnf,3sat_111.cnf,5.035241797100753,4.7118485239334404,True,TIMEOUT,False,final,4.8694724592361744,5.0,True,59.280524912290275
UNKNOWN,False,55.0,55.00714491494,/home/sunshixin/chenchao/my_rlaf/data/test/3sat/400/3sat_112.cnf,3sat_112.cnf,5.036129808053374,4.696453096810728,True,TIMEOUT,False,final,4.868707019082457,5.0,False,60.0
UNKNOWN,False,55.0,55.00736459624022,/home/sunshixin/chenchao/my_rlaf/data/test/3sat/400/3sat_113.cnf,3sat_113.cnf,5.035985894035548,4.734378783963621,True,TIMEOUT,False,final,4.8704670384344455,5.0,False,60.0
UNKNOWN,False,55.0,55.00743191735819,/home/sunshixin/chenchao/my_rlaf/data/test/3sat/400/3sat_114.cnf,3sat_114.cnf,5.038360393606126,4.738688350189477,True,TIMEOUT,False,final,4.875196005691796,5.0,False,60.0
UNKNOWN,False,55.0,55.006482179276645,/home/sunshixin/chenchao/my_rlaf/data/test/3sat/400/3sat_115.cnf,3sat_115.cnf,5.036384864710271,4.740818199235946,True,TIMEOUT,False,final,4.871223293306381,5.0,False,60.0
UNKNOWN,False,55.0,55.00631967000663,/home/sunshixin/chenchao/my_rlaf/data/test/3sat/400/3sat_116.cnf,3sat_116.cnf,5.036576515994966,4.740036838222295,True,TIMEOUT,False,final,4.875266431392461,5.0,False,60.0
UNKNOWN,False,55.0,55.006846853066236,/home/sunshixin/chenchao/my_rlaf/data/test/3sat/400/3sat_117.cnf,3sat_117.cnf,5.036242738831788,4.734630779828876,True,TIMEOUT,False,final,4.868297171949237,5.0,False,60.0
UNKNOWN,False,55.0,55.00616418989375,/home/sunshixin/chenchao/my_rlaf/data/test/3sat/400/3sat_118.cnf,3sat_118.cnf,5.035867723636329,4.738510510418564,True,TIMEOUT,False,final,4.87793696183458,5.0,False,60.0
UNKNOWN,False,55.0,55.007375113200396,/home/sunshixin/chenchao/my_rlaf/data/test/3sat/400/3sat_119.cnf,3sat_119.cnf,5.037930889986455,4.699022843968123,True,TIMEOUT,False,final,4.879854931538314,5.0,False,60.0
UNKNOWN,False,55.0,55.0072586000897,/home/sunshixin/chenchao/my_rlaf/data/test/3sat/400/3sat_12.cnf,3sat_12.cnf,5.037339113187045,4.740136995911598,True,TIMEOUT,False,final,4.869810765351295,5.0,False,60.0
,False,,,/home/sunshixin/chenchao/my_rlaf/data/test/3sat/400/3sat_120.cnf,3sat_120.cnf,0.8216748228296638,0.527304,False,SATISFIABLE,True,final,0.6504523961334229,0.8216748228296638,True,0.8216748228296638
,False,,,/home/sunshixin/chenchao/my_rlaf/data/test/3sat/400/3sat_121.cnf,3sat_121.cnf,1.377166067250073,1.08093,False,SATISFIABLE,True,final,1.210400931625366,1.377166067250073,True,1.377166067250073
SATISFIABLE,True,5.381590801291168,5.381590801291168,/home/sunshixin/chenchao/my_rlaf/data/test/3sat/400/3sat_122.cnf,3sat_122.cnf,5.037867681588978,4.7091005011461675,True,TIMEOUT,False,final,4.870136035905689,5.0,True,10.381590801291168
SATISFIABLE,True,1.1482562948949635,1.1482562948949635,/home/sunshixin/chenchao/my_rlaf/data/test/3sat/400/3sat_123.cnf,3sat_123.cnf,5.036750301253051,4.730285232886672,True,TIMEOUT,False,final,4.866710165870071,5.0,True,6.1482562948949635
,False,,,/home/sunshixin/chenchao/my_rlaf/data/test/3sat/400/3sat_124.cnf,3sat_124.cnf,0.27937488816678524,0.009839,False,SATISFIABLE,True,final,0.13052579823303223,0.27937488816678524,True,0.27937488816678524
,False,,,/home/sunshixin/chenchao/my_rlaf/data/test/3sat/400/3sat_125.cnf,3sat_125.cnf,2.7330263718031347,2.43466,False,SATISFIABLE,True,final,2.560743542312622,2.7330263718031347,True,2.7330263718031347
UNKNOWN,False,55.0,55.00598239572719,/home/sunshixin/chenchao/my_rlaf/data/test/3sat/400/3sat_126.cnf,3sat_126.cnf,5.036703417077661,4.718930138275027,True,TIMEOUT,False,final,4.862828371246219,5.0,False,60.0
SATISFIABLE,True,43.299486845731735,43.299486845731735,/home/sunshixin/chenchao/my_rlaf/data/test/3sat/400/3sat_127.cnf,3sat_127.cnf,5.0369808953255415,4.554336708970368,True,TIMEOUT,False,final,4.7224797558453675,5.0,True,48.299486845731735
SATISFIABLE,True,2.1521025439724326,2.1521025439724326,/home/sunshixin/chenchao/my_rlaf/data/test/3sat/400/3sat_128.cnf,3sat_128.cnf,5.037300223950297,4.728384282905608,True,TIMEOUT,False,final,4.874858456077606,5.0,True,7.152102543972433
,False,,,/home/sunshixin/chenchao/my_rlaf/data/test/3sat/400/3sat_129.cnf,3sat_129.cnf,0.9180871960707009,0.61293,False,SATISFIABLE,True,final,0.7455644407196045,0.9180871960707009,True,0.9180871960707009
SATISFIABLE,True,38.45921102585271,38.45921102585271,/home/sunshixin/chenchao/my_rlaf/data/test/3sat/400/3sat_13.cnf,3sat_13.cnf,5.036846366710961,4.731017664074898,True,TIMEOUT,False,final,4.860369510464668,5.0,True,43.45921102585271
,False,,,/home/sunshixin/chenchao/my_rlaf/data/test/3sat/400/3sat_130.cnf,3sat_130.cnf,3.766571380198002,3.46092,False,SATISFIABLE,True,final,3.5948055173339846,3.766571380198002,True,3.766571380198002
,False,,,/home/sunshixin/chenchao/my_rlaf/data/test/3sat/400/3sat_131.cnf,3sat_131.cnf,2.840121990069747,2.53407,False,SATISFIABLE,True,final,2.6739543239593506,2.840121990069747,True,2.840121990069747
,False,,,/home/sunshixin/chenchao/my_rlaf/data/test/3sat/400/3sat_132.cnf,3sat_132.cnf,0.32818426890298724,0.035615,False,SATISFIABLE,True,final,0.16574888648986816,0.32818426890298724,True,0.32818426890298724
UNKNOWN,False,55.0,55.00684768194333,/home/sunshixin/chenchao/my_rlaf/data/test/3sat/400/3sat_133.cnf,3sat_133.cnf,5.037218367215246,4.710095867048949,True,TIMEOUT,False,final,4.868251031996459,5.0,False,60.0
UNKNOWN,False,55.0,55.007144573144615,/home/sunshixin/chenchao/my_rlaf/data/test/3sat/400/3sat_134.cnf,3sat_134.cnf,5.036913617979735,4.7249707956798375,True,TIMEOUT,False,final,4.8755753291881385,5.0,False,60.0
UNKNOWN,False,55.0,55.00632252916694,/home/sunshixin/chenchao/my_rlaf/data/test/3sat/400/3sat_135.cnf,3sat_135.cnf,5.038683889899403,4.738518660888076,True,TIMEOUT,False,final,4.875859890181899,5.0,False,60.0
UNKNOWN,False,55.0,55.00746650714427,/home/sunshixin/chenchao/my_rlaf/data/test/3sat/400/3sat_136.cnf,3sat_136.cnf,5.036983609199524,4.729255158919841,True,TIMEOUT,False,final,4.871729934371501,5.0,False,60.0
UNKNOWN,False,55.0,55.00653286790475,/home/sunshixin/chenchao/my_rlaf/data/test/3sat/400/3sat_137.cnf,3sat_137.cnf,5.036284755915403,4.733793586026877,True,TIMEOUT,False,final,4.865172149366111,5.0,False,60.0
SATISFIABLE,True,29.237642448861152,29.237642448861152,/home/sunshixin/chenchao/my_rlaf/data/test/3sat/400/3sat_138.cnf,3sat_138.cnf,5.0366314691491425,4.7326984237879515,True,TIMEOUT,False,final,4.865864200109362,5.0,True,34.23764244886115
UNKNOWN,False,55.0,55.00682668760419,/home/sunshixin/chenchao/my_rlaf/data/test/3sat/400/3sat_139.cnf,3sat_139.cnf,5.036622724961489,4.742741698864847,True,TIMEOUT,False,final,4.86717240574351,5.0,False,60.0
,False,,,/home/sunshixin/chenchao/my_rlaf/data/test/3sat/400/3sat_14.cnf,3sat_14.cnf,4.356638913042843,4.05992,False,SATISFIABLE,True,final,4.1897511854400635,4.356638913042843,True,4.356638913042843
,False,,,/home/sunshixin/chenchao/my_rlaf/data/test/3sat/400/3sat_140.cnf,3sat_140.cnf,4.198411134071648,3.85414,False,SATISFIABLE,True,final,4.028155661834717,4.198411134071648,True,4.198411134071648
,False,,,/home/sunshixin/chenchao/my_rlaf/data/test/3sat/400/3sat_141.cnf,3sat_141.cnf,2.575429853051901,2.25167,False,SATISFIABLE,True,final,2.3966069319610592,2.575429853051901,True,2.575429853051901
,False,,,/home/sunshixin/chenchao/my_rlaf/data/test/3sat/400/3sat_142.cnf,3sat_142.cnf,1.9309362559579313,1.6189,False,SATISFIABLE,True,final,1.7628322084503174,1.9309362559579313,True,1.9309362559579313
UNKNOWN,False,55.0,55.0067671360448,/home/sunshixin/chenchao/my_rlaf/data/test/3sat/400/3sat_143.cnf,3sat_143.cnf,5.03702157875523,4.733956245239824,True,TIMEOUT,False,final,4.875821321182817,5.0,False,60.0
UNKNOWN,False,55.0,55.004965043161064,/home/sunshixin/chenchao/my_rlaf/data/test/3sat/400/3sat_144.cnf,3sat_144.cnf,5.037756030913442,4.729911197908223,True,TIMEOUT,False,final,4.8713346195085645,5.0,False,60.0
UNKNOWN,False,55.0,55.006705885753036,/home/sunshixin/chenchao/my_rlaf/data/test/3sat/400/3sat_145.cnf,3sat_145.cnf,5.03680481063202,4.737459808122367,True,TIMEOUT,False,final,4.872000401033134,5.0,False,60.0
UNKNOWN,False,55.0,55.00742452125996,/home/sunshixin/chenchao/my_rlaf/data/test/3sat/400/3sat_146.cnf,3sat_146.cnf,5.037037116941065,4.733335972763598,True,TIMEOUT,False,final,4.877377594849169,5.0,False,60.0
UNKNOWN,False,55.0,55.00687557132915,/home/sunshixin/chenchao/my_rlaf/data/test/3sat/400/3sat_147.cnf,3sat_147.cnf,5.0361823588609695,4.733973891939968,True,TIMEOUT,False,final,4.868187544314235,5.0,False,60.0
SATISFIABLE,True,21.79150035465136,21.79150035465136,/home/sunshixin/chenchao/my_rlaf/data/test/3sat/400/3sat_148.cnf,3sat_148.cnf,5.0357108800671995,4.73560302099213,True,TIMEOUT,False,final,4.872483070491642,5.0,True,26.79150035465136
,False,,,/home/sunshixin/chenchao/my_rlaf/data/test/3sat/400/3sat_149.cnf,3sat_149.cnf,3.237030736170709,2.92216,False,SATISFIABLE,True,final,3.06684612701416,3.237030736170709,True,3.237030736170709
UNKNOWN,False,55.0,55.00695474119857,/home/sunshixin/chenchao/my_rlaf/data/test/3sat/400/3sat_15.cnf,3sat_15.cnf,5.036266203969717,4.733882094733417,True,TIMEOUT,False,final,4.875230666632831,5.0,False,60.0
,False,,,/home/sunshixin/chenchao/my_rlaf/data/test/3sat/400/3sat_150.cnf,3sat_150.cnf,0.6030070651322603,0.296473,False,SATISFIABLE,True,final,0.435924832901001,0.6030070651322603,True,0.6030070651322603
UNKNOWN,False,55.0,55.0059007150121,/home/sunshixin/chenchao/my_rlaf/data/test/3sat/400/3sat_151.cnf,3sat_151.cnf,5.037084956187755,4.724560355767608,True,TIMEOUT,False,final,4.869420141473174,5.0,False,60.0
UNKNOWN,False,55.0,55.007239112164825,/home/sunshixin/chenchao/my_rlaf/data/test/3sat/400/3sat_152.cnf,3sat_152.cnf,5.0364288398995996,4.7327491929754615,True,TIMEOUT,False,final,4.863587710950315,5.0,False,60.0
UNKNOWN,False,55.0,55.00692451372743,/home/sunshixin/chenchao/my_rlaf/data/test/3sat/400/3sat_153.cnf,3sat_153.cnf,5.036073784343898,4.723650685977191,True,TIMEOUT,False,final,4.878143637149066,5.0,False,60.0
,False,,,/home/sunshixin/chenchao/my_rlaf/data/test/3sat/400/3sat_154.cnf,3sat_154.cnf,0.4775093970820308,0.158698,False,SATISFIABLE,True,final,0.31761836044311526,0.4775093970820308,True,0.4775093970820308
UNKNOWN,False,55.0,55.00742109492421,/home/sunshixin/chenchao/my_rlaf/data/test/3sat/400/3sat_155.cnf,3sat_155.cnf,5.0364588890224695,4.737274358049035,True,TIMEOUT,False,final,4.873326069078088,5.0,False,60.0
UNKNOWN,False,55.0,55.00652514724061,/home/sunshixin/chenchao/my_rlaf/data/test/3sat/400/3sat_156.cnf,3sat_156.cnf,5.036452079191804,4.743535605724901,True,TIMEOUT,False,final,4.8759348163267076,5.0,False,60.0
SATISFIABLE,True,5.123968869913369,5.123968869913369,/home/sunshixin/chenchao/my_rlaf/data/test/3sat/400/3sat_157.cnf,3sat_157.cnf,5.037096236366779,4.740013324655592,True,TIMEOUT,False,final,4.8777857567692395,5.0,True,10.12396886991337
UNKNOWN,False,55.0,55.0077416440472,/home/sunshixin/chenchao/my_rlaf/data/test/3sat/400/3sat_158.cnf,3sat_158.cnf,5.036401369143277,4.7394138290546834,True,TIMEOUT,False,final,4.867722029097408,5.0,False,60.0
UNKNOWN,False,55.0,55.00519160320982,/home/sunshixin/chenchao/my_rlaf/data/test/3sat/400/3sat_159.cnf,3sat_159.cnf,5.036244981922209,4.734436534810811,True,TIMEOUT,False,final,4.877122593267233,5.0,False,60.0
UNKNOWN,False,55.0,55.007183705922216,/home/sunshixin/chenchao/my_rlaf/data/test/3sat/400/3sat_16.cnf,3sat_16.cnf,5.037447264418006,4.735520196612924,True,TIMEOUT,False,final,4.876098494372934,5.0,False,60.0
UNKNOWN,False,55.0,55.005740822292864,/home/sunshixin/chenchao/my_rlaf/data/test/3sat/400/3sat_160.cnf,3sat_160.cnf,5.0363840707577765,4.7315344652161,True,TIMEOUT,False,final,4.871102007574499,5.0,False,60.0
SATISFIABLE,True,29.867281176149845,29.867281176149845,/home/sunshixin/chenchao/my_rlaf/data/test/3sat/400/3sat_161.cnf,3sat_161.cnf,5.035609834827483,4.734227288980037,True,TIMEOUT,False,final,4.871310685967952,5.0,True,34.867281176149845
UNKNOWN,False,55.0,55.007770324125886,/home/sunshixin/chenchao/my_rlaf/data/test/3sat/400/3sat_162.cnf,3sat_162.cnf,5.036575253121555,4.723142310976982,True,TIMEOUT,False,final,4.869391246874809,5.0,False,60.0
SATISFIABLE,True,14.676423552911729,14.676423552911729,/home/sunshixin/chenchao/my_rlaf/data/test/3sat/400/3sat_163.cnf,3sat_163.cnf,5.037482914049178,4.712740188930184,True,TIMEOUT,False,final,4.865888293971688,5.0,True,19.67642355291173
SATISFIABLE,True,22.08004180761054,22.08004180761054,/home/sunshixin/chenchao/my_rlaf/data/test/3sat/400/3sat_164.cnf,3sat_164.cnf,5.0371972429566085,4.721133119892329,True,TIMEOUT,False,final,4.853690375660151,5.0,True,27.08004180761054
,False,,,/home/sunshixin/chenchao/my_rlaf/data/test/3sat/400/3sat_165.cnf,3sat_165.cnf,0.34188853204250336,0.025337,False,SATISFIABLE,True,final,0.17233896591186523,0.34188853204250336,True,0.34188853204250336
UNKNOWN,False,55.0,55.00659945840016,/home/sunshixin/chenchao/my_rlaf/data/test/3sat/400/3sat_166.cnf,3sat_166.cnf,5.035694347694516,4.717633666004986,True,TIMEOUT,False,final,4.867502401890606,5.0,False,60.0
SATISFIABLE,True,7.664868122898042,7.664868122898042,/home/sunshixin/chenchao/my_rlaf/data/test/3sat/400/3sat_167.cnf,3sat_167.cnf,5.036423705052584,4.708164494950324,True,TIMEOUT,False,final,4.862185260178596,5.0,True,12.664868122898042
UNKNOWN,False,55.0,55.00707407435402,/home/sunshixin/chenchao/my_rlaf/data/test/3sat/400/3sat_168.cnf,3sat_168.cnf,5.0375258550047874,4.710831773001701,True,TIMEOUT,False,final,4.861320859046012,5.0,False,60.0
UNKNOWN,False,55.0,55.00726413400844,/home/sunshixin/chenchao/my_rlaf/data/test/3sat/400/3sat_169.cnf,3sat_169.cnf,5.036857680883259,4.712279299274087,True,TIMEOUT,False,final,4.869516475635171,5.0,False,60.0
UNKNOWN,False,55.0,55.006315141916275,/home/sunshixin/chenchao/my_rlaf/data/test/3sat/400/3sat_17.cnf,3sat_17.cnf,5.035201646853238,4.712432960048318,True,TIMEOUT,False,final,4.873861006801247,5.0,False,60.0
UNKNOWN,False,55.0,55.007439341861755,/home/sunshixin/chenchao/my_rlaf/data/test/3sat/400/3sat_170.cnf,3sat_170.cnf,5.035513789393008,4.710555136669427,True,TIMEOUT,False,final,4.857982989635736,5.0,False,60.0
UNKNOWN,False,55.0,55.007346097845584,/home/sunshixin/chenchao/my_rlaf/data/test/3sat/400/3sat_171.cnf,3sat_171.cnf,5.035819723736495,4.707340816035867,True,TIMEOUT,False,final,4.85872092675364,5.0,False,60.0
UNKNOWN,False,55.0,55.00599186588079,/home/sunshixin/chenchao/my_rlaf/data/test/3sat/400/3sat_172.cnf,3sat_172.cnf,5.034818444866687,4.710151729173958,True,TIMEOUT,False,final,4.86695073860389,5.0,False,60.0
UNKNOWN,False,55.0,55.0065540028736,/home/sunshixin/chenchao/my_rlaf/data/test/3sat/400/3sat_173.cnf,3sat_173.cnf,5.036431561224163,4.560298757161945,True,TIMEOUT,False,final,4.7120215709284246,5.0,False,60.0
UNKNOWN,False,55.0,55.006370312999934,/home/sunshixin/chenchao/my_rlaf/data/test/3sat/400/3sat_174.cnf,3sat_174.cnf,5.035942486021668,4.7016660743393,True,TIMEOUT,False,final,4.857627812132269,5.0,False,60.0
SATISFIABLE,True,14.999273345805705,14.999273345805705,/home/sunshixin/chenchao/my_rlaf/data/test/3sat/400/3sat_175.cnf,3sat_175.cnf,5.03976086108014,4.719464648049325,True,TIMEOUT,False,final,4.8658291429071125,5.0,True,19.999273345805705
,False,,,/home/sunshixin/chenchao/my_rlaf/data/test/3sat/400/3sat_176.cnf,3sat_176.cnf,1.4481540801934898,1.14105,False,SATISFIABLE,True,final,1.2759447257385252,1.4481540801934898,True,1.4481540801934898
UNKNOWN,False,55.0,55.00643440382555,/home/sunshixin/chenchao/my_rlaf/data/test/3sat/400/3sat_177.cnf,3sat_177.cnf,5.035741855856031,4.731923419050872,True,TIMEOUT,False,final,4.878932844877899,5.0,False,60.0
UNKNOWN,False,55.0,55.00629892991856,/home/sunshixin/chenchao/my_rlaf/data/test/3sat/400/3sat_178.cnf,3sat_178.cnf,5.037003750912845,4.753832563757896,True,TIMEOUT,False,final,4.878429365515709,5.0,False,60.0
SATISFIABLE,True,5.48609383078292,5.48609383078292,/home/sunshixin/chenchao/my_rlaf/data/test/3sat/400/3sat_179.cnf,3sat_179.cnf,5.037133743986487,4.751701975241303,True,TIMEOUT,False,final,4.874328809668183,5.0,True,10.48609383078292
UNKNOWN,False,55.0,55.0060710888356,/home/sunshixin/chenchao/my_rlaf/data/test/3sat/400/3sat_18.cnf,3sat_18.cnf,5.035649734083563,4.748665329068899,True,TIMEOUT,False,final,4.869369121305227,5.0,False,60.0
SATISFIABLE,True,37.2452201503329,37.2452201503329,/home/sunshixin/chenchao/my_rlaf/data/test/3sat/400/3sat_180.cnf,3sat_180.cnf,5.035961398854852,4.745374002959579,True,TIMEOUT,False,final,4.867036753936142,5.0,True,42.2452201503329
,False,,,/home/sunshixin/chenchao/my_rlaf/data/test/3sat/400/3sat_181.cnf,3sat_181.cnf,1.7319257729686797,1.45239,False,SATISFIABLE,True,final,1.5728711834106446,1.7319257729686797,True,1.7319257729686797
UNKNOWN,False,55.0,55.006924212910235,/home/sunshixin/chenchao/my_rlaf/data/test/3sat/400/3sat_182.cnf,3sat_182.cnf,5.036850961856544,4.755667818244547,True,TIMEOUT,False,final,4.877514659659952,5.0,False,60.0
UNKNOWN,False,55.0,55.00666746823117,/home/sunshixin/chenchao/my_rlaf/data/test/3sat/400/3sat_183.cnf,3sat_183.cnf,5.034893000964075,4.757350084837526,True,TIMEOUT,False,final,4.879601059401125,5.0,False,60.0
UNKNOWN,False,55.0,55.00467634899542,/home/sunshixin/chenchao/my_rlaf/data/test/3sat/400/3sat_184.cnf,3sat_184.cnf,5.0368159590289,4.721581168938428,True,TIMEOUT,False,final,4.8732439912193115,5.0,False,60.0
UNKNOWN,False,55.0,55.007651367690414,/home/sunshixin/chenchao/my_rlaf/data/test/3sat/400/3sat_185.cnf,3sat_185.cnf,5.037439598701894,4.731370382010937,True,TIMEOUT,False,final,4.865125516334057,5.0,False,60.0
UNKNOWN,False,55.0,55.00729956710711,/home/sunshixin/chenchao/my_rlaf/data/test/3sat/400/3sat_186.cnf,3sat_186.cnf,5.035087331663817,4.7416417631320655,True,TIMEOUT,False,final,4.867003126535386,5.0,False,60.0
UNKNOWN,False,55.0,55.006745325401425,/home/sunshixin/chenchao/my_rlaf/data/test/3sat/400/3sat_187.cnf,3sat_187.cnf,5.035863815806806,4.740791819989681,True,TIMEOUT,False,final,4.876280175549984,5.0,False,60.0
UNKNOWN,False,55.0,55.006830882281065,/home/sunshixin/chenchao/my_rlaf/data/test/3sat/400/3sat_188.cnf,3sat_188.cnf,5.0371355707757175,4.74010963505134,True,TIMEOUT,False,final,4.876247496303171,5.0,False,60.0
SATISFIABLE,True,14.542501611169428,14.542501611169428,/home/sunshixin/chenchao/my_rlaf/data/test/3sat/400/3sat_189.cnf,3sat_189.cnf,5.037616622168571,4.740594324655831,True,TIMEOUT,False,final,4.870074668527901,5.0,True,19.542501611169428
,False,,,/home/sunshixin/chenchao/my_rlaf/data/test/3sat/400/3sat_19.cnf,3sat_19.cnf,1.1405756468884647,0.826842,False,SATISFIABLE,True,final,0.9661975538482666,1.1405756468884647,True,1.1405756468884647
,False,,,/home/sunshixin/chenchao/my_rlaf/data/test/3sat/400/3sat_190.cnf,3sat_190.cnf,0.2923109931871295,0.017653,False,SATISFIABLE,True,final,0.14471333584594726,0.2923109931871295,True,0.2923109931871295
SATISFIABLE,True,5.295317423995584,5.295317423995584,/home/sunshixin/chenchao/my_rlaf/data/test/3sat/400/3sat_191.cnf,3sat_191.cnf,5.036831106059253,4.729912067763507,True,TIMEOUT,False,final,4.878458045790851,5.0,True,10.295317423995584
UNKNOWN,False,55.0,55.006357870996,/home/sunshixin/chenchao/my_rlaf/data/test/3sat/400/3sat_192.cnf,3sat_192.cnf,5.036443627905101,4.730276949238032,True,TIMEOUT,False,final,4.861430667545527,5.0,False,60.0
UNKNOWN,False,55.0,55.00493118399754,/home/sunshixin/chenchao/my_rlaf/data/test/3sat/400/3sat_193.cnf,3sat_193.cnf,5.037554720882326,4.736128624994308,True,TIMEOUT,False,final,4.872851168970138,5.0,False,60.0
UNKNOWN,False,55.0,55.0060156150721,/home/sunshixin/chenchao/my_rlaf/data/test/3sat/400/3sat_194.cnf,3sat_194.cnf,5.038010343909264,4.740062985103577,True,TIMEOUT,False,final,4.878987678813904,5.0,False,60.0
SATISFIABLE,True,39.18139745807275,39.18139745807275,/home/sunshixin/chenchao/my_rlaf/data/test/3sat/400/3sat_195.cnf,3sat_195.cnf,5.0364685747772455,4.733286693226546,True,TIMEOUT,False,final,4.873238051701278,5.0,True,44.18139745807275
SATISFIABLE,True,2.306869277264923,2.306869277264923,/home/sunshixin/chenchao/my_rlaf/data/test/3sat/400/3sat_196.cnf,3sat_196.cnf,5.036807092372328,4.736984207760543,True,TIMEOUT,False,final,4.871000001949996,5.0,True,7.306869277264923
UNKNOWN,False,55.0,55.00787115842104,/home/sunshixin/chenchao/my_rlaf/data/test/3sat/400/3sat_197.cnf,3sat_197.cnf,5.035882226191461,4.73746186774224,True,TIMEOUT,False,final,4.877672612844169,5.0,False,60.0
UNKNOWN,False,55.0,55.00735787814483,/home/sunshixin/chenchao/my_rlaf/data/test/3sat/400/3sat_198.cnf,3sat_198.cnf,5.035720916930586,4.742041863966733,True,TIMEOUT,False,final,4.8754646516864595,5.0,False,60.0
UNKNOWN,False,55.0,55.006164548918605,/home/sunshixin/chenchao/my_rlaf/data/test/3sat/400/3sat_199.cnf,3sat_199.cnf,5.036321590188891,4.734588565770537,True,TIMEOUT,False,final,4.8679297653249805,5.0,False,60.0
UNKNOWN,False,55.0,55.00678506586701,/home/sunshixin/chenchao/my_rlaf/data/test/3sat/400/3sat_2.cnf,3sat_2.cnf,5.0370963821187615,4.741302714217454,True,TIMEOUT,False,final,4.874208639586717,5.0,False,60.0
SATISFIABLE,True,1.1608215840533376,1.1608215840533376,/home/sunshixin/chenchao/my_rlaf/data/test/3sat/400/3sat_20.cnf,3sat_20.cnf,5.036893995013088,4.743220278061926,True,TIMEOUT,False,final,4.876879914750159,5.0,True,6.160821584053338
UNKNOWN,False,55.0,55.00772986514494,/home/sunshixin/chenchao/my_rlaf/data/test/3sat/400/3sat_21.cnf,3sat_21.cnf,5.037511250935495,4.740910928696394,True,TIMEOUT,False,final,4.878335692429304,5.0,False,60.0
,False,,,/home/sunshixin/chenchao/my_rlaf/data/test/3sat/400/3sat_22.cnf,3sat_22.cnf,1.418147646356374,1.11576,False,SATISFIABLE,True,final,1.2478823781433106,1.418147646356374,True,1.418147646356374
UNKNOWN,False,55.0,55.00639695581049,/home/sunshixin/chenchao/my_rlaf/data/test/3sat/400/3sat_23.cnf,3sat_23.cnf,5.036211840808392,4.738462322857231,True,TIMEOUT,False,final,4.876988276150078,5.0,False,60.0
,False,,,/home/sunshixin/chenchao/my_rlaf/data/test/3sat/400/3sat_24.cnf,3sat_24.cnf,3.425178757868707,3.12657,False,SATISFIABLE,True,final,3.26221222076416,3.425178757868707,True,3.425178757868707
,False,,,/home/sunshixin/chenchao/my_rlaf/data/test/3sat/400/3sat_25.cnf,3sat_25.cnf,1.1852168128825724,0.892409,False,SATISFIABLE,True,final,1.016245469268799,1.1852168128825724,True,1.1852168128825724
UNKNOWN,False,55.0,55.00657874299213,/home/sunshixin/chenchao/my_rlaf/data/test/3sat/400/3sat_26.cnf,3sat_26.cnf,5.036400886718184,4.741165013983846,True,TIMEOUT,False,final,4.868526694907308,5.0,False,60.0
,False,,,/home/sunshixin/chenchao/my_rlaf/data/test/3sat/400/3sat_27.cnf,3sat_27.cnf,0.4452818729914725,0.147368,False,SATISFIABLE,True,final,0.28657921421813964,0.4452818729914725,True,0.4452818729914725
SATISFIABLE,True,14.28484793100506,14.28484793100506,/home/sunshixin/chenchao/my_rlaf/data/test/3sat/400/3sat_28.cnf,3sat_28.cnf,5.0383194028399885,4.741385877132416,True,TIMEOUT,False,final,4.874965964702606,5.0,True,19.28484793100506
SATISFIABLE,True,30.171496934257448,30.171496934257448,/home/sunshixin/chenchao/my_rlaf/data/test/3sat/400/3sat_29.cnf,3sat_29.cnf,5.036958875134587,4.739294324070215,True,TIMEOUT,False,final,4.868883552189112,5.0,True,35.17149693425745
UNKNOWN,False,55.0,55.007800641003996,/home/sunshixin/chenchao/my_rlaf/data/test/3sat/400/3sat_3.cnf,3sat_3.cnf,5.036271289922297,4.724804758094251,True,TIMEOUT,False,final,4.8626359184336065,5.0,False,60.0
SATISFIABLE,True,14.285673645790666,14.285673645790666,/home/sunshixin/chenchao/my_rlaf/data/test/3sat/400/3sat_30.cnf,3sat_30.cnf,5.035183343570679,4.738494742196053,True,TIMEOUT,False,final,4.872542291146249,5.0,True,19.285673645790666
UNKNOWN,False,55.0,55.00719937868416,/home/sunshixin/chenchao/my_rlaf/data/test/3sat/400/3sat_31.cnf,3sat_31.cnf,5.036144690122455,4.742964274249971,True,TIMEOUT,False,final,4.868651879810273,5.0,False,60.0
UNKNOWN,False,55.0,55.00459596980363,/home/sunshixin/chenchao/my_rlaf/data/test/3sat/400/3sat_32.cnf,3sat_32.cnf,5.037268683779985,4.734628029167652,True,TIMEOUT,False,final,4.864015551796436,5.0,False,60.0
UNKNOWN,False,55.0,55.00645568827167,/home/sunshixin/chenchao/my_rlaf/data/test/3sat/400/3sat_33.cnf,3sat_33.cnf,5.035454567987472,4.737267886754125,True,TIMEOUT,False,final,4.875238999775976,5.0,False,60.0
UNKNOWN,False,55.0,55.00653013261035,/home/sunshixin/chenchao/my_rlaf/data/test/3sat/400/3sat_34.cnf,3sat_34.cnf,5.036820160225034,4.73495164886117,True,TIMEOUT,False,final,4.8768302842829225,5.0,False,60.0
UNKNOWN,False,55.0,55.00759186595678,/home/sunshixin/chenchao/my_rlaf/data/test/3sat/400/3sat_35.cnf,3sat_35.cnf,5.036998623050749,4.730877326335758,True,TIMEOUT,False,final,4.86990946201691,5.0,False,60.0
UNKNOWN,False,55.0,55.00613805511966,/home/sunshixin/chenchao/my_rlaf/data/test/3sat/400/3sat_36.cnf,3sat_36.cnf,5.0359663888812065,4.730456456076354,True,TIMEOUT,False,final,4.869158479498595,5.0,False,60.0
UNKNOWN,False,55.0,55.00601486302912,/home/sunshixin/chenchao/my_rlaf/data/test/3sat/400/3sat_37.cnf,3sat_37.cnf,5.03527751378715,4.736633178312331,True,TIMEOUT,False,final,4.869058016309768,5.0,False,60.0
UNKNOWN,False,55.0,55.00711650494486,/home/sunshixin/chenchao/my_rlaf/data/test/3sat/400/3sat_38.cnf,3sat_38.cnf,5.035547868814319,4.741011084988713,True,TIMEOUT,False,final,4.871861229138494,5.0,False,60.0
UNKNOWN,False,55.0,55.00635392498225,/home/sunshixin/chenchao/my_rlaf/data/test/3sat/400/3sat_39.cnf,3sat_39.cnf,5.036228491924703,4.732331266161054,True,TIMEOUT,False,final,4.869505182268232,5.0,False,60.0
SATISFIABLE,True,38.69768094783649,38.69768094783649,/home/sunshixin/chenchao/my_rlaf/data/test/3sat/400/3sat_4.cnf,3sat_4.cnf,5.036987904924899,4.582517598755658,True,TIMEOUT,False,final,4.73910419877702,5.0,True,43.69768094783649
UNKNOWN,False,55.0,55.00658927485347,/home/sunshixin/chenchao/my_rlaf/data/test/3sat/400/3sat_40.cnf,3sat_40.cnf,5.036330877337605,4.739948747679591,True,TIMEOUT,False,final,4.87789735745132,5.0,False,60.0
UNKNOWN,False,55.0,55.007952603977174,/home/sunshixin/chenchao/my_rlaf/data/test/3sat/400/3sat_41.cnf,3sat_41.cnf,5.035244424827397,4.74047286901623,True,TIMEOUT,False,final,4.875251030042231,5.0,False,60.0
UNKNOWN,False,55.0,55.00670270668343,/home/sunshixin/chenchao/my_rlaf/data/test/3sat/400/3sat_42.cnf,3sat_42.cnf,5.036702796351165,4.736123168841004,True,TIMEOUT,False,final,4.871520810488343,5.0,False,60.0
UNKNOWN,False,55.0,55.00677127111703,/home/sunshixin/chenchao/my_rlaf/data/test/3sat/400/3sat_43.cnf,3sat_43.cnf,5.030243504326791,4.734434570651501,True,TIMEOUT,False,final,4.875936933413953,5.0,False,60.0
UNKNOWN,False,55.0,55.00641986913979,/home/sunshixin/chenchao/my_rlaf/data/test/3sat/400/3sat_44.cnf,3sat_44.cnf,5.036070441827178,4.737290970981121,True,TIMEOUT,False,final,4.869633317111492,5.0,False,60.0
UNKNOWN,False,55.0,55.00725728366524,/home/sunshixin/chenchao/my_rlaf/data/test/3sat/400/3sat_45.cnf,3sat_45.cnf,5.037294769193977,4.734665937721729,True,TIMEOUT,False,final,4.87179720510149,5.0,False,60.0
,False,,,/home/sunshixin/chenchao/my_rlaf/data/test/3sat/400/3sat_46.cnf,3sat_46.cnf,0.46441215416416526,0.165066,False,SATISFIABLE,True,final,0.30488519551086424,0.46441215416416526,True,0.46441215416416526
,False,,,/home/sunshixin/chenchao/my_rlaf/data/test/3sat/400/3sat_47.cnf,3sat_47.cnf,2.2570939832367003,1.9525,False,SATISFIABLE,True,final,2.09545425630188,2.2570939832367003,True,2.2570939832367003
UNKNOWN,False,55.0,55.00743043702096,/home/sunshixin/chenchao/my_rlaf/data/test/3sat/400/3sat_48.cnf,3sat_48.cnf,5.037264397367835,4.7404113207012415,True,TIMEOUT,False,final,4.8698117161632775,5.0,False,60.0
UNKNOWN,False,55.0,55.006893204990774,/home/sunshixin/chenchao/my_rlaf/data/test/3sat/400/3sat_49.cnf,3sat_49.cnf,5.036480390001088,4.735547814052552,True,TIMEOUT,False,final,4.863921189907044,5.0,False,60.0
UNKNOWN,False,55.0,55.00600922899321,/home/sunshixin/chenchao/my_rlaf/data/test/3sat/400/3sat_5.cnf,3sat_5.cnf,5.036047496832907,4.737187199294567,True,TIMEOUT,False,final,4.871276105147839,5.0,False,60.0
UNKNOWN,False,55.0,55.00484529696405,/home/sunshixin/chenchao/my_rlaf/data/test/3sat/400/3sat_50.cnf,3sat_50.cnf,5.036136684939265,4.703851711936295,True,TIMEOUT,False,final,4.873919488074601,5.0,False,60.0
UNKNOWN,False,55.0,55.006226495839655,/home/sunshixin/chenchao/my_rlaf/data/test/3sat/400/3sat_51.cnf,3sat_51.cnf,5.037885161116719,4.720308214891702,True,TIMEOUT,False,final,4.8721153094199,5.0,False,60.0
UNKNOWN,False,55.0,55.00615080911666,/home/sunshixin/chenchao/my_rlaf/data/test/3sat/400/3sat_52.cnf,3sat_52.cnf,5.035826779901981,4.746639681980014,True,TIMEOUT,False,final,4.86835505488956,5.0,False,60.0
UNKNOWN,False,55.0,55.008822130039334,/home/sunshixin/chenchao/my_rlaf/data/test/3sat/400/3sat_53.cnf,3sat_53.cnf,5.037273932248354,4.753515955992043,True,TIMEOUT,False,final,4.878331076216042,5.0,False,60.0
SATISFIABLE,True,4.048796258866787,4.048796258866787,/home/sunshixin/chenchao/my_rlaf/data/test/3sat/400/3sat_54.cnf,3sat_54.cnf,5.037259775213897,4.7471623490564525,True,TIMEOUT,False,final,4.8714463024561105,5.0,True,9.048796258866787
UNKNOWN,False,55.0,55.00650204299018,/home/sunshixin/chenchao/my_rlaf/data/test/3sat/400/3sat_55.cnf,3sat_55.cnf,5.036405778024346,4.748800199944526,True,TIMEOUT,False,final,4.8679783942499455,5.0,False,60.0
SATISFIABLE,True,15.051489420235157,15.051489420235157,/home/sunshixin/chenchao/my_rlaf/data/test/3sat/400/3sat_56.cnf,3sat_56.cnf,5.036943698301911,4.752737635746598,True,TIMEOUT,False,final,4.870574992939591,5.0,True,20.051489420235157
SATISFIABLE,True,38.913846189156175,38.913846189156175,/home/sunshixin/chenchao/my_rlaf/data/test/3sat/400/3sat_57.cnf,3sat_57.cnf,5.0371312382631,4.751806746702641,True,TIMEOUT,False,final,4.876850926756352,5.0,True,43.913846189156175
SATISFIABLE,True,5.425482849124819,5.425482849124819,/home/sunshixin/chenchao/my_rlaf/data/test/3sat/400/3sat_58.cnf,3sat_58.cnf,5.036701018922031,4.716776429209858,True,TIMEOUT,False,final,4.8638774023391305,5.0,True,10.425482849124819
SATISFIABLE,True,0.4738461351953447,0.4738461351953447,/home/sunshixin/chenchao/my_rlaf/data/test/3sat/400/3sat_59.cnf,3sat_59.cnf,5.036224571056664,4.705999044701457,True,TIMEOUT,False,final,4.858885574944377,5.0,True,5.473846135195345
UNKNOWN,False,55.0,55.0050039337948,/home/sunshixin/chenchao/my_rlaf/data/test/3sat/400/3sat_6.cnf,3sat_6.cnf,5.036460129078478,4.691159327980131,True,TIMEOUT,False,final,4.86953256867227,5.0,False,60.0
SATISFIABLE,True,21.80015964899212,21.80015964899212,/home/sunshixin/chenchao/my_rlaf/data/test/3sat/400/3sat_60.cnf,3sat_60.cnf,5.03655206784606,4.701867747120559,True,TIMEOUT,False,final,4.865349710758865,5.0,True,26.80015964899212
UNKNOWN,False,55.0,55.00714618712664,/home/sunshixin/chenchao/my_rlaf/data/test/3sat/400/3sat_61.cnf,3sat_61.cnf,5.036959605757147,4.7145739630796015,True,TIMEOUT,False,final,4.86451047595802,5.0,False,60.0
UNKNOWN,False,55.0,55.00744325807318,/home/sunshixin/chenchao/my_rlaf/data/test/3sat/400/3sat_62.cnf,3sat_62.cnf,5.0366287608630955,4.703548375982791,True,TIMEOUT,False,final,4.861651308950931,5.0,False,60.0
,False,,,/home/sunshixin/chenchao/my_rlaf/data/test/3sat/400/3sat_63.cnf,3sat_63.cnf,4.169246657751501,3.83519,False,SATISFIABLE,True,final,3.999158270233154,4.169246657751501,True,4.169246657751501
UNKNOWN,False,55.0,55.006506016943604,/home/sunshixin/chenchao/my_rlaf/data/test/3sat/400/3sat_64.cnf,3sat_64.cnf,5.036498586181551,4.692943423055112,True,TIMEOUT,False,final,4.869524908681333,5.0,False,60.0
,False,,,/home/sunshixin/chenchao/my_rlaf/data/test/3sat/400/3sat_65.cnf,3sat_65.cnf,0.24931285670027137,0.002359,False,SATISFIABLE,True,final,0.09729021342468261,0.24931285670027137,True,0.24931285670027137
UNKNOWN,False,55.0,55.00620285514742,/home/sunshixin/chenchao/my_rlaf/data/test/3sat/400/3sat_66.cnf,3sat_66.cnf,5.037624571938068,4.739511542022228,True,TIMEOUT,False,final,4.8753265398859975,5.0,False,60.0
UNKNOWN,False,55.0,55.00751357432455,/home/sunshixin/chenchao/my_rlaf/data/test/3sat/400/3sat_67.cnf,3sat_67.cnf,5.036820075009018,4.710195674095303,True,TIMEOUT,False,final,4.869982960640103,5.0,False,60.0
UNKNOWN,False,55.0,55.007853836752474,/home/sunshixin/chenchao/my_rlaf/data/test/3sat/400/3sat_68.cnf,3sat_68.cnf,5.036476477049291,4.708512902725488,True,TIMEOUT,False,final,4.861382250137598,5.0,False,60.0
UNKNOWN,False,55.0,55.004566674586385,/home/sunshixin/chenchao/my_rlaf/data/test/3sat/400/3sat_69.cnf,3sat_69.cnf,5.036928157322109,4.718930476810783,True,TIMEOUT,False,final,4.863190415317863,5.0,False,60.0
UNKNOWN,False,55.0,55.00626382511109,/home/sunshixin/chenchao/my_rlaf/data/test/3sat/400/3sat_7.cnf,3sat_7.cnf,5.0364422760903835,4.729362090118229,True,TIMEOUT,False,final,4.870101642440617,5.0,False,60.0
,False,,,/home/sunshixin/chenchao/my_rlaf/data/test/3sat/400/3sat_70.cnf,3sat_70.cnf,0.36880109924823046,0.038991,False,SATISFIABLE,True,final,0.1924949331359863,0.36880109924823046,True,0.36880109924823046
UNKNOWN,False,55.0,55.00820753304288,/home/sunshixin/chenchao/my_rlaf/data/test/3sat/400/3sat_71.cnf,3sat_71.cnf,5.0376428086310625,4.715218773111701,True,TIMEOUT,False,final,4.86237419196546,5.0,False,60.0
UNKNOWN,False,55.0,55.00720715522766,/home/sunshixin/chenchao/my_rlaf/data/test/3sat/400/3sat_72.cnf,3sat_72.cnf,5.036353192757815,4.709156500175595,True,TIMEOUT,False,final,4.859173615333677,5.0,False,60.0
UNKNOWN,False,55.0,55.0067992140539,/home/sunshixin/chenchao/my_rlaf/data/test/3sat/400/3sat_73.cnf,3sat_73.cnf,5.03661875706166,4.708057021256536,True,TIMEOUT,False,final,4.868884958054632,5.0,False,60.0
SATISFIABLE,True,32.98317777272314,32.98317777272314,/home/sunshixin/chenchao/my_rlaf/data/test/3sat/400/3sat_74.cnf,3sat_74.cnf,5.036141924094409,4.705480010248721,True,TIMEOUT,False,final,4.869035940058291,5.0,True,37.98317777272314
UNKNOWN,False,55.0,55.00701122684404,/home/sunshixin/chenchao/my_rlaf/data/test/3sat/400/3sat_75.cnf,3sat_75.cnf,5.035897614900023,4.702468954026699,True,TIMEOUT,False,final,4.862427254151821,5.0,False,60.0
SATISFIABLE,True,30.308554579038173,30.308554579038173,/home/sunshixin/chenchao/my_rlaf/data/test/3sat/400/3sat_76.cnf,3sat_76.cnf,5.036798390094191,4.69894005311653,True,TIMEOUT,False,final,4.865139990540237,5.0,True,35.30855457903817
UNKNOWN,False,55.0,55.006837419234216,/home/sunshixin/chenchao/my_rlaf/data/test/3sat/400/3sat_77.cnf,3sat_77.cnf,5.037523638922721,4.712092429865152,True,TIMEOUT,False,final,4.86057407946232,5.0,False,60.0
UNKNOWN,False,55.0,55.00472450023517,/home/sunshixin/chenchao/my_rlaf/data/test/3sat/400/3sat_78.cnf,3sat_78.cnf,5.036577728111297,4.709964143112302,True,TIMEOUT,False,final,4.863716031768918,5.0,False,60.0
UNKNOWN,False,55.0,55.00472722388804,/home/sunshixin/chenchao/my_rlaf/data/test/3sat/400/3sat_79.cnf,3sat_79.cnf,5.037217029836029,4.707921829074621,True,TIMEOUT,False,final,4.852470397495031,5.0,False,60.0
UNKNOWN,False,55.0,55.00723887607455,/home/sunshixin/chenchao/my_rlaf/data/test/3sat/400/3sat_8.cnf,3sat_8.cnf,5.03746740706265,4.7204190427437425,True,TIMEOUT,False,final,4.866173153171599,5.0,False,60.0
UNKNOWN,False,55.0,55.00656831776723,/home/sunshixin/chenchao/my_rlaf/data/test/3sat/400/3sat_80.cnf,3sat_80.cnf,5.038127461913973,4.725013703107834,True,TIMEOUT,False,final,4.867811946470261,5.0,False,60.0
UNKNOWN,False,55.0,55.006288735195994,/home/sunshixin/chenchao/my_rlaf/data/test/3sat/400/3sat_81.cnf,3sat_81.cnf,5.037354019004852,4.722245275974274,True,TIMEOUT,False,final,4.873313554431915,5.0,False,60.0
SATISFIABLE,True,2.1932914652861655,2.1932914652861655,/home/sunshixin/chenchao/my_rlaf/data/test/3sat/400/3sat_82.cnf,3sat_82.cnf,5.03697719797492,4.720197809394449,True,TIMEOUT,False,final,4.860206365638345,5.0,True,7.1932914652861655
UNKNOWN,False,55.0,55.00444788299501,/home/sunshixin/chenchao/my_rlaf/data/test/3sat/400/3sat_83.cnf,3sat_83.cnf,5.036967009771615,4.730620132293552,True,TIMEOUT,False,final,4.871889832977146,5.0,False,60.0
SATISFIABLE,True,21.123447863850743,21.123447863850743,/home/sunshixin/chenchao/my_rlaf/data/test/3sat/400/3sat_84.cnf,3sat_84.cnf,5.0352719449438155,4.72372343018651,True,TIMEOUT,False,final,4.87112103351903,5.0,True,26.123447863850743
,False,,,/home/sunshixin/chenchao/my_rlaf/data/test/3sat/400/3sat_85.cnf,3sat_85.cnf,0.952225477900356,0.624731,False,SATISFIABLE,True,final,0.7783984205322266,0.952225477900356,True,0.952225477900356
,False,,,/home/sunshixin/chenchao/my_rlaf/data/test/3sat/400/3sat_86.cnf,3sat_86.cnf,3.3902654787525535,2.93237,False,SATISFIABLE,True,final,3.068240821899414,3.3902654787525535,True,3.3902654787525535
UNKNOWN,False,55.0,55.00645990809426,/home/sunshixin/chenchao/my_rlaf/data/test/3sat/400/3sat_87.cnf,3sat_87.cnf,5.036317817401141,4.688927661627531,True,TIMEOUT,False,final,4.869265107672453,5.0,False,60.0
,False,,,/home/sunshixin/chenchao/my_rlaf/data/test/3sat/400/3sat_88.cnf,3sat_88.cnf,0.5031119538471103,0.18739,False,SATISFIABLE,True,final,0.33115819692993165,0.5031119538471103,True,0.5031119538471103
,False,,,/home/sunshixin/chenchao/my_rlaf/data/test/3sat/400/3sat_89.cnf,3sat_89.cnf,0.4550792761147022,0.145437,False,SATISFIABLE,True,final,0.28881141525268555,0.4550792761147022,True,0.4550792761147022
UNKNOWN,False,55.0,55.00658314395696,/home/sunshixin/chenchao/my_rlaf/data/test/3sat/400/3sat_9.cnf,3sat_9.cnf,5.036391670815647,4.722915154881775,True,TIMEOUT,False,final,4.869990098164856,5.0,False,60.0
SATISFIABLE,True,5.502376045100391,5.502376045100391,/home/sunshixin/chenchao/my_rlaf/data/test/3sat/400/3sat_90.cnf,3sat_90.cnf,5.034948367625475,4.718426704406738,True,TIMEOUT,False,final,4.864075744354248,5.0,True,10.502376045100391
,False,,,/home/sunshixin/chenchao/my_rlaf/data/test/3sat/400/3sat_91.cnf,3sat_91.cnf,0.31363331200554967,0.00485,False,SATISFIABLE,True,final,0.15076656278991699,0.31363331200554967,True,0.31363331200554967
,False,,,/home/sunshixin/chenchao/my_rlaf/data/test/3sat/400/3sat_92.cnf,3sat_92.cnf,2.9991473481059074,2.68007,False,SATISFIABLE,True,final,2.827830519760132,2.9991473481059074,True,2.9991473481059074
SATISFIABLE,True,5.384378626011312,5.384378626011312,/home/sunshixin/chenchao/my_rlaf/data/test/3sat/400/3sat_93.cnf,3sat_93.cnf,5.035298828966916,4.745264611206949,True,TIMEOUT,False,final,4.873191958161295,5.0,True,10.384378626011312
,False,,,/home/sunshixin/chenchao/my_rlaf/data/test/3sat/400/3sat_94.cnf,3sat_94.cnf,1.6149022695608437,1.32523,False,SATISFIABLE,True,final,1.4496117765808105,1.6149022695608437,True,1.6149022695608437
UNKNOWN,False,55.0,55.00558316987008,/home/sunshixin/chenchao/my_rlaf/data/test/3sat/400/3sat_95.cnf,3sat_95.cnf,5.036455928813666,4.755134290084243,True,TIMEOUT,False,final,4.882319272536636,5.0,False,60.0
,False,,,/home/sunshixin/chenchao/my_rlaf/data/test/3sat/400/3sat_96.cnf,3sat_96.cnf,0.3295686380006373,0.044058,False,SATISFIABLE,True,final,0.17712176336669921,0.3295686380006373,True,0.3295686380006373
SATISFIABLE,True,28.60426760232076,28.60426760232076,/home/sunshixin/chenchao/my_rlaf/data/test/3sat/400/3sat_97.cnf,3sat_97.cnf,5.035418953746557,4.7509954501874745,True,TIMEOUT,False,final,4.882224758811742,5.0,True,33.60426760232076
UNKNOWN,False,55.0,55.00627551693469,/home/sunshixin/chenchao/my_rlaf/data/test/3sat/400/3sat_98.cnf,3sat_98.cnf,5.036048492882401,4.740143293980509,True,TIMEOUT,False,final,4.868338905430704,5.0,False,60.0
UNKNOWN,False,55.0,55.00726143689826,/home/sunshixin/chenchao/my_rlaf/data/test/3sat/400/3sat_99.cnf,3sat_99.cnf,5.037664622068405,4.722292762249708,True,TIMEOUT,False,final,4.8692130121734145,5.0,False,60.0
