size,split,file_key,base_result,base_solved,base_time,base_cpu_time,base_gpu_time,base_conflicts,base_decisions,base_propagations,old_result,old_solved,old_time,old_cpu_time,old_gpu_time,old_conflicts,old_decisions,old_propagations,pairwise_result,pairwise_solved,pairwise_time,pairwise_cpu_time,pairwise_gpu_time,pairwise_conflicts,pairwise_decisions,pairwise_propagations,new_result,new_solved,new_time,new_cpu_time,new_gpu_time,new_conflicts,new_decisions,new_propagations,delta_time_vs_base,delta_conflicts_vs_base,outcome_vs_base,delta_time_vs_old,delta_conflicts_vs_old,outcome_vs_old,delta_time_vs_pairwise,delta_conflicts_vs_pairwise,outcome_vs_pairwise,difficulty_bucket,cnf_id,risk_prob,recovery_prob,slowdown_prob,selector_use_adapter,warmup_c2000_event_entropy_norm,warmup_c2000_event_top10_mass,warmup_c2000_rho_event_corr,warmup_c2000_delta_abs_mean,warmup_c2000_event_conf_learnt_log_max,old_original_use_adapter,old_on_new_cache_risk_prob,old_on_new_cache_recovery_prob,old_on_new_cache_slowdown_prob,old_on_new_cache_use_adapter,old_on_new_cache_risk_threshold,old_on_new_cache_recovery_threshold,old_on_new_cache_slowdown_threshold,old_on_new_cache_risk_margin,old_on_new_cache_recovery_margin,new_risk_prob,new_recovery_prob,new_slowdown_prob,new_use_adapter,new_risk_threshold,new_recovery_threshold,new_slowdown_threshold,new_risk_margin,new_recovery_margin,new_slowdown_margin,new_use_adapter_actual,decision_change,old_weight_cache_shift,diagnosis,new_minus_old_time,new_minus_base_time,adapter_observed_for_threshold_sweep,adapter_observation_source,local_closed_old_label,local_closed_old_reason,local_closed_old_weight,local_closed_old_labelled,local_old_gain_vs_new,local_new_gain_vs_base,local_old_gain_vs_base
400,data/test/3sat/400,3sat_106.cnf,INDETERMINATE,False,60.83652078895569,59.9878,0.8487207889556885,1705239.0,1948237.0,94644372.0,INDETERMINATE,False,60.88814097093201,59.9798,0.8363549709320068,1798716.0,2043266.0,101302572.0,INDETERMINATE,False,61.13082211923218,59.9926,1.0557761192321775,1678338.0,1908144.0,94613727.0,INDETERMINATE,False,61.18511545095825,59.9999,1.107811450958252,1684910.0,1924955.0,93538027.0,0.3485946620025615,-20329.0,both_timeout,0.2969744800262432,-113806.0,both_timeout,0.0542933317260718,6572.0,both_timeout,timeout,9,0.41828364,0.32268497,0.1306092,0,0.8950257897377014,0.4324340224266052,-0.1165964901447296,0.0340936668217182,6.960347652435303,1,0.4538432,0.8255953,,1,0.7952608466148375,0.5980716943740845,,-0.3414176404476164,0.2275236248970031,0.41828364,0.32268497,0.1306092,0,0.7644651159644127,0.7578478455543518,0.2329548150300979,-0.3461814746260643,-0.4351628720760345,-0.1023456156253814,0,new_closed_old_on,both_on,边界变化但 outcome 不显著,0.2969744800262432,0.3485946620025615,1,old_compact_proxy,,neutral,0.0,False,0.29697448002624327,-0.3485946620025615,-0.051620181976318236
400,data/test/3sat/400,3sat_115.cnf,INDETERMINATE,False,60.82212078895569,59.9734,0.8487207889556885,1650354.0,1881664.0,92843324.0,INDETERMINATE,False,60.89821597093201,59.9823,0.8363549709320068,1621893.0,1839377.0,89733544.0,INDETERMINATE,False,61.12467811923217,59.9875,1.0557761192321775,1509660.0,1712637.0,83408953.0,INDETERMINATE,False,61.15731345095825,59.9803,1.107811450958252,1619515.0,1846395.0,91151865.0,0.3351926620025622,-30839.0,both_timeout,0.2590974800262415,-2378.0,both_timeout,0.0326353317260768,109855.0,both_timeout,timeout,19,0.2830661,0.5351156,0.040310144,0,0.8859642744064331,0.4586960971355438,-0.2233662009239196,0.0341631732881069,6.999422550201416,1,0.3620816,0.8984833,,1,0.7952608466148375,0.5980716943740845,,-0.4331792593002318,0.300411581993103,0.2830661,0.5351156,0.040310144,0,0.7644651159644127,0.7578478455543518,0.2329548150300979,-0.4813990220427513,-0.2227322459220886,-0.1926446706056594,0,new_closed_old_on,both_on,边界变化但 outcome 不显著,0.2590974800262415,0.3351926620025622,1,old_compact_proxy,,neutral,0.0,False,0.25909748002624156,-0.33519266200256226,-0.0760951819763207
400,data/test/3sat/400,3sat_117.cnf,INDETERMINATE,False,60.76231848945618,59.9799,0.7824184894561768,1725605.0,1976075.0,96110989.0,INDETERMINATE,False,60.92502467906189,59.9761,0.8776776790618896,1766097.0,2019593.0,98164834.0,INDETERMINATE,False,61.10649442176819,59.9891,1.0373194217681885,1740182.0,1990318.0,96724180.0,INDETERMINATE,False,61.19825687010193,59.9861,1.1401078701019287,1743714.0,1996951.0,97125924.0,0.4359383806457515,18109.0,both_timeout,0.2732321910400372,-22383.0,both_timeout,0.0917624483337391,3532.0,both_timeout,timeout,21,0.31041396,0.45570993,0.08516428,0,0.8730255365371704,0.4826813638210296,0.0534120611846447,0.0343328192830085,7.104144096374512,1,0.3681664,0.91105556,,1,0.7952608466148375,0.5980716943740845,,-0.4270944595336913,0.3129838705062866,0.31041396,0.45570993,0.08516428,0,0.7644651159644127,0.7578478455543518,0.2329548150300979,-0.4540511593222618,-0.3021379113197326,-0.1477905362844467,0,new_closed_old_on,both_on,边界变化但 outcome 不显著,0.2732321910400372,0.4359383806457515,1,old_compact_proxy,,neutral,0.0,False,0.27323219104003726,-0.4359383806457515,-0.16270618960571426
400,data/test/3sat/400,3sat_144.cnf,INDETERMINATE,False,60.774412033844,59.9878,0.7866120338439941,1627000.0,1848175.0,90326835.0,INDETERMINATE,False,60.897347021728514,59.9847,0.8406410217285156,1645682.0,1880292.0,90948783.0,INDETERMINATE,False,61.10084262306213,59.9922,1.0373976230621338,1591315.0,1807890.0,88416264.0,INDETERMINATE,False,61.100769152435305,59.9851,1.0462851524353027,1578043.0,1792917.0,87723937.0,0.3263571185913037,-48957.0,both_timeout,0.2034221307067909,-67639.0,both_timeout,-7.347062682327987e-05,-13272.0,both_timeout,timeout,51,0.16386151,0.114940554,0.7645895,0,0.873021125793457,0.4948912858963012,0.2759380340576172,0.0349068082869052,7.026426792144775,1,0.24291305,0.6494169,,1,0.7952608466148375,0.5980716943740845,,-0.5523477941751479,0.0513452291488647,0.16386151,0.114940554,0.7645895,0,0.7644651159644127,0.7578478455543518,0.2329548150300979,-0.6006036028265953,-0.6429072916507721,0.5316346734762192,0,new_closed_old_on,both_on,边界变化但 outcome 不显著,0.2034221307067909,0.3263571185913037,1,old_compact_proxy,,neutral,0.0,False,0.20342213070679094,-0.3263571185913037,-0.12293498788451274
400,data/test/3sat/400,3sat_145.cnf,INDETERMINATE,False,60.76601203384399,59.9794,0.7866120338439941,1711520.0,1978290.0,97478919.0,INDETERMINATE,False,60.90147202172852,59.9858,0.8406410217285156,1673432.0,1930440.0,94884463.0,INDETERMINATE,False,61.09427862306214,59.9868,1.0373976230621338,1640633.0,1892704.0,93023482.0,INDETERMINATE,False,61.1034741524353,59.9805,1.0462851524353027,1661209.0,1920163.0,94656804.0,0.3374621185913042,-50311.0,both_timeout,0.2020021307067736,-12223.0,both_timeout,0.0091955293731587,20576.0,both_timeout,timeout,52,0.05533455,0.45345858,0.030948404,0,0.8980370759963989,0.4287294745445251,0.0189216919243335,0.0341983065009117,6.946976184844971,1,0.10508538,0.9393148,,1,0.7952608466148375,0.5980716943740845,,-0.6901754662394523,0.3412430882453918,0.05533455,0.45345858,0.030948404,0,0.7644651159644127,0.7578478455543518,0.2329548150300979,-0.7091305665671825,-0.3043892681598663,-0.2020064108073711,0,new_closed_old_on,both_on,边界变化但 outcome 不显著,0.2020021307067736,0.3374621185913042,1,old_compact_proxy,,neutral,0.0,False,0.20200213070677364,-0.33746211859130426,-0.13545998788453062
400,data/test/3sat/400,3sat_151.cnf,INDETERMINATE,False,60.76561203384399,59.979,0.7866120338439941,1731858.0,1968361.0,99517387.0,INDETERMINATE,False,60.88782102172852,59.9825,0.8406410217285156,1724121.0,1951304.0,100012855.0,INDETERMINATE,False,61.10670062306213,59.9878,1.0373976230621338,1723295.0,1950332.0,99966241.0,INDETERMINATE,False,61.1083981524353,59.985,1.0462851524353027,1737832.0,1975186.0,99859211.0,0.3427861185913059,5974.0,both_timeout,0.2205771307067792,13711.0,both_timeout,0.0016975293731675,14537.0,both_timeout,timeout,59,0.50951505,0.48084283,0.083246246,0,0.8957024216651917,0.4453359246253967,-0.1464081704616546,0.0340138785541057,7.032624244689941,1,0.4862761,0.86719465,,1,0.7952608466148375,0.5980716943740845,,-0.3089847564697264,0.2691229581832886,0.50951505,0.48084283,0.083246246,0,0.7644651159644127,0.7578478455543518,0.2329548150300979,-0.2549500688910484,-0.2770050168037414,-0.1497085690498352,0,new_closed_old_on,both_on,边界变化但 outcome 不显著,0.2205771307067792,0.3427861185913059,1,old_compact_proxy,,neutral,0.0,False,0.2205771307067792,-0.3427861185913059,-0.12220898788452672
400,data/test/3sat/400,3sat_153.cnf,INDETERMINATE,False,60.836695531845095,59.9915,0.8451955318450928,1674930.0,1904782.0,93547195.0,INDETERMINATE,False,60.7248707848053,59.9725,0.6721727848052979,1730712.0,1966811.0,95977592.0,INDETERMINATE,False,61.10683862306213,59.9882,1.0373976230621338,1607126.0,1829230.0,89845288.0,INDETERMINATE,False,61.1191061524353,59.9944,1.0462851524353027,1659862.0,1888099.0,92725761.0,0.2824106205902055,-15068.0,both_timeout,0.394235367630003,-70850.0,both_timeout,0.0122675293731688,52736.0,both_timeout,timeout,61,0.21529403,0.68561614,0.045144223,0,0.8782176971435547,0.477929025888443,-0.0195633880794048,0.0341481603682041,7.046647071838379,1,0.27026713,0.8312162,,1,0.7952608466148375,0.5980716943740845,,-0.5249937176704406,0.2331445217132568,0.21529403,0.68561614,0.045144223,0,0.7644651159644127,0.7578478455543518,0.2329548150300979,-0.549171082675457,-0.0722317099571228,-0.1878105923533439,0,new_closed_old_on,both_on,边界变化但 outcome 不显著,0.394235367630003,0.2824106205902055,1,old_compact_proxy,,neutral,0.0,False,0.394235367630003,-0.2824106205902055,0.1118247470397975
400,data/test/3sat/400,3sat_164.cnf,INDETERMINATE,False,60.82399553184509,59.9788,0.8451955318450928,1770182.0,2030808.0,102630591.0,INDETERMINATE,False,60.713419784805296,59.9641,0.6721727848052979,1703055.0,1951373.0,97642398.0,INDETERMINATE,False,61.08798233409119,59.9911,1.0186803340911863,1670317.0,1914633.0,95799146.0,INDETERMINATE,False,61.13427619752503,59.9948,1.0656301975250244,1759661.0,2018685.0,102025787.0,0.3102806656799401,-10521.0,both_timeout,0.4208564127197363,56606.0,both_timeout,0.0462938634338456,89344.0,both_timeout,timeout,73,0.66911244,0.50368404,0.1812567,0,0.8703666925430298,0.5066736340522766,0.1533077657222747,0.0349362157285213,7.150701522827148,1,0.6777289,0.76597315,,1,0.7952608466148375,0.5980716943740845,,-0.1175319552421568,0.1679014563560485,0.66911244,0.50368404,0.1812567,0,0.7644651159644127,0.7578478455543518,0.2329548150300979,-0.0953526720404625,-0.2541638016700744,-0.0516981184482574,0,new_closed_old_on,both_on,边界变化但 outcome 不显著,0.4208564127197363,0.3102806656799401,1,old_compact_proxy,,neutral,0.0,False,0.4208564127197363,-0.31028066567994017,0.11057574703979611
400,data/test/3sat/400,3sat_17.cnf,INDETERMINATE,False,60.83539553184509,59.9902,0.8451955318450928,1597528.0,1829934.0,89298871.0,INDETERMINATE,False,60.729505784805305,59.9802,0.6721727848052979,1574696.0,1801261.0,87850548.0,INDETERMINATE,False,61.06878533409119,59.9762,1.0186803340911863,1558365.0,1782647.0,86982177.0,INDETERMINATE,False,61.13698019752502,59.9935,1.0656301975250244,1605782.0,1839369.0,89744667.0,0.3015846656799326,8254.0,both_timeout,0.4074744127197149,31086.0,both_timeout,0.0681948634338311,47417.0,both_timeout,timeout,79,0.102120385,0.084986456,0.57012224,0,0.886289656162262,0.4396584331989288,0.0725819319486618,0.0349223725497722,6.953684329986572,1,0.19057384,0.6983399,,1,0.7952608466148375,0.5980716943740845,,-0.6046870052814483,0.1002681851387023,0.102120385,0.084986456,0.57012224,0,0.7644651159644127,0.7578478455543518,0.2329548150300979,-0.6623447313904762,-0.6728613898158073,0.337167426943779,0,new_closed_old_on,both_on,边界变化但 outcome 不显著,0.4074744127197149,0.3015846656799326,1,old_compact_proxy,,neutral,0.0,False,0.40747441271971496,-0.3015846656799326,0.10588974703978238
400,data/test/3sat/400,3sat_172.cnf,INDETERMINATE,False,60.81871999320984,59.9906,0.8281199932098389,1726288.0,1989840.0,100044173.0,INDETERMINATE,False,60.9678367117157,59.9911,0.9045627117156982,1665722.0,1910069.0,95521303.0,INDETERMINATE,False,61.07727733409119,59.9802,1.0186803340911863,1618835.0,1856735.0,92839833.0,INDETERMINATE,False,61.11293119752503,59.9759,1.0656301975250244,1675175.0,1930931.0,97171384.0,0.2942112043151894,-51113.0,both_timeout,0.1450944858093308,9453.0,both_timeout,0.0356538634338363,56340.0,both_timeout,timeout,82,0.54759336,0.45645124,0.27605158,0,0.8766056299209595,0.4953356385231018,0.05476975440979,0.0353562086820602,7.16472053527832,1,0.476877,0.9274312,,1,0.7952608466148375,0.5980716943740845,,-0.3183838427066802,0.3293595314025879,0.54759336,0.45645124,0.27605158,0,0.7644651159644127,0.7578478455543518,0.2329548150300979,-0.2168717607855796,-0.3013966083526611,0.0430967658758163,0,new_closed_old_on,both_on,边界变化但 outcome 不显著,0.1450944858093308,0.2942112043151894,1,old_compact_proxy,,neutral,0.0,False,0.14509448580933082,-0.29421120431518943,-0.14911671850585861
400,data/test/3sat/400,3sat_173.cnf,INDETERMINATE,False,60.81281999320984,59.9847,0.8281199932098389,1687625.0,1931607.0,96515543.0,INDETERMINATE,False,60.9519517117157,59.9769,0.9045627117156982,1705532.0,1951090.0,97126931.0,INDETERMINATE,False,61.09358033409119,59.9948,1.0186803340911863,1653371.0,1891784.0,94333281.0,INDETERMINATE,False,61.10291719752503,59.9682,1.0656301975250244,1690823.0,1935246.0,96699581.0,0.2900972043151881,3198.0,both_timeout,0.1509654858093299,-14709.0,both_timeout,0.0093368634338375,37452.0,both_timeout,timeout,83,0.20591417,0.63771415,0.04214745,0,0.8901464343070984,0.4514152109622955,-0.1009785234928131,0.0343383848667144,7.090909957885742,1,0.23192029,0.99845827,,1,0.7952608466148375,0.5980716943740845,,-0.5633405596017836,0.4003865718841553,0.20591417,0.63771415,0.04214745,0,0.7644651159644127,0.7578478455543518,0.2329548150300979,-0.5585509464144707,-0.1201336979866027,-0.1908073648810386,0,new_closed_old_on,both_on,边界变化但 outcome 不显著,0.1509654858093299,0.2900972043151881,1,old_compact_proxy,,neutral,0.0,False,0.1509654858093299,-0.29009720431518815,-0.13913171850585826
400,data/test/3sat/400,3sat_183.cnf,INDETERMINATE,False,60.82261999320984,59.9945,0.8281199932098389,1780115.0,2031789.0,99605341.0,INDETERMINATE,False,60.9468607117157,59.9763,0.9045627117156982,1673146.0,1914596.0,94405508.0,INDETERMINATE,False,60.3711616373291,59.9735,0.3200626373291015,1672748.0,1914161.0,94382213.0,INDETERMINATE,False,60.3602361287384,59.9903,0.2995331287384033,1782196.0,2034138.0,99725601.0,-0.4623838644714411,2081.0,both_timeout,-0.5866245829773007,109050.0,both_timeout,-0.0109255085907022,109448.0,both_timeout,timeout,94,0.39363027,0.002002626,0.8402484,0,0.8842137455940247,0.4702903628349304,0.2335304319858551,0.0354128330945968,7.025538444519043,1,0.51565695,0.7822536,,1,0.7952608466148375,0.5980716943740845,,-0.2796038985252379,0.1841819286346435,0.39363027,0.002002626,0.8402484,0,0.7644651159644127,0.7578478455543518,0.2329548150300979,-0.3708348497748375,-0.7558452195953578,0.6072935909032822,0,new_closed_old_on,both_on,边界变化但 outcome 不显著,-0.5866245829773007,-0.4623838644714411,1,old_compact_proxy,,neutral,0.0,False,-0.5866245829773007,0.4623838644714411,-0.1242407185058596
400,data/test/3sat/400,3sat_188.cnf,INDETERMINATE,False,60.80111999320984,59.973,0.8281199932098389,1827869.0,2084183.0,104202064.0,SATISFIABLE,True,26.351198711715696,25.3877,0.9045627117156982,892642.0,1020150.0,51846480.0,INDETERMINATE,False,60.35733263732911,59.9804,0.3200626373291015,1838195.0,2096034.0,104782455.0,SATISFIABLE,True,25.62994512873841,25.2786,0.2995331287384033,892642.0,1020150.0,51846480.0,-35.171174864471425,-935227.0,recovered_timeout,-0.7212535829772868,0.0,faster_both_solved,-34.727387508590695,-945553.0,recovered_timeout,timeout,99,0.26349407,0.75445163,0.01887627,0,0.8782775402069092,0.4770383238792419,0.2096367627382278,0.0336120091378688,7.182352066040039,1,0.25857916,0.923856,,1,0.7952608466148375,0.5980716943740845,,-0.5366816818714141,0.3257843255996704,0.26349407,0.75445163,0.01887627,0,0.7644651159644127,0.7578478455543518,0.2329548150300979,-0.5009710416197777,-0.0033962130546569,-0.2140785455703735,0,new_closed_old_on,both_on,新 selector 关闭旧 compact 曾开启的 adapter，退回路径反而加速,-0.7212535829772868,-35.171174864471425,1,old_compact_proxy,0,keep_closed,8.0,True,-0.7212535829772868,35.171174864471425,34.44992128149414
400,data/test/3sat/400,3sat_196.cnf,SATISFIABLE,True,25.112878266525268,24.3387,0.7741782665252686,885139.0,1017689.0,51832819.0,SATISFIABLE,True,10.317234207504272,9.25905,0.9777162075042723,339864.0,392433.0,20520894.0,SATISFIABLE,True,10.372671436340331,9.48022,0.829289436340332,339864.0,392433.0,20520894.0,SATISFIABLE,True,26.11590105828857,25.1966,0.8397550582885742,885139.0,1017689.0,51832819.0,1.0030227917633034,0.0,slower_both_solved,15.7986668507843,545275.0,slower_both_solved,15.74322962194824,545275.0,slower_both_solved,medium(10-30s),108,0.5841643,0.2481659,0.43497196,0,0.8966101408004761,0.4276759922504425,0.0365009680390358,0.0346296764910221,7.061334133148193,1,0.51083153,0.7537621,,1,0.7952608466148375,0.5980716943740845,,-0.2844293117523192,0.1556904315948486,0.5841643,0.2481659,0.43497196,0,0.7644651159644127,0.7578478455543518,0.2329548150300979,-0.1803007945418357,-0.5096819400787354,0.202017143368721,0,new_closed_old_on,both_on,新 selector 关闭旧 compact 曾开启的 adapter，退回路径慢化,15.7986668507843,1.0030227917633034,1,old_compact_proxy,1,reopen_old_adapter,8.0,True,15.798666850784299,-1.0030227917633034,14.795644059020995
400,data/test/3sat/400,3sat_197.cnf,INDETERMINATE,False,60.75387826652527,59.9797,0.7741782665252686,1744001.0,1988325.0,97647571.0,INDETERMINATE,False,61.02923620750427,59.9783,0.9777162075042723,1707714.0,1954807.0,96482701.0,INDETERMINATE,False,60.893544436340335,59.9942,0.829289436340332,1650730.0,1889004.0,93297428.0,INDETERMINATE,False,60.88698005828857,59.9781,0.8397550582885742,1739816.0,1983583.0,97415587.0,0.1331017917633019,-4185.0,both_timeout,-0.1422561492156973,32102.0,both_timeout,-0.0065643780517632,89086.0,both_timeout,timeout,109,0.2966175,0.67612684,0.044524267,0,0.8804604411125183,0.4700582325458526,0.0884696468710899,0.0343977026641368,7.070724010467529,1,0.32058752,0.7065175,,1,0.7952608466148375,0.5980716943740845,,-0.4746733307838439,0.1084458231925964,0.2966175,0.67612684,0.044524267,0,0.7644651159644127,0.7578478455543518,0.2329548150300979,-0.4678476080298424,-0.081721007823944,-0.1884305477142334,0,new_closed_old_on,both_on,边界变化但 outcome 不显著,-0.1422561492156973,0.1331017917633019,1,old_compact_proxy,,neutral,0.0,False,-0.1422561492156973,-0.13310179176330195,-0.27535794097899924
400,data/test/3sat/400,3sat_23.cnf,INDETERMINATE,False,60.75387826652527,59.9797,0.7741782665252686,1658264.0,1895267.0,91861408.0,INDETERMINATE,False,61.02402820750427,59.9799,0.9777162075042723,1659933.0,1888897.0,92584925.0,INDETERMINATE,False,60.88574243634033,59.9856,0.829289436340332,1617849.0,1840627.0,90258844.0,INDETERMINATE,False,60.89322805828857,59.9847,0.8397550582885742,1657233.0,1894104.0,91803593.0,0.1393497917633013,-1031.0,both_timeout,-0.1308001492157018,-2700.0,both_timeout,0.0074856219482413,39384.0,both_timeout,timeout,116,0.25350752,0.54423684,0.11545742,0,0.8867873549461365,0.4559938907623291,-0.0532571040093898,0.0345954447984695,7.015712261199951,1,0.31272334,0.7539687,,1,0.7952608466148375,0.5980716943740845,,-0.4825375080108641,0.1558970212936401,0.25350752,0.54423684,0.11545742,0,0.7644651159644127,0.7578478455543518,0.2329548150300979,-0.5109575912356377,-0.2136110067367553,-0.1174973919987678,0,new_closed_old_on,both_on,边界变化但 outcome 不显著,-0.1308001492157018,0.1393497917633013,1,old_compact_proxy,,neutral,0.0,False,-0.13080014921570182,-0.1393497917633013,-0.27014994097900313
400,data/test/3sat/400,3sat_37.cnf,INDETERMINATE,False,60.74140643615723,59.9677,0.7737064361572266,1773344.0,2013038.0,99318374.0,INDETERMINATE,False,60.90696996730042,59.9806,0.861562967300415,1709239.0,1956878.0,95429364.0,INDETERMINATE,False,61.07400943478394,59.9889,1.0208964347839355,1748750.0,1984794.0,97961176.0,INDETERMINATE,False,60.88275522737121,59.9768,0.8444092273712158,1756467.0,1993679.0,98392366.0,0.1413487912139857,-16877.0,both_timeout,-0.0242147399292065,47228.0,both_timeout,-0.1912542074127259,7717.0,both_timeout,timeout,131,0.434724,0.03998926,0.73883224,0,0.8687078952789307,0.5054402351379395,-0.0500213541090488,0.0353407338261604,7.071573257446289,1,0.5401156,0.75456744,,1,0.7952608466148375,0.5980716943740845,,-0.2551452517509459,0.1564957499504089,0.434724,0.03998926,0.73883224,0,0.7644651159644127,0.7578478455543518,0.2329548150300979,-0.3297411128878593,-0.7178585864603519,0.5058774203062057,0,new_closed_old_on,both_on,边界变化但 outcome 不显著,-0.0242147399292065,0.1413487912139857,1,old_compact_proxy,,neutral,0.0,False,-0.02421473992920653,-0.1413487912139857,-0.16556353114319222
400,data/test/3sat/400,3sat_46.cnf,SATISFIABLE,True,30.742546820831297,29.9352,0.8073468208312988,977212.0,1110702.0,56336677.0,SATISFIABLE,True,1.0575350529327392,0.176915,0.8037960529327393,9772.0,11592.0,590576.0,SATISFIABLE,True,30.63111130049133,30.2756,0.280137300491333,977212.0,1110702.0,56336677.0,SATISFIABLE,True,29.837088877975464,29.5962,0.1864268779754638,977212.0,1110702.0,56336677.0,-0.9054579428558328,0.0,faster_both_solved,28.77955382504273,967440.0,slower_both_solved,-0.7940224225158659,0.0,faster_both_solved,hard(>=30s),141,0.5160821,0.34863493,0.40614945,0,0.887936532497406,0.455727756023407,0.0859050154685974,0.0352374464273452,7.051855564117432,1,0.5562801,0.8464164,,1,0.7952608466148375,0.5980716943740845,,-0.2389807701110838,0.2483447194099426,0.5160821,0.34863493,0.40614945,0,0.7644651159644127,0.7578478455543518,0.2329548150300979,-0.2483830079436302,-0.4092129170894623,0.1731946319341659,0,new_closed_old_on,both_on,新 selector 关闭旧 compact 曾开启的 adapter，退回路径慢化,28.77955382504273,-0.9054579428558328,1,old_compact_proxy,1,reopen_old_adapter,8.0,True,28.779553825042726,0.9054579428558327,29.68501176789856
400,data/test/3sat/400,3sat_49.cnf,INDETERMINATE,False,60.7917468208313,59.9844,0.8073468208312988,1700396.0,1947903.0,97817936.0,INDETERMINATE,False,60.85510905293274,59.9726,0.8037960529327393,1684706.0,1931946.0,96691299.0,INDETERMINATE,False,60.31950030049133,59.9582,0.280137300491333,1668527.0,1913536.0,95794704.0,INDETERMINATE,False,60.25357387797546,59.986,0.1864268779754638,1711534.0,1960640.0,98449525.0,-0.5381729428558373,11138.0,both_timeout,-0.6015351749572773,26828.0,both_timeout,-0.0659264225158651,43007.0,both_timeout,timeout,144,0.72569597,0.266947,0.5220217,0,0.8855831623077393,0.45493084192276,-0.0470906123518943,0.0347892716526985,7.015712261199951,1,0.75316846,0.9341,,1,0.7952608466148375,0.5980716943740845,,-0.0420923829078673,0.3360282778739929,0.72569597,0.266947,0.5220217,0,0.7644651159644127,0.7578478455543518,0.2329548150300979,-0.0387691482901573,-0.490900844335556,0.2890668958425522,0,new_closed_old_on,both_on,边界变化但 outcome 不显著,-0.6015351749572773,-0.5381729428558373,1,old_compact_proxy,,neutral,0.0,False,-0.6015351749572773,0.5381729428558373,-0.06336223210143999
400,data/test/3sat/400,3sat_53.cnf,INDETERMINATE,False,60.7938468208313,59.9865,0.8073468208312988,1648629.0,1878362.0,89297854.0,INDETERMINATE,False,60.85645505293274,59.9807,0.8037960529327393,1677047.0,1909071.0,93658638.0,INDETERMINATE,False,60.32647430049133,59.9729,0.280137300491333,1708366.0,1944698.0,95410953.0,INDETERMINATE,False,60.23321787797547,59.9787,0.1864268779754638,1684767.0,1919546.0,91237747.0,-0.5606289428558284,36138.0,both_timeout,-0.6232371749572678,7720.0,both_timeout,-0.0932564225158572,-23599.0,both_timeout,timeout,149,0.7625146,0.19483684,0.40706953,0,0.871110200881958,0.504264771938324,-0.0469924546778202,0.0345514714717865,7.191429138183594,1,0.7146143,0.63148147,,1,0.7952608466148375,0.5980716943740845,,-0.0806465744972227,0.0334097743034362,0.7625146,0.19483684,0.40706953,0,0.7644651159644127,0.7578478455543518,0.2329548150300979,-0.0019505247473716,-0.5630110055208206,0.1741147190332412,0,new_closed_old_on,both_on,边界变化但 outcome 不显著,-0.6232371749572678,-0.5606289428558284,1,old_compact_proxy,,neutral,0.0,False,-0.6232371749572678,0.5606289428558284,-0.0626082321014394
400,data/test/3sat/400,3sat_66.cnf,INDETERMINATE,False,60.84118987007141,59.9942,0.8469898700714111,1681453.0,1929277.0,96635258.0,INDETERMINATE,False,61.01170925967407,59.9877,0.9535622596740724,1641027.0,1881754.0,93569435.0,INDETERMINATE,False,60.96251249681092,59.9791,0.9082314968109132,1660580.0,1905175.0,95428574.0,INDETERMINATE,False,60.82706445957947,59.9951,0.7573964595794678,1653455.0,1896975.0,95016487.0,-0.0141254104919426,-27998.0,both_timeout,-0.1846448000946026,12428.0,both_timeout,-0.1354480372314555,-7125.0,both_timeout,timeout,163,0.66274273,0.1223619,0.82994616,0,0.8813021183013916,0.4723496735095978,0.2113331258296966,0.0353846997022628,7.096721172332764,1,0.65025043,0.6970778,,1,0.7952608466148375,0.5980716943740845,,-0.1450104117393492,0.0990061163902282,0.66274273,0.1223619,0.82994616,0,0.7644651159644127,0.7578478455543518,0.2329548150300979,-0.1017223820090293,-0.6354859471321106,0.5969913452863693,0,new_closed_old_on,both_on,边界变化但 outcome 不显著,-0.1846448000946026,-0.0141254104919426,1,old_compact_proxy,,neutral,0.0,False,-0.1846448000946026,0.014125410491942603,-0.17051938960266
400,data/test/3sat/400,3sat_69.cnf,INDETERMINATE,False,60.83338987007141,59.9864,0.8469898700714111,1723349.0,1972878.0,102186631.0,INDETERMINATE,False,61.00535225967407,59.983,0.9535622596740724,1700908.0,1947502.0,99719105.0,INDETERMINATE,False,60.96907549681092,59.9844,0.9082314968109132,1708289.0,1955878.0,100127584.0,INDETERMINATE,False,60.81074045957946,59.9877,0.7573964595794678,1725264.0,1975015.0,102290906.0,-0.0226494104919439,1915.0,both_timeout,-0.1946118000946057,24356.0,both_timeout,-0.1583350372314598,16975.0,both_timeout,timeout,166,0.5142298,0.06287094,0.62389654,0,0.8948129415512085,0.4504777789115906,0.0333870388567447,0.0348332934081554,7.12205982208252,1,0.35403904,0.6936062,,1,0.7952608466148375,0.5980716943740845,,-0.4412218034267424,0.0955345034599304,0.5142298,0.06287094,0.62389654,0,0.7644651159644127,0.7578478455543518,0.2329548150300979,-0.250235341489315,-0.6949769034981728,0.3909417241811752,0,new_closed_old_on,both_on,边界变化但 outcome 不显著,-0.1946118000946057,-0.0226494104919439,1,old_compact_proxy,,neutral,0.0,False,-0.19461180009460577,0.02264941049194391,-0.17196238960266186
400,data/test/3sat/400,3sat_71.cnf,INDETERMINATE,False,60.82278987007141,59.9758,0.8469898700714111,1731760.0,1982006.0,98403423.0,INDETERMINATE,False,60.99578125967407,59.9751,0.9535622596740724,1673046.0,1916896.0,94553185.0,INDETERMINATE,False,60.96229349681091,59.9856,0.9082314968109132,1708240.0,1956997.0,96494330.0,INDETERMINATE,False,60.796634459579465,59.9657,0.7573964595794678,1743739.0,1995721.0,99078229.0,-0.0261554104919454,11979.0,both_timeout,-0.1991468000946028,70693.0,both_timeout,-0.1656590372314426,35499.0,both_timeout,timeout,169,0.29130048,0.16635823,0.63655746,0,0.8709833025932312,0.5054587125778198,0.2487034052610397,0.0354091711342334,7.0817084312438965,1,0.36784902,0.6757679,,1,0.7952608466148375,0.5980716943740845,,-0.4274118244647978,0.0776962041854858,0.29130048,0.16635823,0.63655746,0,0.7644651159644127,0.7578478455543518,0.2329548150300979,-0.4731646403670311,-0.5914896130561829,0.4036026448011398,0,new_closed_old_on,both_on,边界变化但 outcome 不显著,-0.1991468000946028,-0.0261554104919454,1,old_compact_proxy,,neutral,0.0,False,-0.19914680009460284,0.026155410491945474,-0.17299138960265736
400,data/test/3sat/400,3sat_75.cnf,INDETERMINATE,False,60.83168987007141,59.9847,0.8469898700714111,1601372.0,1832230.0,86436431.0,INDETERMINATE,False,61.01765825967407,59.9861,0.9535622596740724,1548409.0,1774226.0,83657197.0,INDETERMINATE,False,60.97095701733399,59.9881,0.9128990173339844,1645690.0,1882345.0,88701559.0,INDETERMINATE,False,60.866161000076296,59.9585,0.842170000076294,1646288.0,1883022.0,88733365.0,0.0344711300048885,44916.0,both_timeout,-0.1514972595977752,97879.0,both_timeout,-0.1047960172576907,598.0,both_timeout,timeout,173,0.29082313,0.42715368,0.3205999,0,0.8822792768478394,0.4595639109611511,-0.0274372901767492,0.0351952537894248,7.0130157470703125,1,0.38580778,0.7069916,,1,0.7952608466148375,0.5980716943740845,,-0.4094530642032622,0.1089199185371398,0.29082313,0.42715368,0.3205999,0,0.7644651159644127,0.7578478455543518,0.2329548150300979,-0.4736419841647148,-0.330694168806076,0.0876450985670089,0,new_closed_old_on,both_on,边界变化但 outcome 不显著,-0.1514972595977752,0.0344711300048885,1,old_compact_proxy,,neutral,0.0,False,-0.15149725959777527,-0.03447113000488855,-0.18596838960266382
400,data/test/3sat/400,3sat_82.cnf,SATISFIABLE,True,21.47100612487793,20.6884,0.7826061248779297,723843.0,829611.0,42069078.0,SATISFIABLE,True,36.08799429187012,35.2729,0.7399272918701172,1090841.0,1251869.0,62339209.0,SATISFIABLE,True,35.18033201733399,34.1918,0.9128990173339844,1090841.0,1251869.0,62339209.0,SATISFIABLE,True,21.747060000076296,20.8277,0.842170000076294,723843.0,829611.0,42069078.0,0.2760538751983645,0.0,slower_both_solved,-14.340934291793822,-366998.0,faster_both_solved,-13.433272017257693,-366998.0,faster_both_solved,medium(10-30s),181,0.8629124,0.07773227,0.6465654,0,0.8876908421516418,0.4502212405204773,-0.0350695624947547,0.034691959619522,7.17930793762207,1,0.7791361,0.7547348,,1,0.7952608466148375,0.5980716943740845,,-0.0161247253417967,0.1566631197929382,0.8629124,0.07773227,0.6465654,0,0.7644651159644127,0.7578478455543518,0.2329548150300979,0.0984473004937172,-0.6801155731081963,0.4136105626821518,0,new_closed_old_on,both_on,新 selector 关闭旧 compact 曾开启的 adapter，退回路径反而加速,-14.340934291793822,0.2760538751983645,1,old_compact_proxy,0,keep_closed,8.0,True,-14.340934291793822,-0.27605387519836455,-14.616988166992186
400,data/test/3sat/400,3sat_93.cnf,SATISFIABLE,True,18.83290612487793,18.0503,0.7826061248779297,621792.0,720709.0,37565651.0,SATISFIABLE,True,21.55497329187012,20.731,0.7399272918701172,677111.0,783227.0,41044151.0,SATISFIABLE,True,20.869060649215697,20.4573,0.3332736492156982,677111.0,783227.0,41044151.0,SATISFIABLE,True,18.75075362879944,18.4852,0.2060816287994384,621792.0,720709.0,37565651.0,-0.0821524960784891,0.0,tie_both_solved,-2.804219663070679,-55319.0,faster_both_solved,-2.118307020416257,-55319.0,faster_both_solved,medium(10-30s),193,0.8189043,0.768562,0.108712174,0,0.8928886651992798,0.4268660843372345,0.063036598265171,0.0353847555816173,7.128496170043945,1,0.7520005,0.6906782,,1,0.7952608466148375,0.5980716943740845,,-0.0432603359222411,0.0926064848899841,0.8189043,0.768562,0.108712174,0,0.7644651159644127,0.7578478455543518,0.2329548150300979,0.0544391646981239,0.0107141733169555,-0.1242426410317421,0,new_closed_old_on,both_on,新 selector 关闭旧 compact 曾开启的 adapter，退回路径反而加速,-2.804219663070679,-0.0821524960784891,1,old_compact_proxy,0,keep_closed,8.0,True,-2.804219663070679,0.08215249607848918,-2.72206716699219
