solver_name,repeat,file,Result,time,wall_time,external_timeout,returncode,command,stdout_head,stderr_head
march,1,/home/sunshixin/chenchao/my_rlaf/data/benchmark_3sat450_gate/3sat/450/3sat_10.cnf,SATISFIABLE,2.845761016011238,2.845761016011238,False,10,/home/sunshixin/chenchao/my_rlaf/solvers/march/march_nh /home/sunshixin/chenchao/my_rlaf/data/benchmark_3sat450_gate/3sat/450/3sat_10.cnf,"['c the DIMACS p-line indicates a CNF of 450 variables and 1917 clauses.', 'c eqProduct():: equivalence reasoning turned off.', 'c using 3-SAT heuristics (occurence based diff)']",[]
march,1,/home/sunshixin/chenchao/my_rlaf/data/benchmark_3sat450_gate/3sat/450/3sat_0.cnf,UNKNOWN,60.0,65.00239345012233,True,timeout,/home/sunshixin/chenchao/my_rlaf/solvers/march/march_nh /home/sunshixin/chenchao/my_rlaf/data/benchmark_3sat450_gate/3sat/450/3sat_0.cnf,"['c the DIMACS p-line indicates a CNF of 450 variables and 1917 clauses.', 'c eqProduct():: equivalence reasoning turned off.', 'c using 3-SAT heuristics (occurence based diff)']",[]
march,1,/home/sunshixin/chenchao/my_rlaf/data/benchmark_3sat450_gate/3sat/450/3sat_11.cnf,UNKNOWN,60.0,65.00272863311693,True,timeout,/home/sunshixin/chenchao/my_rlaf/solvers/march/march_nh /home/sunshixin/chenchao/my_rlaf/data/benchmark_3sat450_gate/3sat/450/3sat_11.cnf,"['c the DIMACS p-line indicates a CNF of 450 variables and 1917 clauses.', 'c eqProduct():: equivalence reasoning turned off.', 'c using 3-SAT heuristics (occurence based diff)']",[]
march,1,/home/sunshixin/chenchao/my_rlaf/data/benchmark_3sat450_gate/3sat/450/3sat_1.cnf,UNKNOWN,60.0,65.0055792350322,True,timeout,/home/sunshixin/chenchao/my_rlaf/solvers/march/march_nh /home/sunshixin/chenchao/my_rlaf/data/benchmark_3sat450_gate/3sat/450/3sat_1.cnf,"['c the DIMACS p-line indicates a CNF of 450 variables and 1917 clauses.', 'c eqProduct():: equivalence reasoning turned off.', 'c using 3-SAT heuristics (occurence based diff)']",[]
march,1,/home/sunshixin/chenchao/my_rlaf/data/benchmark_3sat450_gate/3sat/450/3sat_12.cnf,UNKNOWN,60.0,65.00989650096744,True,timeout,/home/sunshixin/chenchao/my_rlaf/solvers/march/march_nh /home/sunshixin/chenchao/my_rlaf/data/benchmark_3sat450_gate/3sat/450/3sat_12.cnf,"['c the DIMACS p-line indicates a CNF of 450 variables and 1917 clauses.', 'c eqProduct():: equivalence reasoning turned off.', 'c using 3-SAT heuristics (occurence based diff)']",[]
march,1,/home/sunshixin/chenchao/my_rlaf/data/benchmark_3sat450_gate/3sat/450/3sat_13.cnf,UNKNOWN,60.0,65.00205235276371,True,timeout,/home/sunshixin/chenchao/my_rlaf/solvers/march/march_nh /home/sunshixin/chenchao/my_rlaf/data/benchmark_3sat450_gate/3sat/450/3sat_13.cnf,"['c the DIMACS p-line indicates a CNF of 450 variables and 1917 clauses.', 'c eqProduct():: equivalence reasoning turned off.', 'c using 3-SAT heuristics (occurence based diff)']",[]
march,1,/home/sunshixin/chenchao/my_rlaf/data/benchmark_3sat450_gate/3sat/450/3sat_14.cnf,UNKNOWN,60.0,65.00534004997462,True,timeout,/home/sunshixin/chenchao/my_rlaf/solvers/march/march_nh /home/sunshixin/chenchao/my_rlaf/data/benchmark_3sat450_gate/3sat/450/3sat_14.cnf,"['c the DIMACS p-line indicates a CNF of 450 variables and 1917 clauses.', 'c eqProduct():: equivalence reasoning turned off.', 'c using 3-SAT heuristics (occurence based diff)']",[]
march,1,/home/sunshixin/chenchao/my_rlaf/data/benchmark_3sat450_gate/3sat/450/3sat_15.cnf,UNKNOWN,60.0,65.00507362466305,True,timeout,/home/sunshixin/chenchao/my_rlaf/solvers/march/march_nh /home/sunshixin/chenchao/my_rlaf/data/benchmark_3sat450_gate/3sat/450/3sat_15.cnf,"['c the DIMACS p-line indicates a CNF of 450 variables and 1917 clauses.', 'c eqProduct():: equivalence reasoning turned off.', 'c using 3-SAT heuristics (occurence based diff)']",[]
march,1,/home/sunshixin/chenchao/my_rlaf/data/benchmark_3sat450_gate/3sat/450/3sat_18.cnf,SATISFIABLE,0.39998603519052267,0.39998603519052267,False,10,/home/sunshixin/chenchao/my_rlaf/solvers/march/march_nh /home/sunshixin/chenchao/my_rlaf/data/benchmark_3sat450_gate/3sat/450/3sat_18.cnf,"['c the DIMACS p-line indicates a CNF of 450 variables and 1917 clauses.', 'c eqProduct():: equivalence reasoning turned off.', 'c using 3-SAT heuristics (occurence based diff)']",[]
march,1,/home/sunshixin/chenchao/my_rlaf/data/benchmark_3sat450_gate/3sat/450/3sat_16.cnf,UNKNOWN,60.0,65.00216418597847,True,timeout,/home/sunshixin/chenchao/my_rlaf/solvers/march/march_nh /home/sunshixin/chenchao/my_rlaf/data/benchmark_3sat450_gate/3sat/450/3sat_16.cnf,"['c the DIMACS p-line indicates a CNF of 450 variables and 1917 clauses.', 'c eqProduct():: equivalence reasoning turned off.', 'c using 3-SAT heuristics (occurence based diff)']",[]
march,1,/home/sunshixin/chenchao/my_rlaf/data/benchmark_3sat450_gate/3sat/450/3sat_17.cnf,UNKNOWN,60.0,65.00411583017558,True,timeout,/home/sunshixin/chenchao/my_rlaf/solvers/march/march_nh /home/sunshixin/chenchao/my_rlaf/data/benchmark_3sat450_gate/3sat/450/3sat_17.cnf,"['c the DIMACS p-line indicates a CNF of 450 variables and 1917 clauses.', 'c eqProduct():: equivalence reasoning turned off.', 'c using 3-SAT heuristics (occurence based diff)']",[]
march,1,/home/sunshixin/chenchao/my_rlaf/data/benchmark_3sat450_gate/3sat/450/3sat_19.cnf,UNKNOWN,60.0,65.01187611185014,True,timeout,/home/sunshixin/chenchao/my_rlaf/solvers/march/march_nh /home/sunshixin/chenchao/my_rlaf/data/benchmark_3sat450_gate/3sat/450/3sat_19.cnf,"['c the DIMACS p-line indicates a CNF of 450 variables and 1917 clauses.', 'c eqProduct():: equivalence reasoning turned off.', 'c using 3-SAT heuristics (occurence based diff)']",[]
march,1,/home/sunshixin/chenchao/my_rlaf/data/benchmark_3sat450_gate/3sat/450/3sat_21.cnf,SATISFIABLE,0.0737056746147573,0.0737056746147573,False,10,/home/sunshixin/chenchao/my_rlaf/solvers/march/march_nh /home/sunshixin/chenchao/my_rlaf/data/benchmark_3sat450_gate/3sat/450/3sat_21.cnf,"['c the DIMACS p-line indicates a CNF of 450 variables and 1917 clauses.', 'c eqProduct():: equivalence reasoning turned off.', 'c using 3-SAT heuristics (occurence based diff)']",[]
march,1,/home/sunshixin/chenchao/my_rlaf/data/benchmark_3sat450_gate/3sat/450/3sat_2.cnf,UNKNOWN,60.0,65.00674314098433,True,timeout,/home/sunshixin/chenchao/my_rlaf/solvers/march/march_nh /home/sunshixin/chenchao/my_rlaf/data/benchmark_3sat450_gate/3sat/450/3sat_2.cnf,"['c the DIMACS p-line indicates a CNF of 450 variables and 1917 clauses.', 'c eqProduct():: equivalence reasoning turned off.', 'c using 3-SAT heuristics (occurence based diff)']",[]
march,1,/home/sunshixin/chenchao/my_rlaf/data/benchmark_3sat450_gate/3sat/450/3sat_22.cnf,SATISFIABLE,2.146998771931976,2.146998771931976,False,10,/home/sunshixin/chenchao/my_rlaf/solvers/march/march_nh /home/sunshixin/chenchao/my_rlaf/data/benchmark_3sat450_gate/3sat/450/3sat_22.cnf,"['c the DIMACS p-line indicates a CNF of 450 variables and 1917 clauses.', 'c eqProduct():: equivalence reasoning turned off.', 'c using 3-SAT heuristics (occurence based diff)']",[]
march,1,/home/sunshixin/chenchao/my_rlaf/data/benchmark_3sat450_gate/3sat/450/3sat_20.cnf,UNKNOWN,60.0,65.00194377778098,True,timeout,/home/sunshixin/chenchao/my_rlaf/solvers/march/march_nh /home/sunshixin/chenchao/my_rlaf/data/benchmark_3sat450_gate/3sat/450/3sat_20.cnf,"['c the DIMACS p-line indicates a CNF of 450 variables and 1917 clauses.', 'c eqProduct():: equivalence reasoning turned off.', 'c using 3-SAT heuristics (occurence based diff)']",[]
march,1,/home/sunshixin/chenchao/my_rlaf/data/benchmark_3sat450_gate/3sat/450/3sat_3.cnf,SATISFIABLE,8.429496794007719,8.429496794007719,False,10,/home/sunshixin/chenchao/my_rlaf/solvers/march/march_nh /home/sunshixin/chenchao/my_rlaf/data/benchmark_3sat450_gate/3sat/450/3sat_3.cnf,"['c the DIMACS p-line indicates a CNF of 450 variables and 1917 clauses.', 'c eqProduct():: equivalence reasoning turned off.', 'c using 3-SAT heuristics (occurence based diff)']",[]
march,1,/home/sunshixin/chenchao/my_rlaf/data/benchmark_3sat450_gate/3sat/450/3sat_23.cnf,UNKNOWN,60.0,65.00119891716167,True,timeout,/home/sunshixin/chenchao/my_rlaf/solvers/march/march_nh /home/sunshixin/chenchao/my_rlaf/data/benchmark_3sat450_gate/3sat/450/3sat_23.cnf,"['c the DIMACS p-line indicates a CNF of 450 variables and 1917 clauses.', 'c eqProduct():: equivalence reasoning turned off.', 'c using 3-SAT heuristics (occurence based diff)']",[]
march,1,/home/sunshixin/chenchao/my_rlaf/data/benchmark_3sat450_gate/3sat/450/3sat_4.cnf,UNKNOWN,60.0,65.00248051714152,True,timeout,/home/sunshixin/chenchao/my_rlaf/solvers/march/march_nh /home/sunshixin/chenchao/my_rlaf/data/benchmark_3sat450_gate/3sat/450/3sat_4.cnf,"['c the DIMACS p-line indicates a CNF of 450 variables and 1917 clauses.', 'c eqProduct():: equivalence reasoning turned off.', 'c using 3-SAT heuristics (occurence based diff)']",[]
march,1,/home/sunshixin/chenchao/my_rlaf/data/benchmark_3sat450_gate/3sat/450/3sat_5.cnf,UNKNOWN,60.0,65.00216533662751,True,timeout,/home/sunshixin/chenchao/my_rlaf/solvers/march/march_nh /home/sunshixin/chenchao/my_rlaf/data/benchmark_3sat450_gate/3sat/450/3sat_5.cnf,"['c the DIMACS p-line indicates a CNF of 450 variables and 1917 clauses.', 'c eqProduct():: equivalence reasoning turned off.', 'c using 3-SAT heuristics (occurence based diff)']",[]
march,1,/home/sunshixin/chenchao/my_rlaf/data/benchmark_3sat450_gate/3sat/450/3sat_6.cnf,UNKNOWN,60.0,65.00776530662552,True,timeout,/home/sunshixin/chenchao/my_rlaf/solvers/march/march_nh /home/sunshixin/chenchao/my_rlaf/data/benchmark_3sat450_gate/3sat/450/3sat_6.cnf,"['c the DIMACS p-line indicates a CNF of 450 variables and 1917 clauses.', 'c eqProduct():: equivalence reasoning turned off.', 'c using 3-SAT heuristics (occurence based diff)']",[]
march,1,/home/sunshixin/chenchao/my_rlaf/data/benchmark_3sat450_gate/3sat/450/3sat_7.cnf,SATISFIABLE,14.86249673133716,14.86249673133716,False,10,/home/sunshixin/chenchao/my_rlaf/solvers/march/march_nh /home/sunshixin/chenchao/my_rlaf/data/benchmark_3sat450_gate/3sat/450/3sat_7.cnf,"['c the DIMACS p-line indicates a CNF of 450 variables and 1917 clauses.', 'c eqProduct():: equivalence reasoning turned off.', 'c using 3-SAT heuristics (occurence based diff)']",[]
march,1,/home/sunshixin/chenchao/my_rlaf/data/benchmark_3sat450_gate/3sat/450/3sat_8.cnf,UNKNOWN,60.0,65.0026308009401,True,timeout,/home/sunshixin/chenchao/my_rlaf/solvers/march/march_nh /home/sunshixin/chenchao/my_rlaf/data/benchmark_3sat450_gate/3sat/450/3sat_8.cnf,"['c the DIMACS p-line indicates a CNF of 450 variables and 1917 clauses.', 'c eqProduct():: equivalence reasoning turned off.', 'c using 3-SAT heuristics (occurence based diff)']",[]
march,1,/home/sunshixin/chenchao/my_rlaf/data/benchmark_3sat450_gate/3sat/450/3sat_9.cnf,UNKNOWN,60.0,65.00370981683955,True,timeout,/home/sunshixin/chenchao/my_rlaf/solvers/march/march_nh /home/sunshixin/chenchao/my_rlaf/data/benchmark_3sat450_gate/3sat/450/3sat_9.cnf,"['c the DIMACS p-line indicates a CNF of 450 variables and 1917 clauses.', 'c eqProduct():: equivalence reasoning turned off.', 'c using 3-SAT heuristics (occurence based diff)']",[]
