file_key,one_shot_solved_seeds,one_shot_solved,one_shot_time_mean,one_shot_time_std,one_shot_result_values,online_solved_seeds,online_solved,online_time_mean,online_time_std,online_result_values,old_compact_solved_seeds,old_compact_solved,old_compact_time_mean,old_compact_time_std,old_compact_result_values,local_correction_solved_seeds,local_correction_solved,local_correction_time_mean,local_correction_time_std,local_correction_result_values,pattern,pattern_label,stable_across_seeds_all_methods,old_minus_online_time_mean,local_minus_online_time_mean,local_minus_old_time_mean
3sat_0.cnf,0,False,60.28425401535034,0.010717186014039547,INDETERMINATE,0,False,60.44960028707377,0.032037751638097044,INDETERMINATE,0,False,60.38791285391236,0.02631153579263184,INDETERMINATE,0,False,60.42343984547424,0.053188554317304695,INDETERMINATE,0000,p0000,True,-0.0616874331614099,-0.02616044159952935,0.03552699156188055
3sat_1.cnf,3,True,3.051657348683675,0.12643515719792603,SATISFIABLE,3,True,3.2917032870737715,0.05100244901568485,SATISFIABLE,3,True,3.26375352057902,0.05212867911487943,SATISFIABLE,3,True,3.2754621788075764,0.033790386281693265,SATISFIABLE,1111,p1111,True,-0.02794976649475167,-0.01624110826619507,0.011708658228556601
3sat_10.cnf,0,False,60.28458734868368,0.011693913017987376,INDETERMINATE,0,False,60.44868028707378,0.018427114497288285,INDETERMINATE,0,False,60.39509718724569,0.012810007241492874,INDETERMINATE,0,False,60.40621217880758,0.04412818926910933,INDETERMINATE,0000,p0000,True,-0.05358309982808862,-0.04246810826619907,0.011114991561889553
3sat_100.cnf,3,True,0.3787433486836751,0.00822022132838099,SATISFIABLE,3,True,0.5560572870737711,0.03249378678610925,SATISFIABLE,3,True,0.49881785391235356,0.027564951417962832,SATISFIABLE,3,True,0.5082198454742431,0.04590376757507664,SATISFIABLE,1111,p1111,True,-0.05723943316141755,-0.04783744159952796,0.009401991561889589
3sat_101.cnf,0,False,60.288787348683684,0.00461350763968313,INDETERMINATE,0,False,60.4466856204071,0.02473822666916892,INDETERMINATE,0,False,60.39612152057902,0.029935666393702234,INDETERMINATE,0,False,60.41664851214091,0.0477259227008053,INDETERMINATE,0000,p0000,True,-0.050564099828079634,-0.030037108266192547,0.020526991561887087
3sat_102.cnf,0,False,60.28662068201701,0.006950712439003663,INDETERMINATE,0,False,60.456811287073776,0.02375018804715249,INDETERMINATE,0,False,60.403762853912355,0.029512797709606974,INDETERMINATE,0,False,60.41138817880758,0.05330891963549816,INDETERMINATE,0000,p0000,True,-0.053048433161421826,-0.04542310826619911,0.007625324895222718
3sat_103.cnf,0,False,60.29068734868368,0.008960880180221778,INDETERMINATE,0,False,60.46130395374044,0.019303476202422922,INDETERMINATE,0,False,60.41140618724569,0.02024414815213757,INDETERMINATE,0,False,60.42698351214091,0.04405330638793811,INDETERMINATE,0000,p0000,True,-0.04989776649475175,-0.03432044159953307,0.01557732489521868
3sat_104.cnf,0,False,60.29535401535035,0.016565196544464207,INDETERMINATE,0,False,60.46698628707377,0.0211621205625731,INDETERMINATE,0,False,60.40918652057903,0.030442430864549397,INDETERMINATE,0,False,60.41900984547425,0.06562301399358883,INDETERMINATE,0000,p0000,True,-0.05779976649474605,-0.04797644159952341,0.00982332489522264
3sat_105.cnf,0,False,60.291820682017004,0.023705858890591264,INDETERMINATE,0,False,60.45620162040711,0.037269629115962544,INDETERMINATE,0,False,60.40227318724569,0.03137804983786993,INDETERMINATE,0,False,60.4280805121409,0.06060736374945615,INDETERMINATE,0000,p0000,True,-0.05392843316141693,-0.028121108266205397,0.025807324895211536
3sat_106.cnf,0,False,60.28305401535034,0.005443493720088234,INDETERMINATE,0,False,60.4597326204071,0.030869308390150847,INDETERMINATE,0,False,60.39317585391236,0.04277462315019251,INDETERMINATE,0,False,60.42287884547424,0.03912748290931427,INDETERMINATE,0000,p0000,True,-0.06655676649474174,-0.036853774932865235,0.0297029915618765
3sat_107.cnf,0,False,60.330470517349234,0.059042960345092314,INDETERMINATE,0,False,60.39018169209289,0.02841858530959287,INDETERMINATE,0,False,60.40625553219096,0.007157390031901795,INDETERMINATE,0,False,60.41776832716878,0.026375280620229292,INDETERMINATE,0000,p0000,True,0.016073840098073333,0.027586635075891763,0.01151279497781843
3sat_108.cnf,0,False,60.34300385068258,0.061660889793809806,INDETERMINATE,0,False,60.38857802542623,0.0197846105620304,INDETERMINATE,0,False,60.39592086552429,0.009045029740237248,INDETERMINATE,0,False,60.413624660502116,0.027079073470204513,INDETERMINATE,0000,p0000,True,0.0073428400980617425,0.025046635075888446,0.017703794977826703
3sat_109.cnf,0,False,60.33633718401591,0.06906302497889157,INDETERMINATE,0,False,60.396344692092896,0.0241205963318807,INDETERMINATE,0,False,60.40019353219096,0.008588244416476692,INDETERMINATE,0,False,60.417004327168776,0.019432495286803162,INDETERMINATE,0000,p0000,True,0.003848840098065409,0.02065963507588009,0.01681079497781468
3sat_11.cnf,3,True,1.7300538506825764,0.06903270064855296,SATISFIABLE,3,True,1.8023386920928957,0.011291260380215391,SATISFIABLE,3,True,1.8321761988576253,0.024094925173993167,SATISFIABLE,3,True,1.827014660502116,0.007953732032641938,SATISFIABLE,1111,p1111,True,0.029837506764729627,0.024675968409220372,-0.005161538355509254
3sat_110.cnf,0,False,60.32933718401591,0.0621589282984555,INDETERMINATE,0,False,60.388516025426235,0.020577370957407748,INDETERMINATE,0,False,60.42716219885764,0.002202308329134251,INDETERMINATE,0,False,60.42402299383545,0.0373520361553325,INDETERMINATE,0000,p0000,True,0.03864617343140253,0.035506968409215744,-0.003139205022186786
3sat_111.cnf,0,False,60.34090385068257,0.04976402434759119,INDETERMINATE,0,False,60.39098769209289,0.03877286364345221,INDETERMINATE,0,False,60.40654353219096,0.008115850906568689,INDETERMINATE,0,False,60.42047099383546,0.025449562034873707,INDETERMINATE,0000,p0000,True,0.015555840098066653,0.02948330174256597,0.013927461644499317
3sat_112.cnf,0,False,60.33037051734925,0.05657689033960164,INDETERMINATE,0,False,60.388801358759565,0.025609510677965738,INDETERMINATE,0,False,60.408218532190965,0.011291656768157016,INDETERMINATE,0,False,60.418189660502115,0.033969838654459884,INDETERMINATE,0000,p0000,True,0.019417173431399704,0.029388301742550027,0.009971128311150323
3sat_113.cnf,0,False,60.334270517349246,0.05412987028327537,INDETERMINATE,0,False,60.392649692092895,0.021231793985402703,INDETERMINATE,0,False,60.40941519885763,0.018063897710534908,INDETERMINATE,0,False,60.42196766050211,0.03292264710648418,INDETERMINATE,0000,p0000,True,0.01676550676473454,0.029317968409216633,0.012552461644482094
3sat_114.cnf,0,False,60.33703718401591,0.06152095959597346,INDETERMINATE,0,False,60.40221169209289,0.0214207813538916,INDETERMINATE,0,False,60.39207753219096,0.007346642331381406,INDETERMINATE,0,False,60.412501327168776,0.04140952644982799,INDETERMINATE,0000,p0000,True,-0.010134159901930673,0.010289635075885428,0.0204237949778161
3sat_115.cnf,0,False,60.34620385068258,0.056759909242584,INDETERMINATE,0,False,60.38999735875956,0.028482830430622105,INDETERMINATE,0,False,60.40247853219096,0.016842532688203942,INDETERMINATE,0,False,60.39914532716878,0.024656255795328392,INDETERMINATE,0000,p0000,True,0.012481173431403647,0.009147968409223495,-0.0033332050221801524
3sat_116.cnf,0,False,60.30708381601969,0.041027739985962416,INDETERMINATE,0,False,60.391369354614255,0.021794471553829464,INDETERMINATE,0,False,60.415727459406526,0.0193744808788742,INDETERMINATE,0,False,60.407644747706094,0.018638773292193114,INDETERMINATE,0000,p0000,True,0.024358104792270296,0.016275393091838453,-0.008082711700431844
3sat_117.cnf,0,False,60.31235048268636,0.044208501883067255,INDETERMINATE,0,False,60.382946687947594,0.039520884937632596,INDETERMINATE,0,False,60.42069479273987,0.04474725266845307,INDETERMINATE,0,False,60.4007837477061,0.008279520897755684,INDETERMINATE,0000,p0000,True,0.037748104792278525,0.017837059758505802,-0.019911045033772723
3sat_118.cnf,0,False,60.295383816019694,0.03254667981586543,INDETERMINATE,0,False,60.3805326879476,0.01682700689049725,INDETERMINATE,0,False,60.40633479273987,0.05081584677297532,INDETERMINATE,0,False,60.407033747706095,0.02071504694449545,INDETERMINATE,0000,p0000,True,0.02580210479226963,0.026501059758494705,0.0006989549662250738
3sat_119.cnf,0,False,60.31735048268637,0.036951003628598766,INDETERMINATE,0,False,60.39233335461426,0.02594642997934179,INDETERMINATE,0,False,60.43150045940654,0.04535198186190604,INDETERMINATE,0,False,60.41252074770609,0.016693124150771076,INDETERMINATE,0000,p0000,True,0.039167104792284135,0.02018739309183104,-0.018979711700453095
3sat_12.cnf,0,False,60.30581714935303,0.03442135976549523,INDETERMINATE,0,False,60.38650835461426,0.026581804382407488,INDETERMINATE,0,False,60.438800459406536,0.03923266512519182,INDETERMINATE,0,False,60.39626041437276,0.014996806910610491,INDETERMINATE,0000,p0000,True,0.052292104792279304,0.009752059758504572,-0.04254004503377473
3sat_120.cnf,3,True,3.354207149353027,0.10487876574892231,SATISFIABLE,3,True,1.0769530212809244,0.013577537994100965,SATISFIABLE,3,True,1.1219761260732015,0.04259755666519539,SATISFIABLE,3,True,1.114239414372762,0.01413694477033694,SATISFIABLE,1111,p1111,True,0.04502310479227711,0.03728639309183768,-0.007736711700439436
3sat_121.cnf,3,True,1.7281071493530273,0.03586697331408664,SATISFIABLE,3,True,1.8167563546142578,0.03519018127189436,SATISFIABLE,3,True,1.8318191260732017,0.041524810717904155,SATISFIABLE,3,True,1.8379404143727622,0.016229564303499523,SATISFIABLE,1111,p1111,True,0.015062771458943969,0.02118405975850446,0.00612128829956049
3sat_122.cnf,0,False,60.304950482686365,0.043054756329522624,INDETERMINATE,0,False,60.383530021280926,0.029064118204197836,INDETERMINATE,0,False,60.4058511260732,0.046769328211930764,INDETERMINATE,0,False,60.397408747706095,0.00538637729782558,INDETERMINATE,0000,p0000,True,0.022321104792276003,0.013878726425168963,-0.00844237836710704
3sat_123.cnf,0,False,60.3068838160197,0.03622734648147308,INDETERMINATE,0,False,60.38971168794759,0.03428043632817001,INDETERMINATE,0,False,60.4341771260732,0.04292661524694565,INDETERMINATE,0,False,60.402067414372766,0.014237648655206218,INDETERMINATE,0000,p0000,True,0.04446543812561288,0.012355726425177238,-0.03210971170043564
3sat_124.cnf,3,True,0.3394604826863607,0.04159114632854159,SATISFIABLE,3,True,0.3969976879475911,0.023264227908775283,SATISFIABLE,3,True,0.4342897927398681,0.032484620120551935,SATISFIABLE,3,True,0.41244608103942876,0.014863907983367402,SATISFIABLE,1111,p1111,True,0.037292104792277014,0.015448393091837653,-0.02184371170043936
3sat_125.cnf,3,True,3.4685107801310218,0.04062625393943947,SATISFIABLE,3,True,3.524796702331543,0.02001908420679893,SATISFIABLE,3,True,3.5836226125793456,0.10824750441356279,SATISFIABLE,3,True,3.592960065002442,0.0749841147833,SATISFIABLE,1111,p1111,True,0.05882591024780259,0.06816336267089884,0.009337452423096249
3sat_126.cnf,0,False,60.29700744679769,0.024749549022299856,INDETERMINATE,0,False,60.39812270233154,0.005844311002669441,INDETERMINATE,0,False,60.378955612579354,0.02260763963189692,INDETERMINATE,0,False,60.39043939833578,0.03442749766213852,INDETERMINATE,0000,p0000,True,-0.019167089752187394,-0.007683303995762003,0.011483785756425391
3sat_127.cnf,0,False,60.30690744679769,0.02137102158810486,INDETERMINATE,0,False,60.38603770233154,0.008185818435217653,INDETERMINATE,0,False,60.39043227924602,0.022269085703743346,INDETERMINATE,0,False,60.38464439833577,0.03087618644648996,INDETERMINATE,0000,p0000,True,0.004394576914478421,-0.0013933039957692017,-0.0057878809102476225
3sat_128.cnf,3,True,34.91937411346435,0.1895550717528531,SATISFIABLE,3,True,8.55309936899821,0.13738199456435712,SATISFIABLE,3,True,8.65705094591268,0.0584454064998296,SATISFIABLE,3,True,8.684183731669108,0.017939632315919045,SATISFIABLE,1111,p1111,True,0.10395157691447032,0.13108436267089907,0.027132785756428746
3sat_129.cnf,3,True,1.1236087801310222,0.01641526079478503,SATISFIABLE,3,True,1.2127713689982096,0.005117510928913148,SATISFIABLE,3,True,1.2165036125793458,0.03383616738864328,SATISFIABLE,3,True,1.2142197316691081,0.03247768551268773,SATISFIABLE,1111,p1111,True,0.0037322435811362187,0.0014483626708985398,-0.002283880910237679
3sat_13.cnf,0,False,60.31410744679769,0.026046762805567152,INDETERMINATE,0,False,60.39630003566487,0.008366725732110374,INDETERMINATE,0,False,60.38924927924601,0.03060314680376242,INDETERMINATE,0,False,60.384322398335776,0.017724395135727346,INDETERMINATE,0000,p0000,True,-0.007050756418863102,-0.01197763732909607,-0.004926880910232967
3sat_130.cnf,3,True,4.830630780131021,0.13174518593095821,SATISFIABLE,3,True,4.83760636899821,0.0636321710905783,SATISFIABLE,3,True,4.876885612579346,0.11337428156943484,SATISFIABLE,3,True,4.9628693983357755,0.17319301413420365,SATISFIABLE,1111,p1111,True,0.039279243581136214,0.1252630293375656,0.0859837857564294
3sat_131.cnf,3,True,3.679090780131022,0.02287740860841616,SATISFIABLE,3,True,3.6520753689982093,0.012062268500865843,SATISFIABLE,3,True,3.7379602792460123,0.06549306178129206,SATISFIABLE,3,True,3.7195673983357747,0.08469123444817309,SATISFIABLE,1111,p1111,True,0.08588491024780298,0.06749202933756537,-0.018392880910237608
3sat_132.cnf,3,True,0.4205734467976887,0.028192286464709972,SATISFIABLE,3,True,0.4599003689982096,0.014887829666660073,SATISFIABLE,3,True,0.47015127924601235,0.024726890825359005,SATISFIABLE,3,True,0.47117073166910806,0.027106050196378947,SATISFIABLE,1111,p1111,True,0.01025091024780278,0.011270362670898482,0.0010194524230957014
3sat_133.cnf,0,False,60.30394078013102,0.024642478003771333,INDETERMINATE,0,False,60.39900970233155,0.005102121386827521,INDETERMINATE,0,False,60.39742361257935,0.018172546880550543,INDETERMINATE,0,False,60.40795439833577,0.019006439662478693,INDETERMINATE,0000,p0000,True,-0.0015860897521946526,0.008944696004220987,0.01053078575641564
3sat_134.cnf,0,False,60.298044548924764,0.020230848556218563,INDETERMINATE,0,False,60.384169630523694,0.011237231388981013,INDETERMINATE,0,False,60.37687598004151,0.009490404885098306,INDETERMINATE,0,False,60.39642854092407,0.01881923815149108,INDETERMINATE,0000,p0000,True,-0.0072936504821825565,0.012258910400376521,0.019552560882559078
3sat_135.cnf,0,False,60.2906778822581,0.02982360303606466,INDETERMINATE,0,False,60.39300663052368,0.005238895308435735,INDETERMINATE,0,False,60.38278964670817,0.011159154502475281,INDETERMINATE,0,False,60.390920874257404,0.030938258649126246,INDETERMINATE,0000,p0000,True,-0.010216983815510616,-0.002085756266275496,0.00813122754923512
3sat_136.cnf,0,False,60.28654454892476,0.02149999592336947,INDETERMINATE,0,False,60.389162297190346,0.012219307541078868,INDETERMINATE,0,False,60.38313364670817,0.016239144147814827,INDETERMINATE,0,False,60.38873920759074,0.01705268639966421,INDETERMINATE,0000,p0000,True,-0.006028650482178932,-0.0004230895996073514,0.005605560882571581
3sat_137.cnf,0,False,60.29344454892476,0.023407719564777288,INDETERMINATE,0,False,60.386003963857014,0.006998373348665961,INDETERMINATE,0,False,60.38181631337485,0.0016484469310556094,INDETERMINATE,0,False,60.38904887425739,0.033419721258939314,INDETERMINATE,0000,p0000,True,-0.00418765048216585,0.003044910400376466,0.007232560882542316
3sat_138.cnf,0,False,60.3032778822581,0.01902421730701473,INDETERMINATE,0,False,60.383169630523675,0.007265530376906271,INDETERMINATE,0,False,60.390394313374834,0.015127826344442848,INDETERMINATE,0,False,60.38606687425741,0.029590866308257403,INDETERMINATE,0000,p0000,True,0.007224682851159514,0.002897243733734456,-0.004327439117425058
3sat_139.cnf,0,False,60.300177882258104,0.028191163618487204,INDETERMINATE,0,False,60.387019630523675,0.014103475445446101,INDETERMINATE,0,False,60.3835329800415,0.010502205218804902,INDETERMINATE,0,False,60.39680387425741,0.028185646709341015,INDETERMINATE,0000,p0000,True,-0.003486650482173559,0.009784243733733433,0.013270894215906992
3sat_14.cnf,3,True,5.5692245489247645,0.03445526029175353,SATISFIABLE,3,True,5.584629963857015,0.024606182417489412,SATISFIABLE,3,True,5.724080980041504,0.16868220531552017,SATISFIABLE,3,True,5.835136207590739,0.09898093712156025,SATISFIABLE,1111,p1111,True,0.13945101618448863,0.25050624373372354,0.11105522754923491
3sat_140.cnf,3,True,49.64791121559143,0.3937155796832773,SATISFIABLE,3,True,5.359984297190349,0.07061196133876685,SATISFIABLE,3,True,49.178798980041506,0.5880333840010922,SATISFIABLE,3,True,5.46549120759074,0.12149987760489152,SATISFIABLE,1111,p1111,True,43.818814682851155,0.10550691040039162,-43.71330777245077
3sat_141.cnf,3,True,3.2589745489247637,0.02172199948112885,SATISFIABLE,3,True,3.3374272971903487,0.046153017807938665,SATISFIABLE,3,True,3.377927980041504,0.04731484387521758,SATISFIABLE,3,True,3.4039882075907393,0.03867175836836484,SATISFIABLE,1111,p1111,True,0.04050068285115538,0.06656091040039058,0.026060227549235204
3sat_142.cnf,3,True,2.375231215591431,0.02718173238191945,SATISFIABLE,3,True,2.479585630523682,0.05775816616981744,SATISFIABLE,3,True,2.489755313374838,0.021226771233842586,SATISFIABLE,3,True,2.4986805409240724,0.048275082921933214,SATISFIABLE,1111,p1111,True,0.010169682851155937,0.019094910400390575,0.008925227549234638
3sat_143.cnf,0,False,60.306278824615475,0.027459888680795828,INDETERMINATE,0,False,60.428241775970456,0.07758740968180607,INDETERMINATE,0,False,60.364700596364344,0.006851667965565103,INDETERMINATE,0,False,60.40826031393433,0.04093193692577225,INDETERMINATE,0000,p0000,True,-0.06354117960611205,-0.01998146203612805,0.043559717569984
3sat_144.cnf,0,False,60.30637882461548,0.019445767235466357,INDETERMINATE,0,False,60.43450577597046,0.08015383930127679,INDETERMINATE,0,False,60.348772929697674,0.012404033916464057,INDETERMINATE,0,False,60.400342313934324,0.0226966514269083,INDETERMINATE,0000,p0000,True,-0.08573284627278355,-0.034163462036133296,0.05156938423665025
3sat_145.cnf,0,False,60.30807882461548,0.023022395329539275,INDETERMINATE,0,False,60.439759442637126,0.09333290825405094,INDETERMINATE,0,False,60.36296326303101,0.009534807702677665,INDETERMINATE,0,False,60.402986980600986,0.047352154315086235,INDETERMINATE,0000,p0000,True,-0.07679617960611296,-0.03677246203614004,0.040023717569972916
3sat_146.cnf,0,False,60.298378824615476,0.03655259147064669,INDETERMINATE,0,False,60.440587775970464,0.08641033332889674,INDETERMINATE,0,False,60.358666596364344,0.008783639490091248,INDETERMINATE,0,False,60.40785831393433,0.05303822239323464,INDETERMINATE,0000,p0000,True,-0.08192117960611967,-0.032729462036137136,0.04919171756998253
3sat_147.cnf,3,True,13.459145491282145,0.09112225034061276,SATISFIABLE,3,True,13.60245877597046,0.10854628714203951,SATISFIABLE,3,True,13.608089263031005,0.11305947796706657,SATISFIABLE,3,True,13.594362647267658,0.20959132819369566,SATISFIABLE,1111,p1111,True,0.005630487060544809,-0.008096128702801408,-0.013726615763346217
3sat_148.cnf,0,False,60.296212157948816,0.03844516477432879,INDETERMINATE,0,False,60.442106775970466,0.08059765150518775,INDETERMINATE,0,False,60.339938929697674,0.021964839304595737,INDETERMINATE,0,False,60.39607031393433,0.05175335873602939,INDETERMINATE,0000,p0000,True,-0.10216784627279196,-0.04603646203613465,0.05613138423665731
3sat_149.cnf,3,True,4.138948824615478,0.043233157107422815,SATISFIABLE,3,True,4.169432775970459,0.09643268743461815,SATISFIABLE,3,True,4.213124596364339,0.033712716708137996,SATISFIABLE,3,True,4.28076564726766,0.023476061986960884,SATISFIABLE,1111,p1111,True,0.043691820393879865,0.1113328712972006,0.06764105090332073
3sat_15.cnf,0,False,60.28451215794882,0.02805485058349488,INDETERMINATE,0,False,60.45895010930379,0.0892776533521561,INDETERMINATE,0,False,60.35284426303101,0.008835299884363957,INDETERMINATE,0,False,60.40033231393432,0.05094683048954525,INDETERMINATE,0000,p0000,True,-0.10610584627278286,-0.05861779536947154,0.04748805090331132
3sat_150.cnf,3,True,0.7180564912821451,0.023535843205343493,SATISFIABLE,3,True,0.8432997759704589,0.08190550271182767,SATISFIABLE,3,True,0.7714505963643391,0.005964850244620774,SATISFIABLE,3,True,0.8217769806009928,0.033209549432502136,SATISFIABLE,1111,p1111,True,-0.0718491796061198,-0.021522795369466108,0.0503263842366537
3sat_151.cnf,0,False,60.299745491282145,0.02046857230451985,INDETERMINATE,0,False,60.44373677597046,0.0929884327172326,INDETERMINATE,0,False,60.355735263031015,0.010389737476363722,INDETERMINATE,0,False,60.411970313934326,0.052639794583229337,INDETERMINATE,0000,p0000,True,-0.08800151293944225,-0.031766462036131315,0.056235050903310935
3sat_152.cnf,0,False,60.2885935643514,0.006525066000057155,INDETERMINATE,0,False,60.39915705271403,0.00861446995206607,INDETERMINATE,0,False,60.38812424816894,0.01419163404747535,INDETERMINATE,0,False,60.38102393755086,0.017493800648940048,INDETERMINATE,0000,p0000,True,-0.011032804545088482,-0.01813311516317384,-0.007100310618085359
3sat_153.cnf,0,False,60.29346023101807,0.011875450613539418,INDETERMINATE,0,False,60.39878305271403,0.02049750264964912,INDETERMINATE,0,False,60.393066581502275,0.019033071187454582,INDETERMINATE,0,False,60.372472604217535,0.016227577170124914,INDETERMINATE,0000,p0000,True,-0.005716471211755447,-0.026310448496495553,-0.020593977284740106
3sat_154.cnf,3,True,1.7204268976847332,0.02880792776974523,SATISFIABLE,3,True,0.6237017193806965,0.014113809880697398,SATISFIABLE,3,True,1.8600185815022792,0.024050896990421036,SATISFIABLE,3,True,0.6164282708841959,0.02448572718247485,SATISFIABLE,1111,p1111,True,1.2363168621215825,-0.0072734484965005786,-1.2435903106180832
3sat_155.cnf,0,False,60.3073935643514,0.013205980558564487,INDETERMINATE,0,False,60.3856037193807,0.012663480270462003,INDETERMINATE,0,False,60.39305458150228,0.011716166774571355,INDETERMINATE,0,False,60.39620560421753,0.02670662573800676,INDETERMINATE,0000,p0000,True,0.00745086212157986,0.010601884836830777,0.0031510227152509174
3sat_156.cnf,0,False,60.293793564351404,0.009554148895424589,INDETERMINATE,0,False,60.39388105271403,0.01151291512774404,INDETERMINATE,0,False,60.38637924816894,0.032413546446789364,INDETERMINATE,0,False,60.390911270884196,0.04584789629009877,INDETERMINATE,0000,p0000,True,-0.007501804545086088,-0.002969781829833096,0.004532022715252992
3sat_157.cnf,3,True,3.2543535643514,0.05357136017757824,SATISFIABLE,3,True,33.50290871938069,0.5288663666712986,SATISFIABLE,3,True,33.94459624816895,0.13142471556045363,SATISFIABLE,3,True,34.450387937550865,0.1294877372103884,SATISFIABLE,1111,p1111,True,0.44168752878825757,0.947479218170173,0.5057916893819154
3sat_158.cnf,0,False,60.3013935643514,0.0052217400558821495,INDETERMINATE,0,False,60.39874438604736,0.01209191312711239,INDETERMINATE,0,False,60.400768581502284,0.012398415167384364,INDETERMINATE,0,False,60.39255493755087,0.023600183959468616,INDETERMINATE,0000,p0000,True,0.002024195454922051,-0.006189448496492389,-0.00821364395141444
3sat_159.cnf,0,False,60.29456023101807,0.0044207506788080594,INDETERMINATE,0,False,60.400623052714025,0.011801297295230797,INDETERMINATE,0,False,60.394666914835604,0.024894988605352147,INDETERMINATE,0,False,60.385860270884194,0.016170102723780975,INDETERMINATE,0000,p0000,True,-0.005956137878420975,-0.014762781829830374,-0.008806643951409399
3sat_16.cnf,0,False,60.29506023101806,0.006449505904958373,INDETERMINATE,0,False,60.39095571938069,0.028744940865194007,INDETERMINATE,0,False,60.391265581502275,0.02268367549431979,INDETERMINATE,0,False,60.38495993755086,0.016089083977133628,INDETERMINATE,0000,p0000,True,0.00030986212158268245,-0.005995781829831515,-0.006305643951414197
3sat_160.cnf,0,False,60.306160231018076,0.007644100243878501,INDETERMINATE,0,False,60.396399719380696,0.006313360021524188,INDETERMINATE,0,False,60.38755924816894,0.031810525696395975,INDETERMINATE,0,False,60.3848122708842,0.00953381736577549,INDETERMINATE,0000,p0000,True,-0.00884047121175513,-0.011587448496499064,-0.0027469772847439344
3sat_161.cnf,0,False,60.317221690368655,0.033509597106645764,INDETERMINATE,0,False,60.39442193288167,0.035786472945056234,INDETERMINATE,0,False,60.3919794728597,0.024882179280829336,INDETERMINATE,0,False,60.38616282889303,0.020716127365724896,INDETERMINATE,0000,p0000,True,-0.002442460021967463,-0.00825910398864238,-0.005816643966674917
3sat_162.cnf,0,False,60.313055023701985,0.03079703573125924,INDETERMINATE,0,False,60.383032599548336,0.029702013990491487,INDETERMINATE,0,False,60.3856054728597,0.02648543268552479,INDETERMINATE,0,False,60.35957882889303,0.00536384721092014,INDETERMINATE,0000,p0000,True,0.0025728733113652424,-0.023453770655308404,-0.026026643966673646
3sat_163.cnf,0,False,60.333221690368646,0.04244096972151229,INDETERMINATE,3,True,34.42751326621501,0.27644905445743584,SATISFIABLE,3,True,35.068156139526366,0.3006141256777598,SATISFIABLE,3,True,35.27130982889302,0.6005467943223114,SATISFIABLE,0111,p0111,True,0.6406428733113572,0.8437965626780084,0.20315368936665124
3sat_164.cnf,0,False,60.32135502370198,0.043502855162322676,INDETERMINATE,0,False,60.37585459954834,0.03811060055673063,INDETERMINATE,0,False,60.393777806193036,0.02637126065512621,INDETERMINATE,0,False,60.3659494955597,0.01096720539411989,INDETERMINATE,0000,p0000,True,0.01792320664469571,-0.009905103988643305,-0.027828310633339015
3sat_165.cnf,3,True,0.4920106903686523,0.03583085777977893,SATISFIABLE,3,True,0.42619126621500647,0.03823435367494707,SATISFIABLE,3,True,0.5539778061930338,0.022454704996726166,SATISFIABLE,3,True,0.4196154955596924,0.0076274079467686644,SATISFIABLE,1111,p1111,True,0.12778653997802736,-0.006575770655314062,-0.13436231063334142
3sat_166.cnf,0,False,60.326621690368654,0.03779318948819512,INDETERMINATE,0,False,60.383876932881684,0.0366082059254546,INDETERMINATE,0,False,60.39099913952637,0.02187003617740855,INDETERMINATE,0,False,60.38139316222635,0.011598546288065021,INDETERMINATE,0000,p0000,True,0.0071222066446878785,-0.002483770655331341,-0.00960597730001922
3sat_167.cnf,3,True,13.264121690368654,0.23556894004579915,SATISFIABLE,3,True,13.104997266215006,0.08022389145171177,SATISFIABLE,3,True,13.193027806193035,0.12478764318388436,SATISFIABLE,3,True,13.27350116222636,0.27314188394537847,SATISFIABLE,1111,p1111,True,0.08803053997802834,0.1685038960113534,0.08047335603332506
3sat_168.cnf,0,False,60.31672169036866,0.041386829689054244,INDETERMINATE,0,False,60.382785266215,0.039833686726478267,INDETERMINATE,0,False,60.39325413952637,0.01866120703814076,INDETERMINATE,0,False,60.37868382889303,0.017312191362180332,INDETERMINATE,0000,p0000,True,0.010468873311367588,-0.004101437321970991,-0.014570310633338579
3sat_169.cnf,0,False,60.33065502370198,0.03214229458830748,INDETERMINATE,0,False,60.37043459954833,0.04443097827803842,INDETERMINATE,0,False,60.393462806193035,0.025932929915650122,INDETERMINATE,0,False,60.370911162226356,0.0019590035658692663,INDETERMINATE,0000,p0000,True,0.023028206644703175,0.000476562678024095,-0.02255164396667908
3sat_17.cnf,0,False,60.323288357035324,0.03436909501855713,INDETERMINATE,0,False,60.387097266215015,0.046697764904361325,INDETERMINATE,0,False,60.401721139526366,0.034313905750932926,INDETERMINATE,0,False,60.36302849555969,0.019178141702557976,INDETERMINATE,0000,p0000,True,0.014623873311350621,-0.024068770655325977,-0.0386926439666766
3sat_170.cnf,0,False,60.299179863103234,0.004303826715401669,INDETERMINATE,0,False,60.389351908569346,0.06588354688892277,INDETERMINATE,0,False,60.37220956551615,0.012073308244537033,INDETERMINATE,0,False,60.40269423980205,0.02266729676608087,INDETERMINATE,0000,p0000,True,-0.01714234305319451,0.013342331232706783,0.030484674285901292
3sat_171.cnf,0,False,60.29537986310323,0.0014287990851733104,INDETERMINATE,0,False,60.38318524190267,0.05996570889135327,INDETERMINATE,0,False,60.3675998988495,0.02219545075012297,INDETERMINATE,0,False,60.39776923980204,0.027684277967368363,INDETERMINATE,0000,p0000,True,-0.015585343053174938,0.014583997899364931,0.03016934095253987
3sat_172.cnf,0,False,60.29677986310323,0.005614929470745962,INDETERMINATE,0,False,60.38320557523601,0.06453789122721845,INDETERMINATE,0,False,60.37553489884949,0.0114269012818341,INDETERMINATE,0,False,60.404518573135384,0.015787197527872675,INDETERMINATE,0000,p0000,True,-0.007670676386524633,0.02131299789937202,0.028983674285896655
3sat_173.cnf,0,False,60.272679863103235,0.009805823465503755,INDETERMINATE,0,False,60.38891790856934,0.05773006230718925,INDETERMINATE,0,False,60.36534989884948,0.0033390793331751897,INDETERMINATE,0,False,60.40367157313538,0.02517812755269282,INDETERMINATE,0000,p0000,True,-0.023568009719859617,0.014753664566036662,0.03832167428589628
3sat_174.cnf,0,False,60.2905465297699,0.007463360858902055,INDETERMINATE,0,False,60.390864908569334,0.05703960576892914,INDETERMINATE,0,False,60.372853898849485,0.00765502109790726,INDETERMINATE,0,False,60.40747557313538,0.023552220705927912,INDETERMINATE,0000,p0000,True,-0.01801100971984937,0.016610664566044875,0.034621674285894244
3sat_175.cnf,0,False,60.29181319643656,0.005314575397730838,INDETERMINATE,0,False,60.370772908569336,0.04037562240624925,INDETERMINATE,0,False,60.372799898849486,0.008935194988687544,INDETERMINATE,0,False,60.39777023980204,0.015560162352548345,INDETERMINATE,0000,p0000,True,0.002026990280150187,0.026997331232706756,0.02497034095255657
3sat_176.cnf,3,True,1.8117065297698973,0.015823050511076995,SATISFIABLE,3,True,1.8990035752360026,0.0562193661325183,SATISFIABLE,3,True,1.8881588988494873,0.02365500007492307,SATISFIABLE,3,True,1.8739895731353762,0.015960080225670744,SATISFIABLE,1111,p1111,True,-0.010844676386515317,-0.02501400210062643,-0.014169325714111114
3sat_177.cnf,0,False,60.28701319643657,0.003606522574389987,INDETERMINATE,0,False,60.37456890856934,0.05729665136061818,INDETERMINATE,0,False,60.36842656551616,0.007795253249494784,INDETERMINATE,0,False,60.41022557313537,0.0079492290641337,INDETERMINATE,0000,p0000,True,-0.0061423430531775125,0.03565666456603367,0.04179900761921118
3sat_178.cnf,0,False,60.291679863103234,0.011952628060775104,INDETERMINATE,0,False,60.38871424190267,0.05262787030692632,INDETERMINATE,0,False,60.37821423218282,0.012098571737369777,INDETERMINATE,0,False,60.411294906468704,0.016517018210163194,INDETERMINATE,0000,p0000,True,-0.010500009719848435,0.02258066456603558,0.033080674285884015
3sat_179.cnf,0,False,60.291546529769896,0.014120540022897534,INDETERMINATE,0,False,60.38600024190267,0.053308497854413946,INDETERMINATE,0,False,60.38355456551616,0.002118313863098226,INDETERMINATE,0,False,60.41037790646871,0.024095154278541232,INDETERMINATE,0000,p0000,True,-0.002445676386514606,0.02437766456603896,0.026823340952553565
3sat_18.cnf,0,False,60.280211248397826,0.007780735678125565,INDETERMINATE,0,False,60.395676605504356,0.03525941934764777,INDETERMINATE,0,False,60.43153031091308,0.06399008425247367,INDETERMINATE,0,False,60.37757800723775,0.04229840836532624,INDETERMINATE,0000,p0000,True,0.035853705408726455,-0.018098598266604426,-0.05395230367533088
3sat_180.cnf,3,True,17.005244581731162,0.22743407651558284,SATISFIABLE,3,True,16.946111605504356,0.10328353018403821,SATISFIABLE,3,True,17.136593310913085,0.28914181650350285,SATISFIABLE,3,True,17.07397167390442,0.14061181774473355,SATISFIABLE,1111,p1111,True,0.19048170540872889,0.12786006840006436,-0.06262163700866452
3sat_181.cnf,3,True,2.1833245817311604,0.03388722508490642,SATISFIABLE,3,True,2.281155605504354,0.04165947462935749,SATISFIABLE,3,True,2.3040119775797527,0.053473628801441464,SATISFIABLE,3,True,2.257087340571086,0.033255325200244115,SATISFIABLE,1111,p1111,True,0.022856372075398923,-0.02406826493326797,-0.04692463700866689
3sat_182.cnf,0,False,60.275211248397824,0.012911383296926884,INDETERMINATE,0,False,60.39294560550436,0.020694446579462494,INDETERMINATE,0,False,60.42265064424641,0.06934142105994974,INDETERMINATE,0,False,60.384516673904415,0.05378842873007336,INDETERMINATE,0000,p0000,True,0.029705038742051215,-0.008428931599944178,-0.038133970341995393
3sat_183.cnf,0,False,60.283677915064494,0.0038017072100992684,INDETERMINATE,0,False,60.39323527217102,0.01728718170687263,INDETERMINATE,0,False,60.430679310913085,0.06678558282355034,INDETERMINATE,0,False,60.370353673904425,0.041067959669491734,INDETERMINATE,0000,p0000,True,0.037444038742066255,-0.022881598266593528,-0.06032563700865978
3sat_184.cnf,0,False,60.28591124839783,0.009012978248466561,INDETERMINATE,0,False,60.39112227217101,0.024914957331639134,INDETERMINATE,0,False,60.41586697757975,0.06357238091169218,INDETERMINATE,0,False,60.39154767390442,0.057329425890230316,INDETERMINATE,0000,p0000,True,0.024744705408743073,0.00042540173340910314,-0.02431930367533397
3sat_185.cnf,0,False,60.28714458173116,0.00700705669634542,INDETERMINATE,0,False,60.39316860550435,0.013851733769243299,INDETERMINATE,0,False,60.42399764424642,0.0673558402763769,INDETERMINATE,0,False,60.36884500723775,0.035399452616292154,INDETERMINATE,0000,p0000,True,0.03082903874206977,-0.024323598266597912,-0.05515263700866768
3sat_186.cnf,0,False,60.28624458173116,0.013958771854666329,INDETERMINATE,0,False,60.39201227217102,0.02644801139241484,INDETERMINATE,0,False,60.422469644246426,0.0662492783253248,INDETERMINATE,0,False,60.374134673904415,0.04466225226984737,INDETERMINATE,0000,p0000,True,0.030457372075403555,-0.017877598266608175,-0.04833497034201173
3sat_187.cnf,0,False,60.289277915064496,0.0075671176003681544,INDETERMINATE,0,False,60.39676060550435,0.026250236723053447,INDETERMINATE,0,False,60.42347564424642,0.0621427704688618,INDETERMINATE,0,False,60.38194200723776,0.03814022629260459,INDETERMINATE,0000,p0000,True,0.026715038742075592,-0.014818598266586491,-0.04153363700866208
3sat_188.cnf,0,False,60.2807779150645,0.019826546085658567,INDETERMINATE,0,False,60.394368605504354,0.02624105547125484,INDETERMINATE,3,True,31.64044864424642,0.346706224411729,SATISFIABLE,3,True,31.987218340571086,0.3422499153100105,SATISFIABLE,0011,p0011,True,-28.753919961257935,-28.407150264933268,0.34676969632466736
3sat_189.cnf,0,False,60.301457757949834,0.023819181804422957,INDETERMINATE,3,True,17.18367935473124,0.31290344281825627,SATISFIABLE,3,True,17.37302587064616,0.1223147610262423,SATISFIABLE,3,True,17.35591796470642,0.07639054492344696,SATISFIABLE,0111,p0111,True,0.18934651591492013,0.1722386099751816,-0.017107905939738544
3sat_19.cnf,3,True,4.004447757949829,0.10712858445965988,SATISFIABLE,3,True,1.4335523547312417,0.010972070148335759,SATISFIABLE,3,True,4.022981537312826,0.023119503689175765,SATISFIABLE,3,True,1.431974298039754,0.03415557308499993,SATISFIABLE,1111,p1111,True,2.5894291825815845,-0.0015780566914875838,-2.591007239273072
3sat_190.cnf,3,True,0.35248142461649573,0.01816217913628335,SATISFIABLE,3,True,0.3751066880645752,0.023640279992701768,SATISFIABLE,3,True,0.43896587064615883,0.04393015334893806,SATISFIABLE,3,True,0.40725129803975424,0.019543006113649942,SATISFIABLE,1111,p1111,True,0.06385918258158363,0.03214460997517904,-0.03171457260640459
3sat_191.cnf,0,False,60.309991091283166,0.015601116328153709,INDETERMINATE,0,False,60.336061688064575,0.016851677838281384,INDETERMINATE,0,False,60.414775537312835,0.041209295882803525,INDETERMINATE,0,False,60.364566298039755,0.004347506617021434,INDETERMINATE,0000,p0000,True,0.07871384924825975,0.028504609975179562,-0.050209239273080186
3sat_192.cnf,0,False,60.29285775794983,0.027521687362819732,INDETERMINATE,0,False,60.33805302139791,0.02862039333772717,INDETERMINATE,0,False,60.409997537312826,0.05658738115641006,INDETERMINATE,0,False,60.38362829803975,0.012845520335089622,INDETERMINATE,0000,p0000,True,0.07194451591491458,0.045575276641841356,-0.02636923927307322
3sat_193.cnf,0,False,60.30305775794983,0.022629521920992244,INDETERMINATE,0,False,60.33828202139791,0.023706267158366445,INDETERMINATE,0,False,60.41270487064616,0.03960976156366971,INDETERMINATE,0,False,60.36790629803976,0.01934163905391175,INDETERMINATE,0000,p0000,True,0.0744228492482506,0.029624276641854408,-0.04479857260639619
3sat_194.cnf,0,False,60.30509109128317,0.03141606474480253,INDETERMINATE,0,False,60.34436702139791,0.022154592755279787,INDETERMINATE,0,False,60.401571537312826,0.04663320693729546,INDETERMINATE,0,False,60.371864631373086,0.018335256115600964,INDETERMINATE,0000,p0000,True,0.057204515914918375,0.02749760997517825,-0.029706905939740125
3sat_195.cnf,0,False,60.30605775794982,0.03151600599018369,INDETERMINATE,0,False,60.3448340213979,0.02219903652427469,INDETERMINATE,0,False,60.40746387064616,0.0412547691796709,INDETERMINATE,0,False,60.36918429803975,0.02432790353404449,INDETERMINATE,0000,p0000,True,0.06262984924826043,0.0243502766418473,-0.038279572606413126
3sat_196.cnf,3,True,31.219024424616496,0.39875856415717337,SATISFIABLE,3,True,31.30469535473124,0.5962571330056702,SATISFIABLE,3,True,12.112148870646159,0.07716850104701094,SATISFIABLE,3,True,11.82615796470642,0.21493045483507664,SATISFIABLE,1111,p1111,True,-19.19254648408508,-19.47853739002482,-0.2859909059397392
3sat_197.cnf,0,False,60.30165775794983,0.02285566214722863,INDETERMINATE,0,False,60.34853802139791,0.03395094251655596,INDETERMINATE,0,False,60.40364553731282,0.04801986524620941,INDETERMINATE,0,False,60.36797496470641,0.006295715648314208,INDETERMINATE,0000,p0000,True,0.05510751591491214,0.01943694330850576,-0.03567057260640638
3sat_198.cnf,0,False,60.33141090367635,0.0509530962252756,INDETERMINATE,0,False,60.349612230163565,0.007158797736904754,INDETERMINATE,0,False,60.40489741720581,0.0263340439064943,INDETERMINATE,0,False,60.38166672647094,0.008289622272760972,INDETERMINATE,0000,p0000,True,0.05528518704224439,0.032054496307374336,-0.023230690734870052
3sat_199.cnf,0,False,60.32441090367635,0.040525854176108794,INDETERMINATE,0,False,60.345721896830234,0.007840040531243023,INDETERMINATE,0,False,60.38638875053914,0.028819876352996814,INDETERMINATE,0,False,60.387933059804276,0.013220620851004453,INDETERMINATE,0000,p0000,True,0.0406668537089061,0.04221116297404137,0.0015443092651352686
3sat_2.cnf,0,False,60.333377570343025,0.03799645130887804,INDETERMINATE,0,False,60.34544356349691,0.019275332994099722,INDETERMINATE,0,False,60.40092608387247,0.02084341485526066,INDETERMINATE,0,False,60.38628305980428,0.04484106829975084,INDETERMINATE,0000,p0000,True,0.05548252037556267,0.04083949630737038,-0.01464302406819229
3sat_20.cnf,3,True,12.713544237009685,0.08340264966741866,SATISFIABLE,3,True,12.473660563496908,0.08809038377976555,SATISFIABLE,3,True,12.69525741720581,0.23765158683545867,SATISFIABLE,3,True,12.50511805980428,0.22512644987998756,SATISFIABLE,1111,p1111,True,0.2215968537089008,0.03145749630737171,-0.1901393574015291
3sat_21.cnf,0,False,60.32851090367635,0.03374024996847115,INDETERMINATE,0,False,60.33865023016358,0.003976102419753329,INDETERMINATE,0,False,60.398465750539145,0.038452692839005306,INDETERMINATE,0,False,60.39395572647095,0.020054726567148316,INDETERMINATE,0000,p0000,True,0.059815520375565256,0.05530549630736914,-0.004510024068196117
3sat_22.cnf,3,True,1.687030903676351,0.05265137457296513,SATISFIABLE,3,True,1.759665896830241,0.022220089173427854,SATISFIABLE,3,True,1.8208860838724774,0.05948304291448272,SATISFIABLE,3,True,1.7897973931376139,0.01834545400184538,SATISFIABLE,1111,p1111,True,0.06122018704223642,0.030131496307372885,-0.031088690734863533
3sat_23.cnf,0,False,60.33467757034302,0.03809280506826382,INDETERMINATE,0,False,60.35454289683023,0.003661846131277077,INDETERMINATE,0,False,60.40273408387248,0.01785458448881771,INDETERMINATE,0,False,60.37929705980428,0.009442891895017288,INDETERMINATE,0000,p0000,True,0.04819118704224934,0.0247541629740482,-0.02343702406820114
3sat_24.cnf,3,True,4.481920903676351,0.025977888806978624,SATISFIABLE,3,True,4.565438563496908,0.052279370760269776,SATISFIABLE,3,True,4.506363417205811,0.11784452845157212,SATISFIABLE,3,True,4.476213726470948,0.10779233339047525,SATISFIABLE,1111,p1111,True,-0.05907514629109745,-0.08922483702596029,-0.030149690734862844
3sat_25.cnf,3,True,1.5219375703430178,0.05088090961590817,SATISFIABLE,3,True,1.5331822301635742,0.021958694373238795,SATISFIABLE,3,True,1.5754950838724773,0.04241011860566953,SATISFIABLE,3,True,1.5564993931376139,0.0329138197177458,SATISFIABLE,1111,p1111,True,0.04231285370890303,0.02331716297403963,-0.018995690734863402
3sat_26.cnf,0,False,60.340444237009685,0.038375758504538546,INDETERMINATE,0,False,60.3521295634969,0.00811507908962266,INDETERMINATE,0,False,60.395928083872484,0.03731054739325347,INDETERMINATE,0,False,60.38589372647095,0.01239556332555036,INDETERMINATE,0000,p0000,True,0.04379852037558152,0.03376416297404461,-0.010034357401536909
3sat_27.cnf,3,True,0.5109652749176025,0.009725530031251296,SATISFIABLE,3,True,0.6196557338002523,0.05002702680690518,SATISFIABLE,3,True,0.5898418227030436,0.029016770813972144,SATISFIABLE,3,True,0.6118038609619142,0.03643796104203357,SATISFIABLE,1111,p1111,True,-0.029813911097208656,-0.007851872838338103,0.021962038258870553
3sat_28.cnf,0,False,60.29495327491761,0.008824049343183185,INDETERMINATE,0,False,60.41337906713358,0.04302690137565383,INDETERMINATE,0,False,60.36659715603637,0.03129944702621942,INDETERMINATE,0,False,60.411638860961915,0.04365300927699396,INDETERMINATE,0000,p0000,True,-0.04678191109721297,-0.001740206171668035,0.045041704925544934
3sat_29.cnf,0,False,60.2978532749176,0.01142713006835589,INDETERMINATE,0,False,60.41164906713359,0.04717565675122445,INDETERMINATE,0,False,60.36592782270304,0.022777993587155737,INDETERMINATE,0,False,60.40492586096192,0.0511710729346677,INDETERMINATE,0000,p0000,True,-0.04572124443054548,-0.006723206171670881,0.0389980382588746
3sat_3.cnf,0,False,60.29118660825094,0.012563732074497142,INDETERMINATE,0,False,60.40989973380025,0.045789936090605506,INDETERMINATE,0,False,60.37800748936971,0.02282167564264271,INDETERMINATE,0,False,60.39980086096191,0.04869691095711997,INDETERMINATE,0000,p0000,True,-0.03189224443054428,-0.010098872838341322,0.02179337159220296
3sat_30.cnf,0,False,60.293553274917606,0.00904122385714782,INDETERMINATE,0,False,60.40214873380025,0.04761970443968113,INDETERMINATE,0,False,60.39038915603638,0.022359887236350368,INDETERMINATE,0,False,60.40358052762858,0.024048219089490324,INDETERMINATE,0000,p0000,True,-0.011759577763875484,0.001431793828324146,0.01319137159219963
3sat_31.cnf,0,False,60.300753274917604,0.009034537557348588,INDETERMINATE,0,False,60.39557906713358,0.037459313507208665,INDETERMINATE,0,False,60.37524582270304,0.02411588288790793,INDETERMINATE,0,False,60.377819860961914,0.06198166279933212,INDETERMINATE,0000,p0000,True,-0.020333244430538855,-0.01775920617166804,0.0025740382588708144
3sat_32.cnf,0,False,60.2925532749176,0.007413712487827581,INDETERMINATE,0,False,60.40494040046692,0.047481930635258005,INDETERMINATE,0,False,60.37618548936971,0.029126807693967964,INDETERMINATE,0,False,60.38994819429524,0.047141021004502924,INDETERMINATE,0000,p0000,True,-0.0287549110972094,-0.014992206171676514,0.013762704925532887
3sat_33.cnf,0,False,60.28798660825094,0.010522377214226936,INDETERMINATE,0,False,60.399007733800254,0.05281932977505649,INDETERMINATE,0,False,60.36450215603637,0.029142895002088158,INDETERMINATE,0,False,60.393240527628585,0.03813798910084991,INDETERMINATE,0000,p0000,True,-0.034505577763880524,-0.005767206171668704,0.02873837159221182
3sat_34.cnf,0,False,60.29351994158427,0.010215101400030074,INDETERMINATE,0,False,60.39809006713359,0.03582127235705715,INDETERMINATE,0,False,60.37173615603638,0.021220307521050287,INDETERMINATE,0,False,60.41582919429524,0.04205127594601354,INDETERMINATE,0000,p0000,True,-0.026353911097210414,0.017739127161654267,0.04409303825886468
3sat_35.cnf,0,False,60.29568660825094,0.015290173881292236,INDETERMINATE,0,False,60.40228506713359,0.0485878862187695,INDETERMINATE,0,False,60.36806682270304,0.025653870510908203,INDETERMINATE,0,False,60.40492719429525,0.03914408133579385,INDETERMINATE,0000,p0000,True,-0.034218244430547884,0.0026421271616570152,0.0368603715922049
3sat_36.cnf,0,False,60.28810540517171,0.012687215820827605,INDETERMINATE,0,False,60.39843685390218,0.03253994390419275,INDETERMINATE,0,False,60.36427506005351,0.023967852962006313,INDETERMINATE,0,False,60.38705329456075,0.027047054606516033,INDETERMINATE,0000,p0000,True,-0.034161793848674904,-0.011383559341432203,0.0227782345072427
3sat_37.cnf,0,False,60.28273873850505,0.011738312599929863,INDETERMINATE,0,False,60.38003985390218,0.03854036816013118,INDETERMINATE,0,False,60.37300706005351,0.008610201779198527,INDETERMINATE,0,False,60.39451896122742,0.018522763896412265,INDETERMINATE,0000,p0000,True,-0.007032793848672725,0.014479107325236384,0.02151190117390911
3sat_38.cnf,0,False,60.29473873850504,0.024179597569988956,INDETERMINATE,0,False,60.39203252056884,0.034912785933637204,INDETERMINATE,0,False,60.367835726720166,0.0028007980397211397,INDETERMINATE,0,False,60.38149996122741,0.022243786575384426,INDETERMINATE,0000,p0000,True,-0.024196793848673792,-0.010532559341427827,0.013664234507245965
3sat_39.cnf,0,False,60.28887207183838,0.023302228345693763,INDETERMINATE,0,False,60.39250285390218,0.041975049939319456,INDETERMINATE,0,False,60.369703060053496,0.006816247790639508,INDETERMINATE,0,False,60.376409627894084,0.018483283706619648,INDETERMINATE,0000,p0000,True,-0.02279979384868369,-0.016093226008095485,0.006706567840588207
3sat_4.cnf,0,False,60.28117207183838,0.01470653725061598,INDETERMINATE,0,False,60.38901118723552,0.04577532019006393,INDETERMINATE,0,False,60.362495060053504,0.00832718662105012,INDETERMINATE,0,False,60.393045961227415,0.015882159888135204,INDETERMINATE,0000,p0000,True,-0.02651612718201335,0.0040347739918971115,0.03055090117391046
3sat_40.cnf,0,False,60.284038738505046,0.017230871629744956,INDETERMINATE,0,False,60.389168187235505,0.04420525210908897,INDETERMINATE,0,False,60.37918639338684,0.006886676671545064,INDETERMINATE,0,False,60.38616529456075,0.02213534635259874,INDETERMINATE,0000,p0000,True,-0.009981793848666598,-0.003002892674757618,0.00697890117390898
3sat_41.cnf,0,False,60.28833873850505,0.008856819304727646,INDETERMINATE,0,False,60.39942118723551,0.04702079016455411,INDETERMINATE,0,False,60.36796206005351,0.012565495323896843,INDETERMINATE,0,False,60.393885294560754,0.02286682380683997,INDETERMINATE,0000,p0000,True,-0.0314591271820035,-0.005535892674757292,0.025923234507246207
3sat_42.cnf,0,False,60.29000540517171,0.02126392132247371,INDETERMINATE,0,False,60.37848152056885,0.03722541645406987,INDETERMINATE,0,False,60.35200472672017,0.004365219090202803,INDETERMINATE,0,False,60.38234396122741,0.024669363428116542,INDETERMINATE,0000,p0000,True,-0.026476793848679847,0.003862440658565447,0.030339234507245294
3sat_43.cnf,0,False,60.29160540517171,0.013555317464131229,INDETERMINATE,0,False,60.39679818723551,0.03340289051556119,INDETERMINATE,0,False,60.369833726720174,0.012780300660847245,INDETERMINATE,0,False,60.379377294560754,0.025130693480687468,INDETERMINATE,0000,p0000,True,-0.026964460515337407,-0.01742089267475677,0.009543567840580636
3sat_44.cnf,0,False,60.29683873850505,0.013096236643301343,INDETERMINATE,0,False,60.37273652056884,0.04387231626303327,INDETERMINATE,0,False,60.38125472672018,0.008171412688234299,INDETERMINATE,0,False,60.385316294560745,0.020989269986829647,INDETERMINATE,0000,p0000,True,0.008518206151336472,0.012579773991902243,0.004061567840565772
3sat_45.cnf,0,False,60.32781450436911,0.061516777058017204,INDETERMINATE,0,False,60.37563609144084,0.01440423516591746,INDETERMINATE,0,False,60.4022718986613,0.037014568834486,INDETERMINATE,0,False,60.38082615542603,0.011528594626441332,INDETERMINATE,0000,p0000,True,0.02663580722045822,0.005190063985189397,-0.02144574323526882
3sat_46.cnf,3,True,36.742914504369104,0.6398315592729346,SATISFIABLE,3,True,37.45841042477417,0.048421822114617576,SATISFIABLE,3,True,0.6399398986612955,0.05713662821660323,SATISFIABLE,3,True,0.606965822092692,0.0057255724339491006,SATISFIABLE,1111,p1111,True,-36.818470526112876,-36.85144460268148,-0.032974076568603516
3sat_47.cnf,3,True,2.8654145043691,0.032778104320268814,SATISFIABLE,3,True,2.88135142477417,0.0644737764585671,SATISFIABLE,3,True,2.9875125653279624,0.058971225455626365,SATISFIABLE,3,True,2.8728401554260254,0.033907196230386724,SATISFIABLE,1111,p1111,True,0.10616114055379233,-0.008511269348144612,-0.11467240990193694
3sat_48.cnf,0,False,60.3296145043691,0.0606556489148495,INDETERMINATE,0,False,60.362877424774176,0.0032139480572490765,INDETERMINATE,0,False,60.39435423199463,0.05350353920523508,INDETERMINATE,0,False,60.389411155426025,0.00526581682537839,INDETERMINATE,0000,p0000,True,0.031476807220457204,0.02653373065184894,-0.004943076568608262
3sat_49.cnf,0,False,60.3245145043691,0.049768104967700816,INDETERMINATE,0,False,60.36353109144084,0.014062988953430442,INDETERMINATE,0,False,60.406535565327964,0.06211582905370409,INDETERMINATE,0,False,60.377372488759356,0.010100895442132891,INDETERMINATE,0000,p0000,True,0.04300447388712314,0.013841397318515192,-0.02916307656860795
3sat_5.cnf,0,False,60.336447837702444,0.06615040269333954,INDETERMINATE,0,False,60.36576109144084,0.02258634846656826,INDETERMINATE,0,False,60.38745756532796,0.043709925090105385,INDETERMINATE,0,False,60.372874155426025,0.011667187091493758,INDETERMINATE,0000,p0000,True,0.021696473887125478,0.007113063985187296,-0.014583409901938182
3sat_50.cnf,0,False,60.343714504369096,0.06161437781718575,INDETERMINATE,0,False,60.36927809144083,0.014625243310836814,INDETERMINATE,0,False,60.407053898661296,0.05399809748187294,INDETERMINATE,0,False,60.37882115542603,0.01681853989372329,INDETERMINATE,0000,p0000,True,0.03777580722046281,0.00954306398519833,-0.02823274323526448
3sat_51.cnf,0,False,60.3352145043691,0.056868598547746445,INDETERMINATE,0,False,60.35494209144084,0.015129249987066405,INDETERMINATE,0,False,60.401020898661294,0.06303340564815474,INDETERMINATE,0,False,60.38896482209268,0.0060313731079540325,INDETERMINATE,0000,p0000,True,0.046078807220453655,0.03402273065184147,-0.012056076568612184
3sat_52.cnf,0,False,60.3314145043691,0.06208498702818711,INDETERMINATE,0,False,60.36299142477417,0.019417172295550268,INDETERMINATE,0,False,60.4109928986613,0.05112574512393696,INDETERMINATE,0,False,60.361201488759356,0.032858878859158024,INDETERMINATE,0000,p0000,True,0.04800147388712617,-0.0017899360148163623,-0.04979140990194253
3sat_53.cnf,0,False,60.321447837702436,0.050365977923847,INDETERMINATE,0,False,60.3603957581075,0.0056529364224118675,INDETERMINATE,0,False,60.414963231994626,0.05136289990926313,INDETERMINATE,0,False,60.37375115542603,0.0036953639930947723,INDETERMINATE,0000,p0000,True,0.05456747388712557,0.013355397318527196,-0.04121207656859838
3sat_54.cnf,3,True,21.948371445337937,0.605386559859315,SATISFIABLE,3,True,22.156342116297406,0.3986577410423037,SATISFIABLE,3,True,22.165306316558837,0.1292714149314384,SATISFIABLE,3,True,22.48909580336507,0.02389894129912564,SATISFIABLE,1111,p1111,True,0.008964200261431188,0.3327536870676653,0.3237894868062341
3sat_55.cnf,0,False,60.28517144533794,0.010718866538147034,INDETERMINATE,0,False,60.371843116297406,0.014682933653616219,INDETERMINATE,0,False,60.419895316558836,0.04676943083351102,INDETERMINATE,0,False,60.345971803365074,0.024334976256969378,INDETERMINATE,0000,p0000,True,0.048052200261430755,-0.025871312932331136,-0.07392351319376189
3sat_56.cnf,0,False,60.2901381120046,0.010036061495606435,INDETERMINATE,0,False,60.36656311629741,0.004187080068331978,INDETERMINATE,0,False,60.40892664989217,0.03339043768140317,INDETERMINATE,0,False,60.35589380336506,0.02560575172860512,INDETERMINATE,0000,p0000,True,0.04236353359476652,-0.010669312932343189,-0.05303284652710971
3sat_57.cnf,0,False,60.2933381120046,0.009786052493415277,INDETERMINATE,0,False,60.36769744963075,0.014066992025940361,INDETERMINATE,0,False,60.4038059832255,0.05760576038596898,INDETERMINATE,0,False,60.359248803365084,0.024839922165140062,INDETERMINATE,0000,p0000,True,0.03610853359475641,-0.008448646265662774,-0.04455717986041918
3sat_58.cnf,0,False,60.2910381120046,0.01611959564183949,INDETERMINATE,0,False,60.37388111629741,0.012667488780661686,INDETERMINATE,0,False,60.41501431655883,0.06442818949343868,INDETERMINATE,0,False,60.36477880336506,0.02092028821223727,INDETERMINATE,0000,p0000,True,0.0411332002614202,-0.009102312932348866,-0.050235513193769066
3sat_59.cnf,0,False,60.28913811200459,0.019663588892627988,INDETERMINATE,0,False,60.371430449630736,0.024955950421118988,INDETERMINATE,0,False,60.411986649892164,0.05291579428294871,INDETERMINATE,0,False,60.363881803365075,0.013170448655729645,INDETERMINATE,0000,p0000,True,0.04055620026142748,-0.0075486462656613185,-0.048104846527088796
3sat_6.cnf,0,False,60.288271445337934,0.0068650755507817345,INDETERMINATE,0,False,60.36090311629741,0.0017499640962042886,INDETERMINATE,0,False,60.414565649892175,0.05658135008153592,INDETERMINATE,0,False,60.346742470031735,0.009289031440407757,INDETERMINATE,0000,p0000,True,0.05366253359476758,-0.014160646265672483,-0.06782317986044006
3sat_60.cnf,0,False,60.2861381120046,0.00991199500031335,INDETERMINATE,0,False,60.36320078296407,0.017325171870447575,INDETERMINATE,0,False,60.40255531655884,0.048309284520535796,INDETERMINATE,0,False,60.35823280336508,0.011870405586487344,INDETERMINATE,0000,p0000,True,0.039354533594767815,-0.004967979598994532,-0.04432251319376235
3sat_61.cnf,0,False,60.28917144533793,0.004999467549672989,INDETERMINATE,0,False,60.35736011629741,0.027103161551665398,INDETERMINATE,0,False,60.40703564989216,0.04700933724738596,INDETERMINATE,0,False,60.357692470031736,0.02334745183741201,INDETERMINATE,0000,p0000,True,0.04967553359475119,0.0003323537343291605,-0.049343179860422026
3sat_62.cnf,0,False,60.28640477867126,0.010568479290427873,INDETERMINATE,0,False,60.37097378296408,0.018801265565194646,INDETERMINATE,0,False,60.41108031655884,0.048609727937980254,INDETERMINATE,0,False,60.35263813669841,0.01866628178921528,INDETERMINATE,0000,p0000,True,0.04010653359475924,-0.01833564626566897,-0.05844217986042821
3sat_63.cnf,3,True,5.27007304918925,0.09372343015675978,SATISFIABLE,3,True,5.52556246619161,0.12890027074496885,SATISFIABLE,3,True,5.3477575908864345,0.04944283765167454,SATISFIABLE,3,True,5.619469840744018,0.05812467757160973,SATISFIABLE,1111,p1111,True,-0.17780487530517508,0.09390737455240838,0.27171224985758347
3sat_64.cnf,0,False,60.29299638252258,0.015032612782023705,INDETERMINATE,0,False,60.39033879952495,0.023144491766550614,INDETERMINATE,0,False,60.34453359088644,0.041835413579467844,INDETERMINATE,0,False,60.38928684074401,0.05987971375933071,INDETERMINATE,0000,p0000,True,-0.045805208638505235,-0.0010519587809341147,0.04475324985757112
3sat_65.cnf,3,True,0.3204327158559163,0.012505132167350783,SATISFIABLE,3,True,0.37817079952494304,0.023569063948476,SATISFIABLE,3,True,0.3336392575531006,0.03206349079669617,SATISFIABLE,3,True,0.37169884074401854,0.05382476730487733,SATISFIABLE,1111,p1111,True,-0.04453154197184245,-0.006471958780924492,0.038059583190917956
3sat_66.cnf,0,False,60.28759638252259,0.0222779672642389,INDETERMINATE,0,False,60.38293213285828,0.016831137831241506,INDETERMINATE,0,False,60.3584732575531,0.015725569802108607,INDETERMINATE,0,False,60.382887174077354,0.055243030002339134,INDETERMINATE,0000,p0000,True,-0.02445887530517865,-4.495878092569683e-05,0.024413916524252954
3sat_67.cnf,0,False,60.30402971585591,0.02072535119374673,INDETERMINATE,0,False,60.39560479952494,0.028955139660500933,INDETERMINATE,0,False,60.36591892421976,0.026861017720104383,INDETERMINATE,0,False,60.389301507410686,0.05525535339615304,INDETERMINATE,0000,p0000,True,-0.029685875305176523,-0.0063032921142536225,0.0233825831909229
3sat_68.cnf,0,False,60.29476304918925,0.020905780059669147,INDETERMINATE,0,False,60.3934164661916,0.022994103034058976,INDETERMINATE,0,False,60.3562372575531,0.026330799989971017,INDETERMINATE,0,False,60.389623840744015,0.05645321317954632,INDETERMINATE,0000,p0000,True,-0.037179208638505656,-0.0037926254475877386,0.03338658319091792
3sat_69.cnf,0,False,60.29229638252258,0.016800126599249558,INDETERMINATE,0,False,60.382889799524946,0.02195837763825139,INDETERMINATE,0,False,60.3582122575531,0.03427771992444884,INDETERMINATE,0,False,60.39742117407735,0.06963393939503526,INDETERMINATE,0000,p0000,True,-0.02467754197184746,0.014531374552404941,0.0392089165242524
3sat_7.cnf,0,False,60.29936304918925,0.01040590999944663,INDETERMINATE,0,False,60.37735113285827,0.018127835106416964,INDETERMINATE,0,False,60.33220192421977,0.02628507686708607,INDETERMINATE,0,False,60.38620917407735,0.06071705133389743,INDETERMINATE,0000,p0000,True,-0.04514920863850591,0.008858041219077961,0.05400724985758387
3sat_70.cnf,3,True,0.3566977158559163,0.017945447878963676,SATISFIABLE,3,True,0.45802913285827634,0.03041974119510446,SATISFIABLE,3,True,0.4236115908864339,0.027415332071394256,SATISFIABLE,3,True,0.4599461740773519,0.06901076316267453,SATISFIABLE,1111,p1111,True,-0.034417541971842436,0.0019170412190755437,0.03633458319091798
3sat_71.cnf,0,False,60.29292971585591,0.0015009064764423484,INDETERMINATE,0,False,60.39459813285828,0.02031337975174304,INDETERMINATE,0,False,60.346329924219766,0.01844586066144286,INDETERMINATE,0,False,60.38862050741068,0.04880683702415268,INDETERMINATE,0000,p0000,True,-0.04826820863851111,-0.005977625447599166,0.042290583190911946
3sat_72.cnf,0,False,60.326576619084676,0.053617788061107445,INDETERMINATE,0,False,60.38576863835144,0.05154001371402935,INDETERMINATE,0,False,60.37204283447266,0.012989950636011502,INDETERMINATE,0,False,60.35938661184184,0.030716148614155395,INDETERMINATE,0000,p0000,True,-0.013725803878784859,-0.02638202650960153,-0.012656222630816671
3sat_73.cnf,0,False,60.32357661908468,0.05510049406903926,INDETERMINATE,0,False,60.3996633050181,0.05102159397554583,INDETERMINATE,0,False,60.36846716780599,0.021771901002081297,INDETERMINATE,0,False,60.3612952785085,0.02917052181968907,INDETERMINATE,0000,p0000,True,-0.03119613721211323,-0.038368026509601805,-0.007171889297488576
3sat_74.cnf,0,False,60.32694328575135,0.03808438909217525,INDETERMINATE,0,False,60.39912097168477,0.04739478726109657,INDETERMINATE,0,False,60.36977350113932,0.019572377125244324,INDETERMINATE,0,False,60.364359945175174,0.02581502033738605,INDETERMINATE,0000,p0000,True,-0.029347470545452836,-0.034761026509599446,-0.00541355596414661
3sat_75.cnf,0,False,60.32484328575134,0.03629866693890011,INDETERMINATE,0,False,60.39734263835144,0.054376314617211666,INDETERMINATE,0,False,60.366926501139325,0.017023918978060857,INDETERMINATE,0,False,60.350375945175166,0.023650265283665504,INDETERMINATE,0000,p0000,True,-0.030416137212114336,-0.04696669317627311,-0.016550555964158775
3sat_76.cnf,0,False,60.333243285751344,0.050856109862764946,INDETERMINATE,0,False,60.403222638351444,0.05945363580320347,INDETERMINATE,0,False,60.38017316780599,0.025390108738667545,INDETERMINATE,0,False,60.37007927850851,0.016685116184508676,INDETERMINATE,0000,p0000,True,-0.02304947054545181,-0.033143359842931375,-0.010093889297479564
3sat_77.cnf,0,False,60.32204328575134,0.04110777861445096,INDETERMINATE,0,False,60.38804763835143,0.03830950893321367,INDETERMINATE,0,False,60.37566983447266,0.02357038531932207,INDETERMINATE,0,False,60.35644894517517,0.03131884791749596,INDETERMINATE,0000,p0000,True,-0.012377803878770521,-0.03159869317626374,-0.019220889297493216
3sat_78.cnf,0,False,60.320576619084676,0.035725475090995336,INDETERMINATE,0,False,60.391132971684776,0.05638300906022948,INDETERMINATE,0,False,60.373249167805994,0.014630159666003282,INDETERMINATE,0,False,60.36084294517517,0.025551510139982293,INDETERMINATE,0000,p0000,True,-0.017883803878781634,-0.030290026509604218,-0.012406222630822583
3sat_79.cnf,0,False,60.325609952418006,0.05286789465752712,INDETERMINATE,0,False,60.40022263835144,0.044699395831176686,INDETERMINATE,0,False,60.36455916780599,0.012817951145673745,INDETERMINATE,0,False,60.37148427850851,0.0236679241778604,INDETERMINATE,0000,p0000,True,-0.03566347054544394,-0.02873835984292583,0.006925110702518111
3sat_8.cnf,0,False,60.33117661908468,0.045255348345144164,INDETERMINATE,0,False,60.38611330501811,0.05414646371327354,INDETERMINATE,0,False,60.37651716780599,0.02186470637589845,INDETERMINATE,0,False,60.35369694517518,0.02677117100585323,INDETERMINATE,0000,p0000,True,-0.009596137212113831,-0.03241635984292657,-0.022820222630812736
3sat_80.cnf,0,False,60.315109952418005,0.05006741329737463,INDETERMINATE,0,False,60.387557638351446,0.06371978254026554,INDETERMINATE,0,False,60.37356283447266,0.024049168941919337,INDETERMINATE,0,False,60.359793278508505,0.027651481672326415,INDETERMINATE,0000,p0000,True,-0.01399480387878782,-0.027764359842940678,-0.013769555964152858
3sat_81.cnf,0,False,60.279163913345336,0.015750890099024216,INDETERMINATE,0,False,60.41927710453796,0.04511572778118493,INDETERMINATE,0,False,60.374977034281414,0.021935885529635536,INDETERMINATE,0,False,60.3594474421285,0.01547216224053757,INDETERMINATE,0000,p0000,True,-0.04430007025654703,-0.05982966240946297,-0.015529592152915939
3sat_82.cnf,3,True,25.72486391334534,0.5915334583977642,SATISFIABLE,3,True,25.675584437871297,0.19265507273947866,SATISFIABLE,3,True,44.13978103428141,0.19033493936574056,SATISFIABLE,3,True,25.8242394421285,0.10454636753078358,SATISFIABLE,1111,p1111,True,18.464196596410115,0.14865500425720413,-18.31554159215291
3sat_83.cnf,0,False,60.29213058001201,0.010713814844948794,INDETERMINATE,0,False,60.41749810453796,0.026704249683993674,INDETERMINATE,0,False,60.37841103428141,0.028783828906771725,INDETERMINATE,0,False,60.369529775461835,0.015166492934007207,INDETERMINATE,0000,p0000,True,-0.03908707025654934,-0.04796832907612725,-0.008881258819577909
3sat_84.cnf,0,False,60.283863913345336,0.016852675726265497,INDETERMINATE,0,False,60.41319343787129,0.03909549025431843,INDETERMINATE,0,False,60.37387270094808,0.015804482373536623,INDETERMINATE,0,False,60.363003775461834,0.018828726561365,INDETERMINATE,0000,p0000,True,-0.039320736923215804,-0.050189662409458435,-0.010868925486242631
3sat_85.cnf,0,False,60.29806391334534,0.01746485381039161,INDETERMINATE,3,True,1.2268784378712974,0.020879396280274007,SATISFIABLE,3,True,1.2017660342814127,0.015438518427117994,SATISFIABLE,3,True,1.1849791087951662,0.01354152636793381,SATISFIABLE,0111,p0111,True,-0.025112403589884646,-0.04189932907613114,-0.016786925486246496
3sat_86.cnf,3,True,3.5186939133453365,0.053927264399547946,SATISFIABLE,3,True,4.224536437871297,0.08420666258405779,SATISFIABLE,3,True,3.6322400342814127,0.012186213107165889,SATISFIABLE,3,True,4.156111108795166,0.057565003603668514,SATISFIABLE,1111,p1111,True,-0.5922964035898843,-0.06842532907613119,0.5238710745137531
3sat_87.cnf,0,False,60.29619724667867,0.018302050092611127,INDETERMINATE,0,False,60.40799343787129,0.033417786180199485,INDETERMINATE,0,False,60.37733236761475,0.01566871230887687,INDETERMINATE,0,False,60.3664024421285,0.027266156107437333,INDETERMINATE,0000,p0000,True,-0.03066107025654219,-0.04159099574278713,-0.01092992548624494
3sat_88.cnf,3,True,0.5570845800120036,0.019128277144207957,SATISFIABLE,3,True,0.6750524378712973,0.043108702265152454,SATISFIABLE,3,True,0.6428777009480794,0.013216188301344944,SATISFIABLE,3,True,0.6265794421284993,0.02211625114248071,SATISFIABLE,1111,p1111,True,-0.03217473692321793,-0.048472995742798064,-0.016298258819580136
3sat_89.cnf,0,False,60.280463913345336,0.018879965314662083,INDETERMINATE,3,True,0.6107624378712972,0.0355729353698791,SATISFIABLE,3,True,0.5842670342814127,0.02072285589763319,SATISFIABLE,3,True,0.564585108795166,0.016765506457715105,SATISFIABLE,0111,p0111,True,-0.02649540358988456,-0.04617732907613126,-0.0196819254862467
3sat_9.cnf,0,False,60.28583058001201,0.014785676594450457,INDETERMINATE,0,False,60.41172177120463,0.030157581380075203,INDETERMINATE,0,False,60.38613703428141,0.026516781084575308,INDETERMINATE,0,False,60.374345442128494,0.011437535980407965,INDETERMINATE,0000,p0000,True,-0.025584736923221385,-0.03737632907613886,-0.011791592152917474
3sat_90.cnf,0,False,60.29137376556397,0.022552746757464624,INDETERMINATE,0,False,60.39803322392273,0.012101318708828702,INDETERMINATE,0,False,60.38971212416586,0.0277054774877106,INDETERMINATE,0,False,60.33837897110494,0.024324431341729184,INDETERMINATE,0000,p0000,True,-0.008321099756869899,-0.05965425281779346,-0.051333153060923564
3sat_91.cnf,3,True,0.5476434322306315,0.01293175480603574,SATISFIABLE,3,True,0.4142482239227295,0.018484349330569153,SATISFIABLE,3,True,0.6487047908325195,0.02157961057800346,SATISFIABLE,3,True,0.36515463777160645,0.017375227115981415,SATISFIABLE,1111,p1111,True,0.23445656690979005,-0.049093586151123025,-0.2835501530609131
3sat_92.cnf,3,True,9.0860070988973,0.045626636900972746,SATISFIABLE,3,True,3.94407622392273,0.10918313968175718,SATISFIABLE,3,True,9.111416457499187,0.02331013053429987,SATISFIABLE,3,True,3.8977623044382734,0.10642202670519985,SATISFIABLE,1111,p1111,True,5.167340233576457,-0.04631391948445662,-5.213654153060913
3sat_93.cnf,3,True,22.920073765563966,0.6152446951609168,SATISFIABLE,3,True,23.344260557256064,0.22782263191052557,SATISFIABLE,3,True,25.88342079083252,0.4450208661065436,SATISFIABLE,3,True,23.38553063777161,0.03797674401332654,SATISFIABLE,1111,p1111,True,2.5391602335764567,0.04127008051554526,-2.4978901530609114
3sat_94.cnf,3,True,2.0376670988972982,0.031154188762302793,SATISFIABLE,3,True,2.1131295572560624,0.04527489346324857,SATISFIABLE,3,True,2.125403457499186,0.0361376216518595,SATISFIABLE,3,True,2.117638637771606,0.028542958701805343,SATISFIABLE,1111,p1111,True,0.012273900243123581,0.004509080515543662,-0.007764819727579919
3sat_95.cnf,0,False,60.290607098897304,0.016207577211275945,INDETERMINATE,0,False,60.368251557256066,0.01895191208956775,INDETERMINATE,0,False,60.39425079083251,0.029403266020059958,INDETERMINATE,0,False,60.33921397110495,0.024427352704442018,INDETERMINATE,0000,p0000,True,0.025999233576442293,-0.0290375861511194,-0.05503681972756169
3sat_96.cnf,3,True,0.5279067655639649,0.018048587426103765,SATISFIABLE,3,True,0.4570078905893961,0.02284668332704709,SATISFIABLE,3,True,0.4835864574991862,0.024385104002891258,SATISFIABLE,3,True,0.43342663777160645,0.016963625774284813,SATISFIABLE,1111,p1111,True,0.026578566909790102,-0.023581252817789666,-0.05015981972757977
3sat_97.cnf,0,False,60.28084043223063,0.008619797706671841,INDETERMINATE,3,True,14.692229223922729,0.05930389340188987,SATISFIABLE,3,True,14.767674457499185,0.07928587353872546,SATISFIABLE,3,True,14.686119304438273,0.1566840506629607,SATISFIABLE,0111,p0111,True,0.07544523357645616,-0.006109919484455162,-0.08155515306091132
3sat_98.cnf,0,False,60.29837376556397,0.023939247968066815,INDETERMINATE,0,False,60.38671322392273,0.018206996070459,INDETERMINATE,0,False,60.40042079083253,0.024603899037864817,INDETERMINATE,0,False,60.337084971104936,0.026861132187110965,INDETERMINATE,0000,p0000,True,0.013707566909793911,-0.04962825281779715,-0.06333581972759106
3sat_99.cnf,0,False,60.289507098897296,0.024537595008571538,INDETERMINATE,0,False,60.3899208905894,0.008257774548619451,INDETERMINATE,0,False,60.40549045749919,0.020688059322645204,INDETERMINATE,0,False,60.34044997110494,0.016595419823885193,INDETERMINATE,0000,p0000,True,0.0155695669097895,-0.04947091948446314,-0.06504048639425264
